ISO-10303-21;
HEADER;
FILE_DESCRIPTION(('KiCad electronic assembly'),'2;1');
FILE_NAME('MagnetronSensorArm.step','2026-06-10T02:02:14',('Pcbnew'),(
    'Kicad'),'Open CASCADE STEP processor 7.8','KiCad to STEP converter'
  ,'Unknown');
FILE_SCHEMA(('AUTOMOTIVE_DESIGN { 1 0 10303 214 1 1 1 1 }'));
ENDSEC;
DATA;
#1 = APPLICATION_PROTOCOL_DEFINITION('international standard',
  'automotive_design',2000,#2);
#2 = APPLICATION_CONTEXT(
  'core data for automotive mechanical design processes');
#3 = SHAPE_DEFINITION_REPRESENTATION(#4,#10);
#4 = PRODUCT_DEFINITION_SHAPE('','',#5);
#5 = PRODUCT_DEFINITION('design','',#6,#9);
#6 = PRODUCT_DEFINITION_FORMATION('','',#7);
#7 = PRODUCT('MagnetronSensorArm 1','MagnetronSensorArm 1','',(#8));
#8 = PRODUCT_CONTEXT('',#2,'mechanical');
#9 = PRODUCT_DEFINITION_CONTEXT('part definition',#2,'design');
#10 = SHAPE_REPRESENTATION('',(#11,#15,#19,#23,#27,#31,#35,#39,#43,#47,
    #51,#55,#59,#63,#67,#71,#75,#79,#83,#87,#91,#95,#99,#103,#107,#111,
    #115,#119,#123,#127,#131,#135,#139,#143,#147),#151);
#11 = AXIS2_PLACEMENT_3D('',#12,#13,#14);
#12 = CARTESIAN_POINT('',(0.,0.,0.));
#13 = DIRECTION('',(0.,0.,1.));
#14 = DIRECTION('',(1.,0.,-0.));
#15 = AXIS2_PLACEMENT_3D('',#16,#17,#18);
#16 = CARTESIAN_POINT('',(122.17,-105.34,1.523));
#17 = DIRECTION('',(0.,-0.,1.));
#18 = DIRECTION('',(1.110223024625E-16,1.,0.));
#19 = AXIS2_PLACEMENT_3D('',#20,#21,#22);
#20 = CARTESIAN_POINT('',(133.57,-105.34,1.523));
#21 = DIRECTION('',(0.,-0.,1.));
#22 = DIRECTION('',(1.110223024625E-16,1.,0.));
#23 = AXIS2_PLACEMENT_3D('',#24,#25,#26);
#24 = CARTESIAN_POINT('',(99.37,-105.34,1.523));
#25 = DIRECTION('',(0.,-0.,1.));
#26 = DIRECTION('',(1.110223024625E-16,1.,0.));
#27 = AXIS2_PLACEMENT_3D('',#28,#29,#30);
#28 = CARTESIAN_POINT('',(144.97,-105.34,1.523));
#29 = DIRECTION('',(0.,-0.,1.));
#30 = DIRECTION('',(1.110223024625E-16,1.,0.));
#31 = AXIS2_PLACEMENT_3D('',#32,#33,#34);
#32 = CARTESIAN_POINT('',(156.37,-105.34,1.523));
#33 = DIRECTION('',(0.,-0.,1.));
#34 = DIRECTION('',(1.110223024625E-16,1.,0.));
#35 = AXIS2_PLACEMENT_3D('',#36,#37,#38);
#36 = CARTESIAN_POINT('',(167.77,-105.34,1.523));
#37 = DIRECTION('',(0.,-0.,1.));
#38 = DIRECTION('',(1.110223024625E-16,1.,0.));
#39 = AXIS2_PLACEMENT_3D('',#40,#41,#42);
#40 = CARTESIAN_POINT('',(110.77,-105.34,1.523));
#41 = DIRECTION('',(0.,-0.,1.));
#42 = DIRECTION('',(1.110223024625E-16,1.,0.));
#43 = AXIS2_PLACEMENT_3D('',#44,#45,#46);
#44 = CARTESIAN_POINT('',(88.06,-105.34,1.523));
#45 = DIRECTION('',(0.,-0.,1.));
#46 = DIRECTION('',(1.110223024625E-16,1.,0.));
#47 = AXIS2_PLACEMENT_3D('',#48,#49,#50);
#48 = CARTESIAN_POINT('',(205.408,-101.3555,1.523));
#49 = DIRECTION('',(-0.,0.,1.));
#50 = DIRECTION('',(1.110223024625E-16,-1.,0.));
#51 = AXIS2_PLACEMENT_3D('',#52,#53,#54);
#52 = CARTESIAN_POINT('',(137.17,-105.44,-9.32E-02));
#53 = DIRECTION('',(1.224646799147E-16,-1.359631073447E-32,-1.));
#54 = DIRECTION('',(1.110223024625E-16,1.,0.));
#55 = AXIS2_PLACEMENT_3D('',#56,#57,#58);
#56 = CARTESIAN_POINT('',(171.37,-105.44,-9.32E-02));
#57 = DIRECTION('',(1.224646799147E-16,-1.359631073447E-32,-1.));
#58 = DIRECTION('',(1.110223024625E-16,1.,0.));
#59 = AXIS2_PLACEMENT_3D('',#60,#61,#62);
#60 = CARTESIAN_POINT('',(116.97,-105.44,-9.32E-02));
#61 = DIRECTION('',(1.224646799147E-16,-1.359631073447E-32,-1.));
#62 = DIRECTION('',(1.110223024625E-16,1.,0.));
#63 = AXIS2_PLACEMENT_3D('',#64,#65,#66);
#64 = CARTESIAN_POINT('',(162.57,-105.44,-9.32E-02));
#65 = DIRECTION('',(1.224646799147E-16,-1.359631073447E-32,-1.));
#66 = DIRECTION('',(1.110223024625E-16,1.,0.));
#67 = AXIS2_PLACEMENT_3D('',#68,#69,#70);
#68 = CARTESIAN_POINT('',(139.77,-105.44,-9.32E-02));
#69 = DIRECTION('',(1.224646799147E-16,-1.359631073447E-32,-1.));
#70 = DIRECTION('',(1.110223024625E-16,1.,0.));
#71 = AXIS2_PLACEMENT_3D('',#72,#73,#74);
#72 = CARTESIAN_POINT('',(128.37,-105.44,-9.32E-02));
#73 = DIRECTION('',(1.224646799147E-16,-1.359631073447E-32,-1.));
#74 = DIRECTION('',(1.110223024625E-16,1.,0.));
#75 = AXIS2_PLACEMENT_3D('',#76,#77,#78);
#76 = CARTESIAN_POINT('',(105.57,-105.44,-9.32E-02));
#77 = DIRECTION('',(1.224646799147E-16,-1.359631073447E-32,-1.));
#78 = DIRECTION('',(1.110223024625E-16,1.,0.));
#79 = AXIS2_PLACEMENT_3D('',#80,#81,#82);
#80 = CARTESIAN_POINT('',(166.825,-105.41,-9.32E-02));
#81 = DIRECTION('',(1.224646799147E-16,-1.359631073447E-32,-1.));
#82 = DIRECTION('',(1.110223024625E-16,1.,0.));
#83 = AXIS2_PLACEMENT_3D('',#84,#85,#86);
#84 = CARTESIAN_POINT('',(109.825,-105.41,-9.32E-02));
#85 = DIRECTION('',(1.224646799147E-16,-1.359631073447E-32,-1.));
#86 = DIRECTION('',(1.110223024625E-16,1.,0.));
#87 = AXIS2_PLACEMENT_3D('',#88,#89,#90);
#88 = CARTESIAN_POINT('',(125.77,-105.44,-9.32E-02));
#89 = DIRECTION('',(1.224646799147E-16,-1.359631073447E-32,-1.));
#90 = DIRECTION('',(1.110223024625E-16,1.,0.));
#91 = AXIS2_PLACEMENT_3D('',#92,#93,#94);
#92 = CARTESIAN_POINT('',(98.425,-105.41,-9.32E-02));
#93 = DIRECTION('',(1.224646799147E-16,-1.359631073447E-32,-1.));
#94 = DIRECTION('',(1.110223024625E-16,1.,0.));
#95 = AXIS2_PLACEMENT_3D('',#96,#97,#98);
#96 = CARTESIAN_POINT('',(87.115,-105.41,-9.32E-02));
#97 = DIRECTION('',(1.224646799147E-16,-1.359631073447E-32,-1.));
#98 = DIRECTION('',(1.110223024625E-16,1.,0.));
#99 = AXIS2_PLACEMENT_3D('',#100,#101,#102);
#100 = CARTESIAN_POINT('',(91.66,-105.44,-9.32E-02));
#101 = DIRECTION('',(1.224646799147E-16,-1.359631073447E-32,-1.));
#102 = DIRECTION('',(1.110223024625E-16,1.,0.));
#103 = AXIS2_PLACEMENT_3D('',#104,#105,#106);
#104 = CARTESIAN_POINT('',(173.97,-105.44,-9.32E-02));
#105 = DIRECTION('',(1.224646799147E-16,-1.359631073447E-32,-1.));
#106 = DIRECTION('',(1.110223024625E-16,1.,0.));
#107 = AXIS2_PLACEMENT_3D('',#108,#109,#110);
#108 = CARTESIAN_POINT('',(114.37,-105.44,-9.32E-02));
#109 = DIRECTION('',(1.224646799147E-16,-1.359631073447E-32,-1.));
#110 = DIRECTION('',(1.110223024625E-16,1.,0.));
#111 = AXIS2_PLACEMENT_3D('',#112,#113,#114);
#112 = CARTESIAN_POINT('',(121.225,-105.41,-9.32E-02));
#113 = DIRECTION('',(1.224646799147E-16,-1.359631073447E-32,-1.));
#114 = DIRECTION('',(1.110223024625E-16,1.,0.));
#115 = AXIS2_PLACEMENT_3D('',#116,#117,#118);
#116 = CARTESIAN_POINT('',(151.17,-105.44,-9.32E-02));
#117 = DIRECTION('',(1.224646799147E-16,-1.359631073447E-32,-1.));
#118 = DIRECTION('',(1.110223024625E-16,1.,0.));
#119 = AXIS2_PLACEMENT_3D('',#120,#121,#122);
#120 = CARTESIAN_POINT('',(132.625,-105.41,-9.32E-02));
#121 = DIRECTION('',(1.224646799147E-16,-1.359631073447E-32,-1.));
#122 = DIRECTION('',(1.110223024625E-16,1.,0.));
#123 = AXIS2_PLACEMENT_3D('',#124,#125,#126);
#124 = CARTESIAN_POINT('',(144.025,-105.41,-9.32E-02));
#125 = DIRECTION('',(1.224646799147E-16,-1.359631073447E-32,-1.));
#126 = DIRECTION('',(1.110223024625E-16,1.,0.));
#127 = AXIS2_PLACEMENT_3D('',#128,#129,#130);
#128 = CARTESIAN_POINT('',(102.97,-105.44,-9.32E-02));
#129 = DIRECTION('',(1.224646799147E-16,-1.359631073447E-32,-1.));
#130 = DIRECTION('',(1.110223024625E-16,1.,0.));
#131 = AXIS2_PLACEMENT_3D('',#132,#133,#134);
#132 = CARTESIAN_POINT('',(155.425,-105.41,-9.32E-02));
#133 = DIRECTION('',(1.224646799147E-16,-1.359631073447E-32,-1.));
#134 = DIRECTION('',(1.110223024625E-16,1.,0.));
#135 = AXIS2_PLACEMENT_3D('',#136,#137,#138);
#136 = CARTESIAN_POINT('',(148.57,-105.44,-9.32E-02));
#137 = DIRECTION('',(1.224646799147E-16,-1.359631073447E-32,-1.));
#138 = DIRECTION('',(1.110223024625E-16,1.,0.));
#139 = AXIS2_PLACEMENT_3D('',#140,#141,#142);
#140 = CARTESIAN_POINT('',(159.97,-105.44,-9.32E-02));
#141 = DIRECTION('',(1.224646799147E-16,-1.359631073447E-32,-1.));
#142 = DIRECTION('',(1.110223024625E-16,1.,0.));
#143 = AXIS2_PLACEMENT_3D('',#144,#145,#146);
#144 = CARTESIAN_POINT('',(94.26,-105.44,-9.32E-02));
#145 = DIRECTION('',(1.224646799147E-16,-1.359631073447E-32,-1.));
#146 = DIRECTION('',(1.110223024625E-16,1.,0.));
#147 = AXIS2_PLACEMENT_3D('',#148,#149,#150);
#148 = CARTESIAN_POINT('',(0.,0.,0.));
#149 = DIRECTION('',(0.,0.,1.));
#150 = DIRECTION('',(1.,0.,-0.));
#151 = ( GEOMETRIC_REPRESENTATION_CONTEXT(3) 
GLOBAL_UNCERTAINTY_ASSIGNED_CONTEXT((#155)) GLOBAL_UNIT_ASSIGNED_CONTEXT
((#152,#153,#154)) REPRESENTATION_CONTEXT('Context #1',
  '3D Context with UNIT and UNCERTAINTY') );
#152 = ( LENGTH_UNIT() NAMED_UNIT(*) SI_UNIT(.MILLI.,.METRE.) );
#153 = ( NAMED_UNIT(*) PLANE_ANGLE_UNIT() SI_UNIT($,.RADIAN.) );
#154 = ( NAMED_UNIT(*) SI_UNIT($,.STERADIAN.) SOLID_ANGLE_UNIT() );
#155 = UNCERTAINTY_MEASURE_WITH_UNIT(LENGTH_MEASURE(1.E-07),#152,
  'distance_accuracy_value','confusion accuracy');
#156 = PRODUCT_RELATED_PRODUCT_CATEGORY('part',$,(#7));
#157 = SHAPE_DEFINITION_REPRESENTATION(#158,#164);
#158 = PRODUCT_DEFINITION_SHAPE('','',#159);
#159 = PRODUCT_DEFINITION('design','',#160,#163);
#160 = PRODUCT_DEFINITION_FORMATION('','',#161);
#161 = PRODUCT('SOT-23W','SOT-23W','',(#162));
#162 = PRODUCT_CONTEXT('',#2,'mechanical');
#163 = PRODUCT_DEFINITION_CONTEXT('part definition',#2,'design');
#164 = ADVANCED_BREP_SHAPE_REPRESENTATION('',(#11,#165),#2392);
#165 = MANIFOLD_SOLID_BREP('',#166);
#166 = CLOSED_SHELL('',(#167,#205,#268,#291,#320,#343,#382,#405,#428,
    #451,#500,#523,#552,#575,#599,#629,#660,#683,#706,#729,#753,#777,
    #808,#839,#870,#893,#922,#945,#969,#1061,#1153,#1183,#1200,#1223,
    #1246,#1269,#1293,#1385,#1477,#1501,#1526,#1610,#1702,#1719,#1750,
    #1773,#1829,#1845,#1868,#1887,#1904,#1921,#1938,#1955,#1972,#1989,
    #2006,#2018,#2034,#2050,#2066,#2092,#2111,#2128,#2145,#2162,#2179,
    #2196,#2213,#2230,#2242,#2261,#2278,#2295,#2312,#2329,#2346,#2363,
    #2380));
#167 = ADVANCED_FACE('',(#168),#200,.F.);
#168 = FACE_BOUND('',#169,.F.);
#169 = EDGE_LOOP('',(#170,#180,#187,#195));
#170 = ORIENTED_EDGE('',*,*,#171,.T.);
#171 = EDGE_CURVE('',#172,#174,#176,.T.);
#172 = VERTEX_POINT('',#173);
#173 = CARTESIAN_POINT('',(-0.83294588932,1.43589177864,5.E-02));
#174 = VERTEX_POINT('',#175);
#175 = CARTESIAN_POINT('',(0.83294588932,1.43589177864,5.E-02));
#176 = LINE('',#177,#178);
#177 = CARTESIAN_POINT('',(-0.83294588932,1.43589177864,5.E-02));
#178 = VECTOR('',#179,1.);
#179 = DIRECTION('',(1.,2.22044604925E-16,0.));
#180 = ORIENTED_EDGE('',*,*,#181,.T.);
#181 = EDGE_CURVE('',#174,#182,#184,.T.);
#182 = VERTEX_POINT('',#183);
#183 = CARTESIAN_POINT('',(0.86,1.49,0.435));
#184 = B_SPLINE_CURVE_WITH_KNOTS('',1,(#185,#186),.UNSPECIFIED.,.F.,.F.,
  (2,2),(0.,1.),.PIECEWISE_BEZIER_KNOTS.);
#185 = CARTESIAN_POINT('',(0.83294588932,1.43589177864,5.E-02));
#186 = CARTESIAN_POINT('',(0.86,1.49,0.435));
#187 = ORIENTED_EDGE('',*,*,#188,.F.);
#188 = EDGE_CURVE('',#189,#182,#191,.T.);
#189 = VERTEX_POINT('',#190);
#190 = CARTESIAN_POINT('',(-0.86,1.49,0.435));
#191 = LINE('',#192,#193);
#192 = CARTESIAN_POINT('',(-0.86,1.49,0.435));
#193 = VECTOR('',#194,1.);
#194 = DIRECTION('',(1.,2.22044604925E-16,0.));
#195 = ORIENTED_EDGE('',*,*,#196,.F.);
#196 = EDGE_CURVE('',#172,#189,#197,.T.);
#197 = B_SPLINE_CURVE_WITH_KNOTS('',1,(#198,#199),.UNSPECIFIED.,.F.,.F.,
  (2,2),(0.,1.),.PIECEWISE_BEZIER_KNOTS.);
#198 = CARTESIAN_POINT('',(-0.83294588932,1.43589177864,5.E-02));
#199 = CARTESIAN_POINT('',(-0.86,1.49,0.435));
#200 = B_SPLINE_SURFACE_WITH_KNOTS('',1,1,(
    (#201,#202)
    ,(#203,#204
    )),.UNSPECIFIED.,.F.,.F.,.F.,(2,2),(2,2),(0.,1.72),(0.,1.),
  .PIECEWISE_BEZIER_KNOTS.);
#201 = CARTESIAN_POINT('',(-0.83294588932,1.43589177864,5.E-02));
#202 = CARTESIAN_POINT('',(-0.86,1.49,0.435));
#203 = CARTESIAN_POINT('',(0.83294588932,1.43589177864,5.E-02));
#204 = CARTESIAN_POINT('',(0.86,1.49,0.435));
#205 = ADVANCED_FACE('',(#206),#263,.F.);
#206 = FACE_BOUND('',#207,.T.);
#207 = EDGE_LOOP('',(#208,#209,#217,#225,#233,#241,#249,#257));
#208 = ORIENTED_EDGE('',*,*,#171,.T.);
#209 = ORIENTED_EDGE('',*,*,#210,.T.);
#210 = EDGE_CURVE('',#174,#211,#213,.T.);
#211 = VERTEX_POINT('',#212);
#212 = CARTESIAN_POINT('',(0.90089177864,1.36794588932,5.E-02));
#213 = LINE('',#214,#215);
#214 = CARTESIAN_POINT('',(0.83294588932,1.43589177864,5.E-02));
#215 = VECTOR('',#216,1.);
#216 = DIRECTION('',(0.707106781187,-0.707106781187,0.));
#217 = ORIENTED_EDGE('',*,*,#218,.T.);
#218 = EDGE_CURVE('',#211,#219,#221,.T.);
#219 = VERTEX_POINT('',#220);
#220 = CARTESIAN_POINT('',(0.90089177864,-1.36794588932,5.E-02));
#221 = LINE('',#222,#223);
#222 = CARTESIAN_POINT('',(0.90089177864,1.36794588932,5.E-02));
#223 = VECTOR('',#224,1.);
#224 = DIRECTION('',(2.22044604925E-16,-1.,0.));
#225 = ORIENTED_EDGE('',*,*,#226,.T.);
#226 = EDGE_CURVE('',#219,#227,#229,.T.);
#227 = VERTEX_POINT('',#228);
#228 = CARTESIAN_POINT('',(0.83294588932,-1.43589177864,5.E-02));
#229 = LINE('',#230,#231);
#230 = CARTESIAN_POINT('',(0.90089177864,-1.36794588932,5.E-02));
#231 = VECTOR('',#232,1.);
#232 = DIRECTION('',(-0.707106781187,-0.707106781187,0.));
#233 = ORIENTED_EDGE('',*,*,#234,.T.);
#234 = EDGE_CURVE('',#227,#235,#237,.T.);
#235 = VERTEX_POINT('',#236);
#236 = CARTESIAN_POINT('',(-0.83294588932,-1.43589177864,5.E-02));
#237 = LINE('',#238,#239);
#238 = CARTESIAN_POINT('',(0.83294588932,-1.43589177864,5.E-02));
#239 = VECTOR('',#240,1.);
#240 = DIRECTION('',(-1.,-2.22044604925E-16,0.));
#241 = ORIENTED_EDGE('',*,*,#242,.T.);
#242 = EDGE_CURVE('',#235,#243,#245,.T.);
#243 = VERTEX_POINT('',#244);
#244 = CARTESIAN_POINT('',(-0.90089177864,-1.36794588932,5.E-02));
#245 = LINE('',#246,#247);
#246 = CARTESIAN_POINT('',(-0.83294588932,-1.43589177864,5.E-02));
#247 = VECTOR('',#248,1.);
#248 = DIRECTION('',(-0.707106781187,0.707106781187,0.));
#249 = ORIENTED_EDGE('',*,*,#250,.T.);
#250 = EDGE_CURVE('',#243,#251,#253,.T.);
#251 = VERTEX_POINT('',#252);
#252 = CARTESIAN_POINT('',(-0.90089177864,1.36794588932,5.E-02));
#253 = LINE('',#254,#255);
#254 = CARTESIAN_POINT('',(-0.90089177864,-1.36794588932,5.E-02));
#255 = VECTOR('',#256,1.);
#256 = DIRECTION('',(-2.22044604925E-16,1.,0.));
#257 = ORIENTED_EDGE('',*,*,#258,.T.);
#258 = EDGE_CURVE('',#251,#172,#259,.T.);
#259 = LINE('',#260,#261);
#260 = CARTESIAN_POINT('',(-0.90089177864,1.36794588932,5.E-02));
#261 = VECTOR('',#262,1.);
#262 = DIRECTION('',(0.707106781187,0.707106781187,0.));
#263 = PLANE('',#264);
#264 = AXIS2_PLACEMENT_3D('',#265,#266,#267);
#265 = CARTESIAN_POINT('',(-0.83294588932,1.43589177864,5.E-02));
#266 = DIRECTION('',(0.,0.,1.));
#267 = DIRECTION('',(0.501776083906,-0.864997550066,0.));
#268 = ADVANCED_FACE('',(#269),#286,.F.);
#269 = FACE_BOUND('',#270,.F.);
#270 = EDGE_LOOP('',(#271,#272,#279,#285));
#271 = ORIENTED_EDGE('',*,*,#210,.T.);
#272 = ORIENTED_EDGE('',*,*,#273,.T.);
#273 = EDGE_CURVE('',#211,#274,#276,.T.);
#274 = VERTEX_POINT('',#275);
#275 = CARTESIAN_POINT('',(0.955,1.395,0.435));
#276 = B_SPLINE_CURVE_WITH_KNOTS('',1,(#277,#278),.UNSPECIFIED.,.F.,.F.,
  (2,2),(0.,1.),.PIECEWISE_BEZIER_KNOTS.);
#277 = CARTESIAN_POINT('',(0.90089177864,1.36794588932,5.E-02));
#278 = CARTESIAN_POINT('',(0.955,1.395,0.435));
#279 = ORIENTED_EDGE('',*,*,#280,.F.);
#280 = EDGE_CURVE('',#182,#274,#281,.T.);
#281 = LINE('',#282,#283);
#282 = CARTESIAN_POINT('',(0.86,1.49,0.435));
#283 = VECTOR('',#284,1.);
#284 = DIRECTION('',(0.707106781187,-0.707106781187,0.));
#285 = ORIENTED_EDGE('',*,*,#181,.F.);
#286 = B_SPLINE_SURFACE_WITH_KNOTS('',1,1,(
    (#287,#288)
    ,(#289,#290
    )),.UNSPECIFIED.,.F.,.F.,.F.,(2,2),(2,2),(0.,0.134350288425),(0.,1.)
  ,.PIECEWISE_BEZIER_KNOTS.);
#287 = CARTESIAN_POINT('',(0.83294588932,1.43589177864,5.E-02));
#288 = CARTESIAN_POINT('',(0.86,1.49,0.435));
#289 = CARTESIAN_POINT('',(0.90089177864,1.36794588932,5.E-02));
#290 = CARTESIAN_POINT('',(0.955,1.395,0.435));
#291 = ADVANCED_FACE('',(#292),#315,.F.);
#292 = FACE_BOUND('',#293,.F.);
#293 = EDGE_LOOP('',(#294,#295,#302,#310));
#294 = ORIENTED_EDGE('',*,*,#188,.T.);
#295 = ORIENTED_EDGE('',*,*,#296,.T.);
#296 = EDGE_CURVE('',#182,#297,#299,.T.);
#297 = VERTEX_POINT('',#298);
#298 = CARTESIAN_POINT('',(0.86,1.49,0.615));
#299 = B_SPLINE_CURVE_WITH_KNOTS('',1,(#300,#301),.UNSPECIFIED.,.F.,.F.,
  (2,2),(0.,1.),.PIECEWISE_BEZIER_KNOTS.);
#300 = CARTESIAN_POINT('',(0.86,1.49,0.435));
#301 = CARTESIAN_POINT('',(0.86,1.49,0.615));
#302 = ORIENTED_EDGE('',*,*,#303,.F.);
#303 = EDGE_CURVE('',#304,#297,#306,.T.);
#304 = VERTEX_POINT('',#305);
#305 = CARTESIAN_POINT('',(-0.86,1.49,0.615));
#306 = LINE('',#307,#308);
#307 = CARTESIAN_POINT('',(-0.86,1.49,0.615));
#308 = VECTOR('',#309,1.);
#309 = DIRECTION('',(1.,2.22044604925E-16,0.));
#310 = ORIENTED_EDGE('',*,*,#311,.F.);
#311 = EDGE_CURVE('',#189,#304,#312,.T.);
#312 = B_SPLINE_CURVE_WITH_KNOTS('',1,(#313,#314),.UNSPECIFIED.,.F.,.F.,
  (2,2),(0.,1.),.PIECEWISE_BEZIER_KNOTS.);
#313 = CARTESIAN_POINT('',(-0.86,1.49,0.435));
#314 = CARTESIAN_POINT('',(-0.86,1.49,0.615));
#315 = PLANE('',#316);
#316 = AXIS2_PLACEMENT_3D('',#317,#318,#319);
#317 = CARTESIAN_POINT('',(-0.86,1.49,0.615));
#318 = DIRECTION('',(2.22044604925E-16,-1.,0.));
#319 = DIRECTION('',(1.,2.22044604925E-16,0.));
#320 = ADVANCED_FACE('',(#321),#338,.F.);
#321 = FACE_BOUND('',#322,.F.);
#322 = EDGE_LOOP('',(#323,#324,#325,#333));
#323 = ORIENTED_EDGE('',*,*,#258,.T.);
#324 = ORIENTED_EDGE('',*,*,#196,.T.);
#325 = ORIENTED_EDGE('',*,*,#326,.F.);
#326 = EDGE_CURVE('',#327,#189,#329,.T.);
#327 = VERTEX_POINT('',#328);
#328 = CARTESIAN_POINT('',(-0.955,1.395,0.435));
#329 = LINE('',#330,#331);
#330 = CARTESIAN_POINT('',(-0.955,1.395,0.435));
#331 = VECTOR('',#332,1.);
#332 = DIRECTION('',(0.707106781187,0.707106781187,0.));
#333 = ORIENTED_EDGE('',*,*,#334,.F.);
#334 = EDGE_CURVE('',#251,#327,#335,.T.);
#335 = B_SPLINE_CURVE_WITH_KNOTS('',1,(#336,#337),.UNSPECIFIED.,.F.,.F.,
  (2,2),(0.,1.),.PIECEWISE_BEZIER_KNOTS.);
#336 = CARTESIAN_POINT('',(-0.90089177864,1.36794588932,5.E-02));
#337 = CARTESIAN_POINT('',(-0.955,1.395,0.435));
#338 = B_SPLINE_SURFACE_WITH_KNOTS('',1,1,(
    (#339,#340)
    ,(#341,#342
    )),.UNSPECIFIED.,.F.,.F.,.F.,(2,2),(2,2),(0.,0.134350288425),(0.,1.)
  ,.PIECEWISE_BEZIER_KNOTS.);
#339 = CARTESIAN_POINT('',(-0.90089177864,1.36794588932,5.E-02));
#340 = CARTESIAN_POINT('',(-0.955,1.395,0.435));
#341 = CARTESIAN_POINT('',(-0.83294588932,1.43589177864,5.E-02));
#342 = CARTESIAN_POINT('',(-0.86,1.49,0.435));
#343 = ADVANCED_FACE('',(#344),#377,.F.);
#344 = FACE_BOUND('',#345,.F.);
#345 = EDGE_LOOP('',(#346,#347,#354,#362,#370,#376));
#346 = ORIENTED_EDGE('',*,*,#218,.T.);
#347 = ORIENTED_EDGE('',*,*,#348,.T.);
#348 = EDGE_CURVE('',#219,#349,#351,.T.);
#349 = VERTEX_POINT('',#350);
#350 = CARTESIAN_POINT('',(0.955,-1.395,0.435));
#351 = B_SPLINE_CURVE_WITH_KNOTS('',1,(#352,#353),.UNSPECIFIED.,.F.,.F.,
  (2,2),(0.,1.),.PIECEWISE_BEZIER_KNOTS.);
#352 = CARTESIAN_POINT('',(0.90089177864,-1.36794588932,5.E-02));
#353 = CARTESIAN_POINT('',(0.955,-1.395,0.435));
#354 = ORIENTED_EDGE('',*,*,#355,.F.);
#355 = EDGE_CURVE('',#356,#349,#358,.T.);
#356 = VERTEX_POINT('',#357);
#357 = CARTESIAN_POINT('',(0.955,-0.2,0.435));
#358 = LINE('',#359,#360);
#359 = CARTESIAN_POINT('',(0.955,1.395,0.435));
#360 = VECTOR('',#361,1.);
#361 = DIRECTION('',(2.22044604925E-16,-1.,0.));
#362 = ORIENTED_EDGE('',*,*,#363,.F.);
#363 = EDGE_CURVE('',#364,#356,#366,.T.);
#364 = VERTEX_POINT('',#365);
#365 = CARTESIAN_POINT('',(0.955,0.2,0.435));
#366 = LINE('',#367,#368);
#367 = CARTESIAN_POINT('',(0.955,1.395,0.435));
#368 = VECTOR('',#369,1.);
#369 = DIRECTION('',(2.22044604925E-16,-1.,0.));
#370 = ORIENTED_EDGE('',*,*,#371,.F.);
#371 = EDGE_CURVE('',#274,#364,#372,.T.);
#372 = LINE('',#373,#374);
#373 = CARTESIAN_POINT('',(0.955,1.395,0.435));
#374 = VECTOR('',#375,1.);
#375 = DIRECTION('',(2.22044604925E-16,-1.,0.));
#376 = ORIENTED_EDGE('',*,*,#273,.F.);
#377 = B_SPLINE_SURFACE_WITH_KNOTS('',1,1,(
    (#378,#379)
    ,(#380,#381
    )),.UNSPECIFIED.,.F.,.F.,.F.,(2,2),(2,2),(0.,2.79),(0.,1.),
  .PIECEWISE_BEZIER_KNOTS.);
#378 = CARTESIAN_POINT('',(0.90089177864,1.36794588932,5.E-02));
#379 = CARTESIAN_POINT('',(0.955,1.395,0.435));
#380 = CARTESIAN_POINT('',(0.90089177864,-1.36794588932,5.E-02));
#381 = CARTESIAN_POINT('',(0.955,-1.395,0.435));
#382 = ADVANCED_FACE('',(#383),#400,.F.);
#383 = FACE_BOUND('',#384,.F.);
#384 = EDGE_LOOP('',(#385,#386,#393,#399));
#385 = ORIENTED_EDGE('',*,*,#226,.T.);
#386 = ORIENTED_EDGE('',*,*,#387,.T.);
#387 = EDGE_CURVE('',#227,#388,#390,.T.);
#388 = VERTEX_POINT('',#389);
#389 = CARTESIAN_POINT('',(0.86,-1.49,0.435));
#390 = B_SPLINE_CURVE_WITH_KNOTS('',1,(#391,#392),.UNSPECIFIED.,.F.,.F.,
  (2,2),(0.,1.),.PIECEWISE_BEZIER_KNOTS.);
#391 = CARTESIAN_POINT('',(0.83294588932,-1.43589177864,5.E-02));
#392 = CARTESIAN_POINT('',(0.86,-1.49,0.435));
#393 = ORIENTED_EDGE('',*,*,#394,.F.);
#394 = EDGE_CURVE('',#349,#388,#395,.T.);
#395 = LINE('',#396,#397);
#396 = CARTESIAN_POINT('',(0.955,-1.395,0.435));
#397 = VECTOR('',#398,1.);
#398 = DIRECTION('',(-0.707106781187,-0.707106781187,0.));
#399 = ORIENTED_EDGE('',*,*,#348,.F.);
#400 = B_SPLINE_SURFACE_WITH_KNOTS('',1,1,(
    (#401,#402)
    ,(#403,#404
    )),.UNSPECIFIED.,.F.,.F.,.F.,(2,2),(2,2),(0.,0.134350288425),(0.,1.)
  ,.PIECEWISE_BEZIER_KNOTS.);
#401 = CARTESIAN_POINT('',(0.90089177864,-1.36794588932,5.E-02));
#402 = CARTESIAN_POINT('',(0.955,-1.395,0.435));
#403 = CARTESIAN_POINT('',(0.83294588932,-1.43589177864,5.E-02));
#404 = CARTESIAN_POINT('',(0.86,-1.49,0.435));
#405 = ADVANCED_FACE('',(#406),#423,.F.);
#406 = FACE_BOUND('',#407,.F.);
#407 = EDGE_LOOP('',(#408,#409,#416,#422));
#408 = ORIENTED_EDGE('',*,*,#234,.T.);
#409 = ORIENTED_EDGE('',*,*,#410,.T.);
#410 = EDGE_CURVE('',#235,#411,#413,.T.);
#411 = VERTEX_POINT('',#412);
#412 = CARTESIAN_POINT('',(-0.86,-1.49,0.435));
#413 = B_SPLINE_CURVE_WITH_KNOTS('',1,(#414,#415),.UNSPECIFIED.,.F.,.F.,
  (2,2),(0.,1.),.PIECEWISE_BEZIER_KNOTS.);
#414 = CARTESIAN_POINT('',(-0.83294588932,-1.43589177864,5.E-02));
#415 = CARTESIAN_POINT('',(-0.86,-1.49,0.435));
#416 = ORIENTED_EDGE('',*,*,#417,.F.);
#417 = EDGE_CURVE('',#388,#411,#418,.T.);
#418 = LINE('',#419,#420);
#419 = CARTESIAN_POINT('',(0.86,-1.49,0.435));
#420 = VECTOR('',#421,1.);
#421 = DIRECTION('',(-1.,-2.22044604925E-16,0.));
#422 = ORIENTED_EDGE('',*,*,#387,.F.);
#423 = B_SPLINE_SURFACE_WITH_KNOTS('',1,1,(
    (#424,#425)
    ,(#426,#427
    )),.UNSPECIFIED.,.F.,.F.,.F.,(2,2),(2,2),(0.,1.72),(0.,1.),
  .PIECEWISE_BEZIER_KNOTS.);
#424 = CARTESIAN_POINT('',(0.83294588932,-1.43589177864,5.E-02));
#425 = CARTESIAN_POINT('',(0.86,-1.49,0.435));
#426 = CARTESIAN_POINT('',(-0.83294588932,-1.43589177864,5.E-02));
#427 = CARTESIAN_POINT('',(-0.86,-1.49,0.435));
#428 = ADVANCED_FACE('',(#429),#446,.F.);
#429 = FACE_BOUND('',#430,.F.);
#430 = EDGE_LOOP('',(#431,#432,#439,#445));
#431 = ORIENTED_EDGE('',*,*,#242,.T.);
#432 = ORIENTED_EDGE('',*,*,#433,.T.);
#433 = EDGE_CURVE('',#243,#434,#436,.T.);
#434 = VERTEX_POINT('',#435);
#435 = CARTESIAN_POINT('',(-0.955,-1.395,0.435));
#436 = B_SPLINE_CURVE_WITH_KNOTS('',1,(#437,#438),.UNSPECIFIED.,.F.,.F.,
  (2,2),(0.,1.),.PIECEWISE_BEZIER_KNOTS.);
#437 = CARTESIAN_POINT('',(-0.90089177864,-1.36794588932,5.E-02));
#438 = CARTESIAN_POINT('',(-0.955,-1.395,0.435));
#439 = ORIENTED_EDGE('',*,*,#440,.F.);
#440 = EDGE_CURVE('',#411,#434,#441,.T.);
#441 = LINE('',#442,#443);
#442 = CARTESIAN_POINT('',(-0.86,-1.49,0.435));
#443 = VECTOR('',#444,1.);
#444 = DIRECTION('',(-0.707106781187,0.707106781187,0.));
#445 = ORIENTED_EDGE('',*,*,#410,.F.);
#446 = B_SPLINE_SURFACE_WITH_KNOTS('',1,1,(
    (#447,#448)
    ,(#449,#450
    )),.UNSPECIFIED.,.F.,.F.,.F.,(2,2),(2,2),(0.,0.134350288425),(0.,1.)
  ,.PIECEWISE_BEZIER_KNOTS.);
#447 = CARTESIAN_POINT('',(-0.83294588932,-1.43589177864,5.E-02));
#448 = CARTESIAN_POINT('',(-0.86,-1.49,0.435));
#449 = CARTESIAN_POINT('',(-0.90089177864,-1.36794588932,5.E-02));
#450 = CARTESIAN_POINT('',(-0.955,-1.395,0.435));
#451 = ADVANCED_FACE('',(#452),#495,.F.);
#452 = FACE_BOUND('',#453,.F.);
#453 = EDGE_LOOP('',(#454,#455,#456,#464,#472,#480,#488,#494));
#454 = ORIENTED_EDGE('',*,*,#250,.T.);
#455 = ORIENTED_EDGE('',*,*,#334,.T.);
#456 = ORIENTED_EDGE('',*,*,#457,.F.);
#457 = EDGE_CURVE('',#458,#327,#460,.T.);
#458 = VERTEX_POINT('',#459);
#459 = CARTESIAN_POINT('',(-0.955,1.15,0.435));
#460 = LINE('',#461,#462);
#461 = CARTESIAN_POINT('',(-0.955,-1.395,0.435));
#462 = VECTOR('',#463,1.);
#463 = DIRECTION('',(-2.22044604925E-16,1.,0.));
#464 = ORIENTED_EDGE('',*,*,#465,.F.);
#465 = EDGE_CURVE('',#466,#458,#468,.T.);
#466 = VERTEX_POINT('',#467);
#467 = CARTESIAN_POINT('',(-0.955,0.75,0.435));
#468 = LINE('',#469,#470);
#469 = CARTESIAN_POINT('',(-0.955,-1.395,0.435));
#470 = VECTOR('',#471,1.);
#471 = DIRECTION('',(-2.22044604925E-16,1.,0.));
#472 = ORIENTED_EDGE('',*,*,#473,.F.);
#473 = EDGE_CURVE('',#474,#466,#476,.T.);
#474 = VERTEX_POINT('',#475);
#475 = CARTESIAN_POINT('',(-0.955,-0.75,0.435));
#476 = LINE('',#477,#478);
#477 = CARTESIAN_POINT('',(-0.955,-1.395,0.435));
#478 = VECTOR('',#479,1.);
#479 = DIRECTION('',(-2.22044604925E-16,1.,0.));
#480 = ORIENTED_EDGE('',*,*,#481,.F.);
#481 = EDGE_CURVE('',#482,#474,#484,.T.);
#482 = VERTEX_POINT('',#483);
#483 = CARTESIAN_POINT('',(-0.955,-1.15,0.435));
#484 = LINE('',#485,#486);
#485 = CARTESIAN_POINT('',(-0.955,-1.395,0.435));
#486 = VECTOR('',#487,1.);
#487 = DIRECTION('',(-2.22044604925E-16,1.,0.));
#488 = ORIENTED_EDGE('',*,*,#489,.F.);
#489 = EDGE_CURVE('',#434,#482,#490,.T.);
#490 = LINE('',#491,#492);
#491 = CARTESIAN_POINT('',(-0.955,-1.395,0.435));
#492 = VECTOR('',#493,1.);
#493 = DIRECTION('',(-2.22044604925E-16,1.,0.));
#494 = ORIENTED_EDGE('',*,*,#433,.F.);
#495 = B_SPLINE_SURFACE_WITH_KNOTS('',1,1,(
    (#496,#497)
    ,(#498,#499
    )),.UNSPECIFIED.,.F.,.F.,.F.,(2,2),(2,2),(0.,2.79),(0.,1.),
  .PIECEWISE_BEZIER_KNOTS.);
#496 = CARTESIAN_POINT('',(-0.90089177864,-1.36794588932,5.E-02));
#497 = CARTESIAN_POINT('',(-0.955,-1.395,0.435));
#498 = CARTESIAN_POINT('',(-0.90089177864,1.36794588932,5.E-02));
#499 = CARTESIAN_POINT('',(-0.955,1.395,0.435));
#500 = ADVANCED_FACE('',(#501),#518,.F.);
#501 = FACE_BOUND('',#502,.F.);
#502 = EDGE_LOOP('',(#503,#504,#511,#517));
#503 = ORIENTED_EDGE('',*,*,#280,.T.);
#504 = ORIENTED_EDGE('',*,*,#505,.T.);
#505 = EDGE_CURVE('',#274,#506,#508,.T.);
#506 = VERTEX_POINT('',#507);
#507 = CARTESIAN_POINT('',(0.955,1.395,0.615));
#508 = B_SPLINE_CURVE_WITH_KNOTS('',1,(#509,#510),.UNSPECIFIED.,.F.,.F.,
  (2,2),(0.,1.),.PIECEWISE_BEZIER_KNOTS.);
#509 = CARTESIAN_POINT('',(0.955,1.395,0.435));
#510 = CARTESIAN_POINT('',(0.955,1.395,0.615));
#511 = ORIENTED_EDGE('',*,*,#512,.F.);
#512 = EDGE_CURVE('',#297,#506,#513,.T.);
#513 = LINE('',#514,#515);
#514 = CARTESIAN_POINT('',(0.86,1.49,0.615));
#515 = VECTOR('',#516,1.);
#516 = DIRECTION('',(0.707106781187,-0.707106781187,0.));
#517 = ORIENTED_EDGE('',*,*,#296,.F.);
#518 = PLANE('',#519);
#519 = AXIS2_PLACEMENT_3D('',#520,#521,#522);
#520 = CARTESIAN_POINT('',(0.86,1.49,0.615));
#521 = DIRECTION('',(-0.707106781187,-0.707106781187,0.));
#522 = DIRECTION('',(0.707106781187,-0.707106781187,0.));
#523 = ADVANCED_FACE('',(#524),#547,.F.);
#524 = FACE_BOUND('',#525,.F.);
#525 = EDGE_LOOP('',(#526,#527,#534,#542));
#526 = ORIENTED_EDGE('',*,*,#303,.T.);
#527 = ORIENTED_EDGE('',*,*,#528,.T.);
#528 = EDGE_CURVE('',#297,#529,#531,.T.);
#529 = VERTEX_POINT('',#530);
#530 = CARTESIAN_POINT('',(0.8475,1.465,0.615));
#531 = B_SPLINE_CURVE_WITH_KNOTS('',1,(#532,#533),.UNSPECIFIED.,.F.,.F.,
  (2,2),(0.,1.),.PIECEWISE_BEZIER_KNOTS.);
#532 = CARTESIAN_POINT('',(0.86,1.49,0.615));
#533 = CARTESIAN_POINT('',(0.8475,1.465,0.615));
#534 = ORIENTED_EDGE('',*,*,#535,.F.);
#535 = EDGE_CURVE('',#536,#529,#538,.T.);
#536 = VERTEX_POINT('',#537);
#537 = CARTESIAN_POINT('',(-0.8475,1.465,0.615));
#538 = LINE('',#539,#540);
#539 = CARTESIAN_POINT('',(-0.8475,1.465,0.615));
#540 = VECTOR('',#541,1.);
#541 = DIRECTION('',(1.,2.22044604925E-16,0.));
#542 = ORIENTED_EDGE('',*,*,#543,.F.);
#543 = EDGE_CURVE('',#304,#536,#544,.T.);
#544 = B_SPLINE_CURVE_WITH_KNOTS('',1,(#545,#546),.UNSPECIFIED.,.F.,.F.,
  (2,2),(0.,1.),.PIECEWISE_BEZIER_KNOTS.);
#545 = CARTESIAN_POINT('',(-0.86,1.49,0.615));
#546 = CARTESIAN_POINT('',(-0.8475,1.465,0.615));
#547 = B_SPLINE_SURFACE_WITH_KNOTS('',1,1,(
    (#548,#549)
    ,(#550,#551
    )),.UNSPECIFIED.,.F.,.F.,.F.,(2,2),(2,2),(0.,1.72),(0.,1.),
  .PIECEWISE_BEZIER_KNOTS.);
#548 = CARTESIAN_POINT('',(-0.86,1.49,0.615));
#549 = CARTESIAN_POINT('',(-0.8475,1.465,0.615));
#550 = CARTESIAN_POINT('',(0.86,1.49,0.615));
#551 = CARTESIAN_POINT('',(0.8475,1.465,0.615));
#552 = ADVANCED_FACE('',(#553),#570,.F.);
#553 = FACE_BOUND('',#554,.F.);
#554 = EDGE_LOOP('',(#555,#556,#557,#565));
#555 = ORIENTED_EDGE('',*,*,#326,.T.);
#556 = ORIENTED_EDGE('',*,*,#311,.T.);
#557 = ORIENTED_EDGE('',*,*,#558,.F.);
#558 = EDGE_CURVE('',#559,#304,#561,.T.);
#559 = VERTEX_POINT('',#560);
#560 = CARTESIAN_POINT('',(-0.955,1.395,0.615));
#561 = LINE('',#562,#563);
#562 = CARTESIAN_POINT('',(-0.955,1.395,0.615));
#563 = VECTOR('',#564,1.);
#564 = DIRECTION('',(0.707106781187,0.707106781187,0.));
#565 = ORIENTED_EDGE('',*,*,#566,.F.);
#566 = EDGE_CURVE('',#327,#559,#567,.T.);
#567 = B_SPLINE_CURVE_WITH_KNOTS('',1,(#568,#569),.UNSPECIFIED.,.F.,.F.,
  (2,2),(0.,1.),.PIECEWISE_BEZIER_KNOTS.);
#568 = CARTESIAN_POINT('',(-0.955,1.395,0.435));
#569 = CARTESIAN_POINT('',(-0.955,1.395,0.615));
#570 = PLANE('',#571);
#571 = AXIS2_PLACEMENT_3D('',#572,#573,#574);
#572 = CARTESIAN_POINT('',(-0.955,1.395,0.615));
#573 = DIRECTION('',(0.707106781187,-0.707106781187,0.));
#574 = DIRECTION('',(0.707106781187,0.707106781187,0.));
#575 = ADVANCED_FACE('',(#576),#594,.F.);
#576 = FACE_BOUND('',#577,.F.);
#577 = EDGE_LOOP('',(#578,#579,#580,#588));
#578 = ORIENTED_EDGE('',*,*,#505,.F.);
#579 = ORIENTED_EDGE('',*,*,#371,.T.);
#580 = ORIENTED_EDGE('',*,*,#581,.T.);
#581 = EDGE_CURVE('',#364,#582,#584,.T.);
#582 = VERTEX_POINT('',#583);
#583 = CARTESIAN_POINT('',(0.955,0.2,0.615));
#584 = LINE('',#585,#586);
#585 = CARTESIAN_POINT('',(0.955,0.2,0.465094279835));
#586 = VECTOR('',#587,1.);
#587 = DIRECTION('',(0.,0.,1.));
#588 = ORIENTED_EDGE('',*,*,#589,.F.);
#589 = EDGE_CURVE('',#506,#582,#590,.T.);
#590 = LINE('',#591,#592);
#591 = CARTESIAN_POINT('',(0.955,1.395,0.615));
#592 = VECTOR('',#593,1.);
#593 = DIRECTION('',(2.22044604925E-16,-1.,0.));
#594 = PLANE('',#595);
#595 = AXIS2_PLACEMENT_3D('',#596,#597,#598);
#596 = CARTESIAN_POINT('',(0.955,1.395,0.615));
#597 = DIRECTION('',(-1.,-2.22044604925E-16,0.));
#598 = DIRECTION('',(2.22044604925E-16,-1.,0.));
#599 = ADVANCED_FACE('',(#600),#624,.F.);
#600 = FACE_BOUND('',#601,.F.);
#601 = EDGE_LOOP('',(#602,#610,#611,#618));
#602 = ORIENTED_EDGE('',*,*,#603,.F.);
#603 = EDGE_CURVE('',#356,#604,#606,.T.);
#604 = VERTEX_POINT('',#605);
#605 = CARTESIAN_POINT('',(0.955,-0.2,0.615));
#606 = LINE('',#607,#608);
#607 = CARTESIAN_POINT('',(0.955,-0.2,0.465094279835));
#608 = VECTOR('',#609,1.);
#609 = DIRECTION('',(0.,0.,1.));
#610 = ORIENTED_EDGE('',*,*,#355,.T.);
#611 = ORIENTED_EDGE('',*,*,#612,.T.);
#612 = EDGE_CURVE('',#349,#613,#615,.T.);
#613 = VERTEX_POINT('',#614);
#614 = CARTESIAN_POINT('',(0.955,-1.395,0.615));
#615 = B_SPLINE_CURVE_WITH_KNOTS('',1,(#616,#617),.UNSPECIFIED.,.F.,.F.,
  (2,2),(0.,1.),.PIECEWISE_BEZIER_KNOTS.);
#616 = CARTESIAN_POINT('',(0.955,-1.395,0.435));
#617 = CARTESIAN_POINT('',(0.955,-1.395,0.615));
#618 = ORIENTED_EDGE('',*,*,#619,.F.);
#619 = EDGE_CURVE('',#604,#613,#620,.T.);
#620 = LINE('',#621,#622);
#621 = CARTESIAN_POINT('',(0.955,1.395,0.615));
#622 = VECTOR('',#623,1.);
#623 = DIRECTION('',(2.22044604925E-16,-1.,0.));
#624 = PLANE('',#625);
#625 = AXIS2_PLACEMENT_3D('',#626,#627,#628);
#626 = CARTESIAN_POINT('',(0.955,1.395,0.615));
#627 = DIRECTION('',(-1.,-2.22044604925E-16,0.));
#628 = DIRECTION('',(2.22044604925E-16,-1.,0.));
#629 = ADVANCED_FACE('',(#630),#655,.F.);
#630 = FACE_BOUND('',#631,.F.);
#631 = EDGE_LOOP('',(#632,#640,#641,#649));
#632 = ORIENTED_EDGE('',*,*,#633,.F.);
#633 = EDGE_CURVE('',#364,#634,#636,.T.);
#634 = VERTEX_POINT('',#635);
#635 = CARTESIAN_POINT('',(1.005,0.2,0.435));
#636 = LINE('',#637,#638);
#637 = CARTESIAN_POINT('',(0.905,0.2,0.435));
#638 = VECTOR('',#639,1.);
#639 = DIRECTION('',(1.,2.22044604925E-16,0.));
#640 = ORIENTED_EDGE('',*,*,#363,.T.);
#641 = ORIENTED_EDGE('',*,*,#642,.T.);
#642 = EDGE_CURVE('',#356,#643,#645,.T.);
#643 = VERTEX_POINT('',#644);
#644 = CARTESIAN_POINT('',(1.005,-0.2,0.435));
#645 = LINE('',#646,#647);
#646 = CARTESIAN_POINT('',(0.905,-0.2,0.435));
#647 = VECTOR('',#648,1.);
#648 = DIRECTION('',(1.,2.22044604925E-16,0.));
#649 = ORIENTED_EDGE('',*,*,#650,.F.);
#650 = EDGE_CURVE('',#634,#643,#651,.T.);
#651 = LINE('',#652,#653);
#652 = CARTESIAN_POINT('',(1.005,0.2,0.435));
#653 = VECTOR('',#654,1.);
#654 = DIRECTION('',(2.22044604925E-16,-1.,0.));
#655 = PLANE('',#656);
#656 = AXIS2_PLACEMENT_3D('',#657,#658,#659);
#657 = CARTESIAN_POINT('',(0.905,0.2,0.435));
#658 = DIRECTION('',(0.,0.,1.));
#659 = DIRECTION('',(1.,2.22044604925E-16,-0.));
#660 = ADVANCED_FACE('',(#661),#678,.F.);
#661 = FACE_BOUND('',#662,.F.);
#662 = EDGE_LOOP('',(#663,#664,#671,#677));
#663 = ORIENTED_EDGE('',*,*,#394,.T.);
#664 = ORIENTED_EDGE('',*,*,#665,.T.);
#665 = EDGE_CURVE('',#388,#666,#668,.T.);
#666 = VERTEX_POINT('',#667);
#667 = CARTESIAN_POINT('',(0.86,-1.49,0.615));
#668 = B_SPLINE_CURVE_WITH_KNOTS('',1,(#669,#670),.UNSPECIFIED.,.F.,.F.,
  (2,2),(0.,1.),.PIECEWISE_BEZIER_KNOTS.);
#669 = CARTESIAN_POINT('',(0.86,-1.49,0.435));
#670 = CARTESIAN_POINT('',(0.86,-1.49,0.615));
#671 = ORIENTED_EDGE('',*,*,#672,.F.);
#672 = EDGE_CURVE('',#613,#666,#673,.T.);
#673 = LINE('',#674,#675);
#674 = CARTESIAN_POINT('',(0.955,-1.395,0.615));
#675 = VECTOR('',#676,1.);
#676 = DIRECTION('',(-0.707106781187,-0.707106781187,0.));
#677 = ORIENTED_EDGE('',*,*,#612,.F.);
#678 = PLANE('',#679);
#679 = AXIS2_PLACEMENT_3D('',#680,#681,#682);
#680 = CARTESIAN_POINT('',(0.955,-1.395,0.615));
#681 = DIRECTION('',(-0.707106781187,0.707106781187,0.));
#682 = DIRECTION('',(-0.707106781187,-0.707106781187,0.));
#683 = ADVANCED_FACE('',(#684),#701,.F.);
#684 = FACE_BOUND('',#685,.F.);
#685 = EDGE_LOOP('',(#686,#687,#694,#700));
#686 = ORIENTED_EDGE('',*,*,#417,.T.);
#687 = ORIENTED_EDGE('',*,*,#688,.T.);
#688 = EDGE_CURVE('',#411,#689,#691,.T.);
#689 = VERTEX_POINT('',#690);
#690 = CARTESIAN_POINT('',(-0.86,-1.49,0.615));
#691 = B_SPLINE_CURVE_WITH_KNOTS('',1,(#692,#693),.UNSPECIFIED.,.F.,.F.,
  (2,2),(0.,1.),.PIECEWISE_BEZIER_KNOTS.);
#692 = CARTESIAN_POINT('',(-0.86,-1.49,0.435));
#693 = CARTESIAN_POINT('',(-0.86,-1.49,0.615));
#694 = ORIENTED_EDGE('',*,*,#695,.F.);
#695 = EDGE_CURVE('',#666,#689,#696,.T.);
#696 = LINE('',#697,#698);
#697 = CARTESIAN_POINT('',(0.86,-1.49,0.615));
#698 = VECTOR('',#699,1.);
#699 = DIRECTION('',(-1.,-2.22044604925E-16,0.));
#700 = ORIENTED_EDGE('',*,*,#665,.F.);
#701 = PLANE('',#702);
#702 = AXIS2_PLACEMENT_3D('',#703,#704,#705);
#703 = CARTESIAN_POINT('',(0.86,-1.49,0.615));
#704 = DIRECTION('',(-2.22044604925E-16,1.,0.));
#705 = DIRECTION('',(-1.,-2.22044604925E-16,0.));
#706 = ADVANCED_FACE('',(#707),#724,.F.);
#707 = FACE_BOUND('',#708,.F.);
#708 = EDGE_LOOP('',(#709,#710,#717,#723));
#709 = ORIENTED_EDGE('',*,*,#440,.T.);
#710 = ORIENTED_EDGE('',*,*,#711,.T.);
#711 = EDGE_CURVE('',#434,#712,#714,.T.);
#712 = VERTEX_POINT('',#713);
#713 = CARTESIAN_POINT('',(-0.955,-1.395,0.615));
#714 = B_SPLINE_CURVE_WITH_KNOTS('',1,(#715,#716),.UNSPECIFIED.,.F.,.F.,
  (2,2),(0.,1.),.PIECEWISE_BEZIER_KNOTS.);
#715 = CARTESIAN_POINT('',(-0.955,-1.395,0.435));
#716 = CARTESIAN_POINT('',(-0.955,-1.395,0.615));
#717 = ORIENTED_EDGE('',*,*,#718,.F.);
#718 = EDGE_CURVE('',#689,#712,#719,.T.);
#719 = LINE('',#720,#721);
#720 = CARTESIAN_POINT('',(-0.86,-1.49,0.615));
#721 = VECTOR('',#722,1.);
#722 = DIRECTION('',(-0.707106781187,0.707106781187,0.));
#723 = ORIENTED_EDGE('',*,*,#688,.F.);
#724 = PLANE('',#725);
#725 = AXIS2_PLACEMENT_3D('',#726,#727,#728);
#726 = CARTESIAN_POINT('',(-0.86,-1.49,0.615));
#727 = DIRECTION('',(0.707106781187,0.707106781187,0.));
#728 = DIRECTION('',(-0.707106781187,0.707106781187,0.));
#729 = ADVANCED_FACE('',(#730),#748,.F.);
#730 = FACE_BOUND('',#731,.F.);
#731 = EDGE_LOOP('',(#732,#733,#734,#742));
#732 = ORIENTED_EDGE('',*,*,#711,.F.);
#733 = ORIENTED_EDGE('',*,*,#489,.T.);
#734 = ORIENTED_EDGE('',*,*,#735,.T.);
#735 = EDGE_CURVE('',#482,#736,#738,.T.);
#736 = VERTEX_POINT('',#737);
#737 = CARTESIAN_POINT('',(-0.955,-1.15,0.615));
#738 = LINE('',#739,#740);
#739 = CARTESIAN_POINT('',(-0.955,-1.15,0.465094279835));
#740 = VECTOR('',#741,1.);
#741 = DIRECTION('',(0.,0.,1.));
#742 = ORIENTED_EDGE('',*,*,#743,.F.);
#743 = EDGE_CURVE('',#712,#736,#744,.T.);
#744 = LINE('',#745,#746);
#745 = CARTESIAN_POINT('',(-0.955,-1.395,0.615));
#746 = VECTOR('',#747,1.);
#747 = DIRECTION('',(-2.22044604925E-16,1.,0.));
#748 = PLANE('',#749);
#749 = AXIS2_PLACEMENT_3D('',#750,#751,#752);
#750 = CARTESIAN_POINT('',(-0.955,-1.395,0.615));
#751 = DIRECTION('',(1.,2.22044604925E-16,0.));
#752 = DIRECTION('',(-2.22044604925E-16,1.,0.));
#753 = ADVANCED_FACE('',(#754),#772,.F.);
#754 = FACE_BOUND('',#755,.F.);
#755 = EDGE_LOOP('',(#756,#764,#765,#766));
#756 = ORIENTED_EDGE('',*,*,#757,.F.);
#757 = EDGE_CURVE('',#458,#758,#760,.T.);
#758 = VERTEX_POINT('',#759);
#759 = CARTESIAN_POINT('',(-0.955,1.15,0.615));
#760 = LINE('',#761,#762);
#761 = CARTESIAN_POINT('',(-0.955,1.15,0.465094279835));
#762 = VECTOR('',#763,1.);
#763 = DIRECTION('',(0.,0.,1.));
#764 = ORIENTED_EDGE('',*,*,#457,.T.);
#765 = ORIENTED_EDGE('',*,*,#566,.T.);
#766 = ORIENTED_EDGE('',*,*,#767,.F.);
#767 = EDGE_CURVE('',#758,#559,#768,.T.);
#768 = LINE('',#769,#770);
#769 = CARTESIAN_POINT('',(-0.955,-1.395,0.615));
#770 = VECTOR('',#771,1.);
#771 = DIRECTION('',(-2.22044604925E-16,1.,0.));
#772 = PLANE('',#773);
#773 = AXIS2_PLACEMENT_3D('',#774,#775,#776);
#774 = CARTESIAN_POINT('',(-0.955,-1.395,0.615));
#775 = DIRECTION('',(1.,2.22044604925E-16,0.));
#776 = DIRECTION('',(-2.22044604925E-16,1.,0.));
#777 = ADVANCED_FACE('',(#778),#803,.F.);
#778 = FACE_BOUND('',#779,.F.);
#779 = EDGE_LOOP('',(#780,#788,#789,#797));
#780 = ORIENTED_EDGE('',*,*,#781,.F.);
#781 = EDGE_CURVE('',#482,#782,#784,.T.);
#782 = VERTEX_POINT('',#783);
#783 = CARTESIAN_POINT('',(-1.005,-1.15,0.435));
#784 = LINE('',#785,#786);
#785 = CARTESIAN_POINT('',(-0.905,-1.15,0.435));
#786 = VECTOR('',#787,1.);
#787 = DIRECTION('',(-1.,-9.95799250103E-17,0.));
#788 = ORIENTED_EDGE('',*,*,#481,.T.);
#789 = ORIENTED_EDGE('',*,*,#790,.T.);
#790 = EDGE_CURVE('',#474,#791,#793,.T.);
#791 = VERTEX_POINT('',#792);
#792 = CARTESIAN_POINT('',(-1.005,-0.75,0.435));
#793 = LINE('',#794,#795);
#794 = CARTESIAN_POINT('',(-0.905,-0.75,0.435));
#795 = VECTOR('',#796,1.);
#796 = DIRECTION('',(-1.,-9.95799250103E-17,0.));
#797 = ORIENTED_EDGE('',*,*,#798,.F.);
#798 = EDGE_CURVE('',#782,#791,#799,.T.);
#799 = LINE('',#800,#801);
#800 = CARTESIAN_POINT('',(-1.005,-1.15,0.435));
#801 = VECTOR('',#802,1.);
#802 = DIRECTION('',(-9.95799250103E-17,1.,0.));
#803 = PLANE('',#804);
#804 = AXIS2_PLACEMENT_3D('',#805,#806,#807);
#805 = CARTESIAN_POINT('',(-0.905,-1.15,0.435));
#806 = DIRECTION('',(0.,0.,1.));
#807 = DIRECTION('',(-1.,-9.95799250103E-17,0.));
#808 = ADVANCED_FACE('',(#809),#834,.F.);
#809 = FACE_BOUND('',#810,.F.);
#810 = EDGE_LOOP('',(#811,#819,#820,#828));
#811 = ORIENTED_EDGE('',*,*,#812,.F.);
#812 = EDGE_CURVE('',#466,#813,#815,.T.);
#813 = VERTEX_POINT('',#814);
#814 = CARTESIAN_POINT('',(-1.005,0.75,0.435));
#815 = LINE('',#816,#817);
#816 = CARTESIAN_POINT('',(-0.905,0.75,0.435));
#817 = VECTOR('',#818,1.);
#818 = DIRECTION('',(-1.,-9.95799250103E-17,0.));
#819 = ORIENTED_EDGE('',*,*,#465,.T.);
#820 = ORIENTED_EDGE('',*,*,#821,.T.);
#821 = EDGE_CURVE('',#458,#822,#824,.T.);
#822 = VERTEX_POINT('',#823);
#823 = CARTESIAN_POINT('',(-1.005,1.15,0.435));
#824 = LINE('',#825,#826);
#825 = CARTESIAN_POINT('',(-0.905,1.15,0.435));
#826 = VECTOR('',#827,1.);
#827 = DIRECTION('',(-1.,-9.95799250103E-17,0.));
#828 = ORIENTED_EDGE('',*,*,#829,.F.);
#829 = EDGE_CURVE('',#813,#822,#830,.T.);
#830 = LINE('',#831,#832);
#831 = CARTESIAN_POINT('',(-1.005,0.75,0.435));
#832 = VECTOR('',#833,1.);
#833 = DIRECTION('',(-9.95799250103E-17,1.,0.));
#834 = PLANE('',#835);
#835 = AXIS2_PLACEMENT_3D('',#836,#837,#838);
#836 = CARTESIAN_POINT('',(-0.905,0.75,0.435));
#837 = DIRECTION('',(0.,0.,1.));
#838 = DIRECTION('',(-1.,-9.95799250103E-17,0.));
#839 = ADVANCED_FACE('',(#840),#865,.F.);
#840 = FACE_BOUND('',#841,.F.);
#841 = EDGE_LOOP('',(#842,#850,#851,#859));
#842 = ORIENTED_EDGE('',*,*,#843,.F.);
#843 = EDGE_CURVE('',#474,#844,#846,.T.);
#844 = VERTEX_POINT('',#845);
#845 = CARTESIAN_POINT('',(-0.955,-0.75,0.615));
#846 = LINE('',#847,#848);
#847 = CARTESIAN_POINT('',(-0.955,-0.75,0.465094279835));
#848 = VECTOR('',#849,1.);
#849 = DIRECTION('',(0.,0.,1.));
#850 = ORIENTED_EDGE('',*,*,#473,.T.);
#851 = ORIENTED_EDGE('',*,*,#852,.T.);
#852 = EDGE_CURVE('',#466,#853,#855,.T.);
#853 = VERTEX_POINT('',#854);
#854 = CARTESIAN_POINT('',(-0.955,0.75,0.615));
#855 = LINE('',#856,#857);
#856 = CARTESIAN_POINT('',(-0.955,0.75,0.465094279835));
#857 = VECTOR('',#858,1.);
#858 = DIRECTION('',(0.,0.,1.));
#859 = ORIENTED_EDGE('',*,*,#860,.F.);
#860 = EDGE_CURVE('',#844,#853,#861,.T.);
#861 = LINE('',#862,#863);
#862 = CARTESIAN_POINT('',(-0.955,-1.395,0.615));
#863 = VECTOR('',#864,1.);
#864 = DIRECTION('',(-2.22044604925E-16,1.,0.));
#865 = PLANE('',#866);
#866 = AXIS2_PLACEMENT_3D('',#867,#868,#869);
#867 = CARTESIAN_POINT('',(-0.955,-1.395,0.615));
#868 = DIRECTION('',(1.,2.22044604925E-16,0.));
#869 = DIRECTION('',(-2.22044604925E-16,1.,0.));
#870 = ADVANCED_FACE('',(#871),#888,.F.);
#871 = FACE_BOUND('',#872,.F.);
#872 = EDGE_LOOP('',(#873,#874,#881,#887));
#873 = ORIENTED_EDGE('',*,*,#512,.T.);
#874 = ORIENTED_EDGE('',*,*,#875,.T.);
#875 = EDGE_CURVE('',#506,#876,#878,.T.);
#876 = VERTEX_POINT('',#877);
#877 = CARTESIAN_POINT('',(0.93,1.3825,0.615));
#878 = B_SPLINE_CURVE_WITH_KNOTS('',1,(#879,#880),.UNSPECIFIED.,.F.,.F.,
  (2,2),(0.,1.),.PIECEWISE_BEZIER_KNOTS.);
#879 = CARTESIAN_POINT('',(0.955,1.395,0.615));
#880 = CARTESIAN_POINT('',(0.93,1.3825,0.615));
#881 = ORIENTED_EDGE('',*,*,#882,.F.);
#882 = EDGE_CURVE('',#529,#876,#883,.T.);
#883 = LINE('',#884,#885);
#884 = CARTESIAN_POINT('',(0.8475,1.465,0.615));
#885 = VECTOR('',#886,1.);
#886 = DIRECTION('',(0.707106781187,-0.707106781187,0.));
#887 = ORIENTED_EDGE('',*,*,#528,.F.);
#888 = B_SPLINE_SURFACE_WITH_KNOTS('',1,1,(
    (#889,#890)
    ,(#891,#892
    )),.UNSPECIFIED.,.F.,.F.,.F.,(2,2),(2,2),(0.,0.134350288425),(0.,1.)
  ,.PIECEWISE_BEZIER_KNOTS.);
#889 = CARTESIAN_POINT('',(0.86,1.49,0.615));
#890 = CARTESIAN_POINT('',(0.8475,1.465,0.615));
#891 = CARTESIAN_POINT('',(0.955,1.395,0.615));
#892 = CARTESIAN_POINT('',(0.93,1.3825,0.615));
#893 = ADVANCED_FACE('',(#894),#917,.F.);
#894 = FACE_BOUND('',#895,.F.);
#895 = EDGE_LOOP('',(#896,#897,#904,#912));
#896 = ORIENTED_EDGE('',*,*,#535,.T.);
#897 = ORIENTED_EDGE('',*,*,#898,.T.);
#898 = EDGE_CURVE('',#529,#899,#901,.T.);
#899 = VERTEX_POINT('',#900);
#900 = CARTESIAN_POINT('',(0.82044588932,1.41089177864,1.));
#901 = B_SPLINE_CURVE_WITH_KNOTS('',1,(#902,#903),.UNSPECIFIED.,.F.,.F.,
  (2,2),(0.,1.),.PIECEWISE_BEZIER_KNOTS.);
#902 = CARTESIAN_POINT('',(0.8475,1.465,0.615));
#903 = CARTESIAN_POINT('',(0.82044588932,1.41089177864,1.));
#904 = ORIENTED_EDGE('',*,*,#905,.F.);
#905 = EDGE_CURVE('',#906,#899,#908,.T.);
#906 = VERTEX_POINT('',#907);
#907 = CARTESIAN_POINT('',(-0.82044588932,1.41089177864,1.));
#908 = LINE('',#909,#910);
#909 = CARTESIAN_POINT('',(-0.82044588932,1.41089177864,1.));
#910 = VECTOR('',#911,1.);
#911 = DIRECTION('',(1.,2.22044604925E-16,0.));
#912 = ORIENTED_EDGE('',*,*,#913,.F.);
#913 = EDGE_CURVE('',#536,#906,#914,.T.);
#914 = B_SPLINE_CURVE_WITH_KNOTS('',1,(#915,#916),.UNSPECIFIED.,.F.,.F.,
  (2,2),(0.,1.),.PIECEWISE_BEZIER_KNOTS.);
#915 = CARTESIAN_POINT('',(-0.8475,1.465,0.615));
#916 = CARTESIAN_POINT('',(-0.82044588932,1.41089177864,1.));
#917 = B_SPLINE_SURFACE_WITH_KNOTS('',1,1,(
    (#918,#919)
    ,(#920,#921
    )),.UNSPECIFIED.,.F.,.F.,.F.,(2,2),(2,2),(0.,1.695),(0.,1.),
  .PIECEWISE_BEZIER_KNOTS.);
#918 = CARTESIAN_POINT('',(-0.8475,1.465,0.615));
#919 = CARTESIAN_POINT('',(-0.82044588932,1.41089177864,1.));
#920 = CARTESIAN_POINT('',(0.8475,1.465,0.615));
#921 = CARTESIAN_POINT('',(0.82044588932,1.41089177864,1.));
#922 = ADVANCED_FACE('',(#923),#940,.F.);
#923 = FACE_BOUND('',#924,.F.);
#924 = EDGE_LOOP('',(#925,#926,#927,#935));
#925 = ORIENTED_EDGE('',*,*,#558,.T.);
#926 = ORIENTED_EDGE('',*,*,#543,.T.);
#927 = ORIENTED_EDGE('',*,*,#928,.F.);
#928 = EDGE_CURVE('',#929,#536,#931,.T.);
#929 = VERTEX_POINT('',#930);
#930 = CARTESIAN_POINT('',(-0.93,1.3825,0.615));
#931 = LINE('',#932,#933);
#932 = CARTESIAN_POINT('',(-0.93,1.3825,0.615));
#933 = VECTOR('',#934,1.);
#934 = DIRECTION('',(0.707106781187,0.707106781187,0.));
#935 = ORIENTED_EDGE('',*,*,#936,.F.);
#936 = EDGE_CURVE('',#559,#929,#937,.T.);
#937 = B_SPLINE_CURVE_WITH_KNOTS('',1,(#938,#939),.UNSPECIFIED.,.F.,.F.,
  (2,2),(0.,1.),.PIECEWISE_BEZIER_KNOTS.);
#938 = CARTESIAN_POINT('',(-0.955,1.395,0.615));
#939 = CARTESIAN_POINT('',(-0.93,1.3825,0.615));
#940 = B_SPLINE_SURFACE_WITH_KNOTS('',1,1,(
    (#941,#942)
    ,(#943,#944
    )),.UNSPECIFIED.,.F.,.F.,.F.,(2,2),(2,2),(0.,0.134350288425),(0.,1.)
  ,.PIECEWISE_BEZIER_KNOTS.);
#941 = CARTESIAN_POINT('',(-0.955,1.395,0.615));
#942 = CARTESIAN_POINT('',(-0.93,1.3825,0.615));
#943 = CARTESIAN_POINT('',(-0.86,1.49,0.615));
#944 = CARTESIAN_POINT('',(-0.8475,1.465,0.615));
#945 = ADVANCED_FACE('',(#946),#964,.F.);
#946 = FACE_BOUND('',#947,.F.);
#947 = EDGE_LOOP('',(#948,#949,#950,#958));
#948 = ORIENTED_EDGE('',*,*,#875,.F.);
#949 = ORIENTED_EDGE('',*,*,#589,.T.);
#950 = ORIENTED_EDGE('',*,*,#951,.T.);
#951 = EDGE_CURVE('',#582,#952,#954,.T.);
#952 = VERTEX_POINT('',#953);
#953 = CARTESIAN_POINT('',(0.93,0.2,0.615));
#954 = LINE('',#955,#956);
#955 = CARTESIAN_POINT('',(1.005,0.2,0.615));
#956 = VECTOR('',#957,1.);
#957 = DIRECTION('',(-1.,-2.22044604925E-16,0.));
#958 = ORIENTED_EDGE('',*,*,#959,.F.);
#959 = EDGE_CURVE('',#876,#952,#960,.T.);
#960 = LINE('',#961,#962);
#961 = CARTESIAN_POINT('',(0.93,1.3825,0.615));
#962 = VECTOR('',#963,1.);
#963 = DIRECTION('',(2.22044604925E-16,-1.,0.));
#964 = B_SPLINE_SURFACE_WITH_KNOTS('',1,1,(
    (#965,#966)
    ,(#967,#968
    )),.UNSPECIFIED.,.F.,.F.,.F.,(2,2),(2,2),(0.,2.79),(0.,1.),
  .PIECEWISE_BEZIER_KNOTS.);
#965 = CARTESIAN_POINT('',(0.955,1.395,0.615));
#966 = CARTESIAN_POINT('',(0.93,1.3825,0.615));
#967 = CARTESIAN_POINT('',(0.955,-1.395,0.615));
#968 = CARTESIAN_POINT('',(0.93,-1.3825,0.615));
#969 = ADVANCED_FACE('',(#970),#1056,.F.);
#970 = FACE_BOUND('',#971,.F.);
#971 = EDGE_LOOP('',(#972,#973,#974,#983,#991,#1000,#1008,#1016,#1024,
    #1033,#1041,#1050));
#972 = ORIENTED_EDGE('',*,*,#581,.F.);
#973 = ORIENTED_EDGE('',*,*,#633,.T.);
#974 = ORIENTED_EDGE('',*,*,#975,.T.);
#975 = EDGE_CURVE('',#634,#976,#978,.T.);
#976 = VERTEX_POINT('',#977);
#977 = CARTESIAN_POINT('',(1.105,0.2,0.335));
#978 = CIRCLE('',#979,0.1);
#979 = AXIS2_PLACEMENT_3D('',#980,#981,#982);
#980 = CARTESIAN_POINT('',(1.005,0.2,0.335));
#981 = DIRECTION('',(-2.22044604925E-16,1.,0.));
#982 = DIRECTION('',(0.,0.,1.));
#983 = ORIENTED_EDGE('',*,*,#984,.T.);
#984 = EDGE_CURVE('',#976,#985,#987,.T.);
#985 = VERTEX_POINT('',#986);
#986 = CARTESIAN_POINT('',(1.105,0.2,0.28));
#987 = LINE('',#988,#989);
#988 = CARTESIAN_POINT('',(1.105,0.2,0.335));
#989 = VECTOR('',#990,1.);
#990 = DIRECTION('',(0.,0.,-1.));
#991 = ORIENTED_EDGE('',*,*,#992,.T.);
#992 = EDGE_CURVE('',#985,#993,#995,.T.);
#993 = VERTEX_POINT('',#994);
#994 = CARTESIAN_POINT('',(1.385,0.2,-5.551115123126E-17));
#995 = CIRCLE('',#996,0.28);
#996 = AXIS2_PLACEMENT_3D('',#997,#998,#999);
#997 = CARTESIAN_POINT('',(1.385,0.2,0.28));
#998 = DIRECTION('',(2.22044604925E-16,-1.,0.));
#999 = DIRECTION('',(-1.,-2.22044604925E-16,-3.965082230804E-16));
#1000 = ORIENTED_EDGE('',*,*,#1001,.T.);
#1001 = EDGE_CURVE('',#993,#1002,#1004,.T.);
#1002 = VERTEX_POINT('',#1003);
#1003 = CARTESIAN_POINT('',(1.45,0.2,-5.551115123126E-17));
#1004 = LINE('',#1005,#1006);
#1005 = CARTESIAN_POINT('',(1.385,0.2,-5.551115123126E-17));
#1006 = VECTOR('',#1007,1.);
#1007 = DIRECTION('',(1.,2.22044604925E-16,0.));
#1008 = ORIENTED_EDGE('',*,*,#1009,.T.);
#1009 = EDGE_CURVE('',#1002,#1010,#1012,.T.);
#1010 = VERTEX_POINT('',#1011);
#1011 = CARTESIAN_POINT('',(1.45,0.2,0.18));
#1012 = LINE('',#1013,#1014);
#1013 = CARTESIAN_POINT('',(1.45,0.2,-5.551115123126E-17));
#1014 = VECTOR('',#1015,1.);
#1015 = DIRECTION('',(0.,0.,1.));
#1016 = ORIENTED_EDGE('',*,*,#1017,.T.);
#1017 = EDGE_CURVE('',#1010,#1018,#1020,.T.);
#1018 = VERTEX_POINT('',#1019);
#1019 = CARTESIAN_POINT('',(1.385,0.2,0.18));
#1020 = LINE('',#1021,#1022);
#1021 = CARTESIAN_POINT('',(1.45,0.2,0.18));
#1022 = VECTOR('',#1023,1.);
#1023 = DIRECTION('',(-1.,-2.22044604925E-16,0.));
#1024 = ORIENTED_EDGE('',*,*,#1025,.T.);
#1025 = EDGE_CURVE('',#1018,#1026,#1028,.T.);
#1026 = VERTEX_POINT('',#1027);
#1027 = CARTESIAN_POINT('',(1.285,0.2,0.28));
#1028 = CIRCLE('',#1029,0.1);
#1029 = AXIS2_PLACEMENT_3D('',#1030,#1031,#1032);
#1030 = CARTESIAN_POINT('',(1.385,0.2,0.28));
#1031 = DIRECTION('',(-2.22044604925E-16,1.,0.));
#1032 = DIRECTION('',(2.22044604925E-15,4.93038065763E-31,-1.));
#1033 = ORIENTED_EDGE('',*,*,#1034,.T.);
#1034 = EDGE_CURVE('',#1026,#1035,#1037,.T.);
#1035 = VERTEX_POINT('',#1036);
#1036 = CARTESIAN_POINT('',(1.285,0.2,0.335));
#1037 = LINE('',#1038,#1039);
#1038 = CARTESIAN_POINT('',(1.285,0.2,0.28));
#1039 = VECTOR('',#1040,1.);
#1040 = DIRECTION('',(-4.037174635001E-15,-8.964328468421E-31,1.));
#1041 = ORIENTED_EDGE('',*,*,#1042,.T.);
#1042 = EDGE_CURVE('',#1035,#1043,#1045,.T.);
#1043 = VERTEX_POINT('',#1044);
#1044 = CARTESIAN_POINT('',(1.005,0.2,0.615));
#1045 = CIRCLE('',#1046,0.28);
#1046 = AXIS2_PLACEMENT_3D('',#1047,#1048,#1049);
#1047 = CARTESIAN_POINT('',(1.005,0.2,0.335));
#1048 = DIRECTION('',(2.22044604925E-16,-1.,0.));
#1049 = DIRECTION('',(1.,2.22044604925E-16,7.930164461608E-16));
#1050 = ORIENTED_EDGE('',*,*,#1051,.T.);
#1051 = EDGE_CURVE('',#1043,#582,#1052,.T.);
#1052 = LINE('',#1053,#1054);
#1053 = CARTESIAN_POINT('',(1.005,0.2,0.615));
#1054 = VECTOR('',#1055,1.);
#1055 = DIRECTION('',(-1.,-2.22044604925E-16,0.));
#1056 = PLANE('',#1057);
#1057 = AXIS2_PLACEMENT_3D('',#1058,#1059,#1060);
#1058 = CARTESIAN_POINT('',(1.182185733884,0.2,0.31518855967));
#1059 = DIRECTION('',(2.22044604925E-16,-1.,0.));
#1060 = DIRECTION('',(0.,0.,1.));
#1061 = ADVANCED_FACE('',(#1062),#1148,.T.);
#1062 = FACE_BOUND('',#1063,.T.);
#1063 = EDGE_LOOP('',(#1064,#1065,#1066,#1075,#1083,#1092,#1100,#1108,
    #1116,#1125,#1133,#1142));
#1064 = ORIENTED_EDGE('',*,*,#603,.F.);
#1065 = ORIENTED_EDGE('',*,*,#642,.T.);
#1066 = ORIENTED_EDGE('',*,*,#1067,.T.);
#1067 = EDGE_CURVE('',#643,#1068,#1070,.T.);
#1068 = VERTEX_POINT('',#1069);
#1069 = CARTESIAN_POINT('',(1.105,-0.2,0.335));
#1070 = CIRCLE('',#1071,0.1);
#1071 = AXIS2_PLACEMENT_3D('',#1072,#1073,#1074);
#1072 = CARTESIAN_POINT('',(1.005,-0.2,0.335));
#1073 = DIRECTION('',(-2.22044604925E-16,1.,0.));
#1074 = DIRECTION('',(0.,0.,1.));
#1075 = ORIENTED_EDGE('',*,*,#1076,.T.);
#1076 = EDGE_CURVE('',#1068,#1077,#1079,.T.);
#1077 = VERTEX_POINT('',#1078);
#1078 = CARTESIAN_POINT('',(1.105,-0.2,0.28));
#1079 = LINE('',#1080,#1081);
#1080 = CARTESIAN_POINT('',(1.105,-0.2,0.335));
#1081 = VECTOR('',#1082,1.);
#1082 = DIRECTION('',(0.,0.,-1.));
#1083 = ORIENTED_EDGE('',*,*,#1084,.T.);
#1084 = EDGE_CURVE('',#1077,#1085,#1087,.T.);
#1085 = VERTEX_POINT('',#1086);
#1086 = CARTESIAN_POINT('',(1.385,-0.2,-5.551115123126E-17));
#1087 = CIRCLE('',#1088,0.28);
#1088 = AXIS2_PLACEMENT_3D('',#1089,#1090,#1091);
#1089 = CARTESIAN_POINT('',(1.385,-0.2,0.28));
#1090 = DIRECTION('',(2.22044604925E-16,-1.,0.));
#1091 = DIRECTION('',(-1.,-2.22044604925E-16,-3.965082230804E-16));
#1092 = ORIENTED_EDGE('',*,*,#1093,.T.);
#1093 = EDGE_CURVE('',#1085,#1094,#1096,.T.);
#1094 = VERTEX_POINT('',#1095);
#1095 = CARTESIAN_POINT('',(1.45,-0.2,-5.551115123126E-17));
#1096 = LINE('',#1097,#1098);
#1097 = CARTESIAN_POINT('',(1.385,-0.2,-5.551115123126E-17));
#1098 = VECTOR('',#1099,1.);
#1099 = DIRECTION('',(1.,2.22044604925E-16,0.));
#1100 = ORIENTED_EDGE('',*,*,#1101,.T.);
#1101 = EDGE_CURVE('',#1094,#1102,#1104,.T.);
#1102 = VERTEX_POINT('',#1103);
#1103 = CARTESIAN_POINT('',(1.45,-0.2,0.18));
#1104 = LINE('',#1105,#1106);
#1105 = CARTESIAN_POINT('',(1.45,-0.2,-5.551115123126E-17));
#1106 = VECTOR('',#1107,1.);
#1107 = DIRECTION('',(0.,0.,1.));
#1108 = ORIENTED_EDGE('',*,*,#1109,.T.);
#1109 = EDGE_CURVE('',#1102,#1110,#1112,.T.);
#1110 = VERTEX_POINT('',#1111);
#1111 = CARTESIAN_POINT('',(1.385,-0.2,0.18));
#1112 = LINE('',#1113,#1114);
#1113 = CARTESIAN_POINT('',(1.45,-0.2,0.18));
#1114 = VECTOR('',#1115,1.);
#1115 = DIRECTION('',(-1.,-2.22044604925E-16,0.));
#1116 = ORIENTED_EDGE('',*,*,#1117,.T.);
#1117 = EDGE_CURVE('',#1110,#1118,#1120,.T.);
#1118 = VERTEX_POINT('',#1119);
#1119 = CARTESIAN_POINT('',(1.285,-0.2,0.28));
#1120 = CIRCLE('',#1121,0.1);
#1121 = AXIS2_PLACEMENT_3D('',#1122,#1123,#1124);
#1122 = CARTESIAN_POINT('',(1.385,-0.2,0.28));
#1123 = DIRECTION('',(-2.22044604925E-16,1.,0.));
#1124 = DIRECTION('',(2.22044604925E-15,4.93038065763E-31,-1.));
#1125 = ORIENTED_EDGE('',*,*,#1126,.T.);
#1126 = EDGE_CURVE('',#1118,#1127,#1129,.T.);
#1127 = VERTEX_POINT('',#1128);
#1128 = CARTESIAN_POINT('',(1.285,-0.2,0.335));
#1129 = LINE('',#1130,#1131);
#1130 = CARTESIAN_POINT('',(1.285,-0.2,0.28));
#1131 = VECTOR('',#1132,1.);
#1132 = DIRECTION('',(-4.037174635001E-15,-8.964328468421E-31,1.));
#1133 = ORIENTED_EDGE('',*,*,#1134,.T.);
#1134 = EDGE_CURVE('',#1127,#1135,#1137,.T.);
#1135 = VERTEX_POINT('',#1136);
#1136 = CARTESIAN_POINT('',(1.005,-0.2,0.615));
#1137 = CIRCLE('',#1138,0.28);
#1138 = AXIS2_PLACEMENT_3D('',#1139,#1140,#1141);
#1139 = CARTESIAN_POINT('',(1.005,-0.2,0.335));
#1140 = DIRECTION('',(2.22044604925E-16,-1.,0.));
#1141 = DIRECTION('',(1.,2.22044604925E-16,7.930164461608E-16));
#1142 = ORIENTED_EDGE('',*,*,#1143,.T.);
#1143 = EDGE_CURVE('',#1135,#604,#1144,.T.);
#1144 = LINE('',#1145,#1146);
#1145 = CARTESIAN_POINT('',(1.005,-0.2,0.615));
#1146 = VECTOR('',#1147,1.);
#1147 = DIRECTION('',(-1.,-2.22044604925E-16,0.));
#1148 = PLANE('',#1149);
#1149 = AXIS2_PLACEMENT_3D('',#1150,#1151,#1152);
#1150 = CARTESIAN_POINT('',(1.182185733884,-0.2,0.31518855967));
#1151 = DIRECTION('',(2.22044604925E-16,-1.,0.));
#1152 = DIRECTION('',(0.,0.,1.));
#1153 = ADVANCED_FACE('',(#1154),#1178,.F.);
#1154 = FACE_BOUND('',#1155,.F.);
#1155 = EDGE_LOOP('',(#1156,#1164,#1165,#1172));
#1156 = ORIENTED_EDGE('',*,*,#1157,.F.);
#1157 = EDGE_CURVE('',#604,#1158,#1160,.T.);
#1158 = VERTEX_POINT('',#1159);
#1159 = CARTESIAN_POINT('',(0.93,-0.2,0.615));
#1160 = LINE('',#1161,#1162);
#1161 = CARTESIAN_POINT('',(1.005,-0.2,0.615));
#1162 = VECTOR('',#1163,1.);
#1163 = DIRECTION('',(-1.,-2.22044604925E-16,0.));
#1164 = ORIENTED_EDGE('',*,*,#619,.T.);
#1165 = ORIENTED_EDGE('',*,*,#1166,.T.);
#1166 = EDGE_CURVE('',#613,#1167,#1169,.T.);
#1167 = VERTEX_POINT('',#1168);
#1168 = CARTESIAN_POINT('',(0.93,-1.3825,0.615));
#1169 = B_SPLINE_CURVE_WITH_KNOTS('',1,(#1170,#1171),.UNSPECIFIED.,.F.,
  .F.,(2,2),(0.,1.),.PIECEWISE_BEZIER_KNOTS.);
#1170 = CARTESIAN_POINT('',(0.955,-1.395,0.615));
#1171 = CARTESIAN_POINT('',(0.93,-1.3825,0.615));
#1172 = ORIENTED_EDGE('',*,*,#1173,.F.);
#1173 = EDGE_CURVE('',#1158,#1167,#1174,.T.);
#1174 = LINE('',#1175,#1176);
#1175 = CARTESIAN_POINT('',(0.93,1.3825,0.615));
#1176 = VECTOR('',#1177,1.);
#1177 = DIRECTION('',(2.22044604925E-16,-1.,0.));
#1178 = B_SPLINE_SURFACE_WITH_KNOTS('',1,1,(
    (#1179,#1180)
    ,(#1181,#1182
    )),.UNSPECIFIED.,.F.,.F.,.F.,(2,2),(2,2),(0.,2.79),(0.,1.),
  .PIECEWISE_BEZIER_KNOTS.);
#1179 = CARTESIAN_POINT('',(0.955,1.395,0.615));
#1180 = CARTESIAN_POINT('',(0.93,1.3825,0.615));
#1181 = CARTESIAN_POINT('',(0.955,-1.395,0.615));
#1182 = CARTESIAN_POINT('',(0.93,-1.3825,0.615));
#1183 = ADVANCED_FACE('',(#1184),#1195,.F.);
#1184 = FACE_BOUND('',#1185,.F.);
#1185 = EDGE_LOOP('',(#1186,#1187,#1188,#1194));
#1186 = ORIENTED_EDGE('',*,*,#650,.T.);
#1187 = ORIENTED_EDGE('',*,*,#1067,.T.);
#1188 = ORIENTED_EDGE('',*,*,#1189,.F.);
#1189 = EDGE_CURVE('',#976,#1068,#1190,.T.);
#1190 = LINE('',#1191,#1192);
#1191 = CARTESIAN_POINT('',(1.105,0.2,0.335));
#1192 = VECTOR('',#1193,1.);
#1193 = DIRECTION('',(2.22044604925E-16,-1.,0.));
#1194 = ORIENTED_EDGE('',*,*,#975,.F.);
#1195 = CYLINDRICAL_SURFACE('',#1196,0.1);
#1196 = AXIS2_PLACEMENT_3D('',#1197,#1198,#1199);
#1197 = CARTESIAN_POINT('',(1.005,0.2,0.335));
#1198 = DIRECTION('',(-2.22044604925E-16,1.,0.));
#1199 = DIRECTION('',(0.,0.,1.));
#1200 = ADVANCED_FACE('',(#1201),#1218,.F.);
#1201 = FACE_BOUND('',#1202,.F.);
#1202 = EDGE_LOOP('',(#1203,#1204,#1211,#1217));
#1203 = ORIENTED_EDGE('',*,*,#672,.T.);
#1204 = ORIENTED_EDGE('',*,*,#1205,.T.);
#1205 = EDGE_CURVE('',#666,#1206,#1208,.T.);
#1206 = VERTEX_POINT('',#1207);
#1207 = CARTESIAN_POINT('',(0.8475,-1.465,0.615));
#1208 = B_SPLINE_CURVE_WITH_KNOTS('',1,(#1209,#1210),.UNSPECIFIED.,.F.,
  .F.,(2,2),(0.,1.),.PIECEWISE_BEZIER_KNOTS.);
#1209 = CARTESIAN_POINT('',(0.86,-1.49,0.615));
#1210 = CARTESIAN_POINT('',(0.8475,-1.465,0.615));
#1211 = ORIENTED_EDGE('',*,*,#1212,.F.);
#1212 = EDGE_CURVE('',#1167,#1206,#1213,.T.);
#1213 = LINE('',#1214,#1215);
#1214 = CARTESIAN_POINT('',(0.93,-1.3825,0.615));
#1215 = VECTOR('',#1216,1.);
#1216 = DIRECTION('',(-0.707106781187,-0.707106781187,0.));
#1217 = ORIENTED_EDGE('',*,*,#1166,.F.);
#1218 = B_SPLINE_SURFACE_WITH_KNOTS('',1,1,(
    (#1219,#1220)
    ,(#1221,#1222
    )),.UNSPECIFIED.,.F.,.F.,.F.,(2,2),(2,2),(0.,0.134350288425),(0.,1.)
  ,.PIECEWISE_BEZIER_KNOTS.);
#1219 = CARTESIAN_POINT('',(0.955,-1.395,0.615));
#1220 = CARTESIAN_POINT('',(0.93,-1.3825,0.615));
#1221 = CARTESIAN_POINT('',(0.86,-1.49,0.615));
#1222 = CARTESIAN_POINT('',(0.8475,-1.465,0.615));
#1223 = ADVANCED_FACE('',(#1224),#1241,.F.);
#1224 = FACE_BOUND('',#1225,.F.);
#1225 = EDGE_LOOP('',(#1226,#1227,#1234,#1240));
#1226 = ORIENTED_EDGE('',*,*,#695,.T.);
#1227 = ORIENTED_EDGE('',*,*,#1228,.T.);
#1228 = EDGE_CURVE('',#689,#1229,#1231,.T.);
#1229 = VERTEX_POINT('',#1230);
#1230 = CARTESIAN_POINT('',(-0.8475,-1.465,0.615));
#1231 = B_SPLINE_CURVE_WITH_KNOTS('',1,(#1232,#1233),.UNSPECIFIED.,.F.,
  .F.,(2,2),(0.,1.),.PIECEWISE_BEZIER_KNOTS.);
#1232 = CARTESIAN_POINT('',(-0.86,-1.49,0.615));
#1233 = CARTESIAN_POINT('',(-0.8475,-1.465,0.615));
#1234 = ORIENTED_EDGE('',*,*,#1235,.F.);
#1235 = EDGE_CURVE('',#1206,#1229,#1236,.T.);
#1236 = LINE('',#1237,#1238);
#1237 = CARTESIAN_POINT('',(0.8475,-1.465,0.615));
#1238 = VECTOR('',#1239,1.);
#1239 = DIRECTION('',(-1.,-2.22044604925E-16,0.));
#1240 = ORIENTED_EDGE('',*,*,#1205,.F.);
#1241 = B_SPLINE_SURFACE_WITH_KNOTS('',1,1,(
    (#1242,#1243)
    ,(#1244,#1245
    )),.UNSPECIFIED.,.F.,.F.,.F.,(2,2),(2,2),(0.,1.72),(0.,1.),
  .PIECEWISE_BEZIER_KNOTS.);
#1242 = CARTESIAN_POINT('',(0.86,-1.49,0.615));
#1243 = CARTESIAN_POINT('',(0.8475,-1.465,0.615));
#1244 = CARTESIAN_POINT('',(-0.86,-1.49,0.615));
#1245 = CARTESIAN_POINT('',(-0.8475,-1.465,0.615));
#1246 = ADVANCED_FACE('',(#1247),#1264,.F.);
#1247 = FACE_BOUND('',#1248,.F.);
#1248 = EDGE_LOOP('',(#1249,#1250,#1257,#1263));
#1249 = ORIENTED_EDGE('',*,*,#718,.T.);
#1250 = ORIENTED_EDGE('',*,*,#1251,.T.);
#1251 = EDGE_CURVE('',#712,#1252,#1254,.T.);
#1252 = VERTEX_POINT('',#1253);
#1253 = CARTESIAN_POINT('',(-0.93,-1.3825,0.615));
#1254 = B_SPLINE_CURVE_WITH_KNOTS('',1,(#1255,#1256),.UNSPECIFIED.,.F.,
  .F.,(2,2),(0.,1.),.PIECEWISE_BEZIER_KNOTS.);
#1255 = CARTESIAN_POINT('',(-0.955,-1.395,0.615));
#1256 = CARTESIAN_POINT('',(-0.93,-1.3825,0.615));
#1257 = ORIENTED_EDGE('',*,*,#1258,.F.);
#1258 = EDGE_CURVE('',#1229,#1252,#1259,.T.);
#1259 = LINE('',#1260,#1261);
#1260 = CARTESIAN_POINT('',(-0.8475,-1.465,0.615));
#1261 = VECTOR('',#1262,1.);
#1262 = DIRECTION('',(-0.707106781187,0.707106781187,0.));
#1263 = ORIENTED_EDGE('',*,*,#1228,.F.);
#1264 = B_SPLINE_SURFACE_WITH_KNOTS('',1,1,(
    (#1265,#1266)
    ,(#1267,#1268
    )),.UNSPECIFIED.,.F.,.F.,.F.,(2,2),(2,2),(0.,0.134350288425),(0.,1.)
  ,.PIECEWISE_BEZIER_KNOTS.);
#1265 = CARTESIAN_POINT('',(-0.86,-1.49,0.615));
#1266 = CARTESIAN_POINT('',(-0.8475,-1.465,0.615));
#1267 = CARTESIAN_POINT('',(-0.955,-1.395,0.615));
#1268 = CARTESIAN_POINT('',(-0.93,-1.3825,0.615));
#1269 = ADVANCED_FACE('',(#1270),#1288,.F.);
#1270 = FACE_BOUND('',#1271,.F.);
#1271 = EDGE_LOOP('',(#1272,#1273,#1274,#1282));
#1272 = ORIENTED_EDGE('',*,*,#1251,.F.);
#1273 = ORIENTED_EDGE('',*,*,#743,.T.);
#1274 = ORIENTED_EDGE('',*,*,#1275,.T.);
#1275 = EDGE_CURVE('',#736,#1276,#1278,.T.);
#1276 = VERTEX_POINT('',#1277);
#1277 = CARTESIAN_POINT('',(-0.93,-1.15,0.615));
#1278 = LINE('',#1279,#1280);
#1279 = CARTESIAN_POINT('',(-1.005,-1.15,0.615));
#1280 = VECTOR('',#1281,1.);
#1281 = DIRECTION('',(1.,9.95799250103E-17,0.));
#1282 = ORIENTED_EDGE('',*,*,#1283,.F.);
#1283 = EDGE_CURVE('',#1252,#1276,#1284,.T.);
#1284 = LINE('',#1285,#1286);
#1285 = CARTESIAN_POINT('',(-0.93,-1.3825,0.615));
#1286 = VECTOR('',#1287,1.);
#1287 = DIRECTION('',(-2.22044604925E-16,1.,0.));
#1288 = B_SPLINE_SURFACE_WITH_KNOTS('',1,1,(
    (#1289,#1290)
    ,(#1291,#1292
    )),.UNSPECIFIED.,.F.,.F.,.F.,(2,2),(2,2),(0.,2.79),(0.,1.),
  .PIECEWISE_BEZIER_KNOTS.);
#1289 = CARTESIAN_POINT('',(-0.955,-1.395,0.615));
#1290 = CARTESIAN_POINT('',(-0.93,-1.3825,0.615));
#1291 = CARTESIAN_POINT('',(-0.955,1.395,0.615));
#1292 = CARTESIAN_POINT('',(-0.93,1.3825,0.615));
#1293 = ADVANCED_FACE('',(#1294),#1380,.F.);
#1294 = FACE_BOUND('',#1295,.F.);
#1295 = EDGE_LOOP('',(#1296,#1297,#1298,#1307,#1315,#1324,#1332,#1340,
    #1348,#1357,#1365,#1374));
#1296 = ORIENTED_EDGE('',*,*,#735,.F.);
#1297 = ORIENTED_EDGE('',*,*,#781,.T.);
#1298 = ORIENTED_EDGE('',*,*,#1299,.T.);
#1299 = EDGE_CURVE('',#782,#1300,#1302,.T.);
#1300 = VERTEX_POINT('',#1301);
#1301 = CARTESIAN_POINT('',(-1.105,-1.15,0.335));
#1302 = CIRCLE('',#1303,0.1);
#1303 = AXIS2_PLACEMENT_3D('',#1304,#1305,#1306);
#1304 = CARTESIAN_POINT('',(-1.005,-1.15,0.335));
#1305 = DIRECTION('',(9.95799250103E-17,-1.,0.));
#1306 = DIRECTION('',(0.,0.,1.));
#1307 = ORIENTED_EDGE('',*,*,#1308,.T.);
#1308 = EDGE_CURVE('',#1300,#1309,#1311,.T.);
#1309 = VERTEX_POINT('',#1310);
#1310 = CARTESIAN_POINT('',(-1.105,-1.15,0.28));
#1311 = LINE('',#1312,#1313);
#1312 = CARTESIAN_POINT('',(-1.105,-1.15,0.335));
#1313 = VECTOR('',#1314,1.);
#1314 = DIRECTION('',(-0.,0.,-1.));
#1315 = ORIENTED_EDGE('',*,*,#1316,.T.);
#1316 = EDGE_CURVE('',#1309,#1317,#1319,.T.);
#1317 = VERTEX_POINT('',#1318);
#1318 = CARTESIAN_POINT('',(-1.385,-1.15,-5.551115123126E-17));
#1319 = CIRCLE('',#1320,0.28);
#1320 = AXIS2_PLACEMENT_3D('',#1321,#1322,#1323);
#1321 = CARTESIAN_POINT('',(-1.385,-1.15,0.28));
#1322 = DIRECTION('',(-9.95799250103E-17,1.,0.));
#1323 = DIRECTION('',(1.,9.95799250103E-17,-3.965082230804E-16));
#1324 = ORIENTED_EDGE('',*,*,#1325,.T.);
#1325 = EDGE_CURVE('',#1317,#1326,#1328,.T.);
#1326 = VERTEX_POINT('',#1327);
#1327 = CARTESIAN_POINT('',(-1.45,-1.15,-5.551115123126E-17));
#1328 = LINE('',#1329,#1330);
#1329 = CARTESIAN_POINT('',(-1.385,-1.15,-5.551115123126E-17));
#1330 = VECTOR('',#1331,1.);
#1331 = DIRECTION('',(-1.,-9.95799250103E-17,0.));
#1332 = ORIENTED_EDGE('',*,*,#1333,.T.);
#1333 = EDGE_CURVE('',#1326,#1334,#1336,.T.);
#1334 = VERTEX_POINT('',#1335);
#1335 = CARTESIAN_POINT('',(-1.45,-1.15,0.18));
#1336 = LINE('',#1337,#1338);
#1337 = CARTESIAN_POINT('',(-1.45,-1.15,-5.551115123126E-17));
#1338 = VECTOR('',#1339,1.);
#1339 = DIRECTION('',(0.,0.,1.));
#1340 = ORIENTED_EDGE('',*,*,#1341,.T.);
#1341 = EDGE_CURVE('',#1334,#1342,#1344,.T.);
#1342 = VERTEX_POINT('',#1343);
#1343 = CARTESIAN_POINT('',(-1.385,-1.15,0.18));
#1344 = LINE('',#1345,#1346);
#1345 = CARTESIAN_POINT('',(-1.45,-1.15,0.18));
#1346 = VECTOR('',#1347,1.);
#1347 = DIRECTION('',(1.,9.95799250103E-17,0.));
#1348 = ORIENTED_EDGE('',*,*,#1349,.T.);
#1349 = EDGE_CURVE('',#1342,#1350,#1352,.T.);
#1350 = VERTEX_POINT('',#1351);
#1351 = CARTESIAN_POINT('',(-1.285,-1.15,0.28));
#1352 = CIRCLE('',#1353,0.1);
#1353 = AXIS2_PLACEMENT_3D('',#1354,#1355,#1356);
#1354 = CARTESIAN_POINT('',(-1.385,-1.15,0.28));
#1355 = DIRECTION('',(9.95799250103E-17,-1.,0.));
#1356 = DIRECTION('',(-2.22044604925E-15,-2.211118510737E-31,-1.));
#1357 = ORIENTED_EDGE('',*,*,#1358,.T.);
#1358 = EDGE_CURVE('',#1350,#1359,#1361,.T.);
#1359 = VERTEX_POINT('',#1360);
#1360 = CARTESIAN_POINT('',(-1.285,-1.15,0.335));
#1361 = LINE('',#1362,#1363);
#1362 = CARTESIAN_POINT('',(-1.285,-1.15,0.28));
#1363 = VECTOR('',#1364,1.);
#1364 = DIRECTION('',(4.037174635001E-15,4.020215474068E-31,1.));
#1365 = ORIENTED_EDGE('',*,*,#1366,.T.);
#1366 = EDGE_CURVE('',#1359,#1367,#1369,.T.);
#1367 = VERTEX_POINT('',#1368);
#1368 = CARTESIAN_POINT('',(-1.005,-1.15,0.615));
#1369 = CIRCLE('',#1370,0.28);
#1370 = AXIS2_PLACEMENT_3D('',#1371,#1372,#1373);
#1371 = CARTESIAN_POINT('',(-1.005,-1.15,0.335));
#1372 = DIRECTION('',(-9.95799250103E-17,1.,0.));
#1373 = DIRECTION('',(-1.,-9.95799250103E-17,7.930164461608E-16));
#1374 = ORIENTED_EDGE('',*,*,#1375,.T.);
#1375 = EDGE_CURVE('',#1367,#736,#1376,.T.);
#1376 = LINE('',#1377,#1378);
#1377 = CARTESIAN_POINT('',(-1.005,-1.15,0.615));
#1378 = VECTOR('',#1379,1.);
#1379 = DIRECTION('',(1.,9.95799250103E-17,0.));
#1380 = PLANE('',#1381);
#1381 = AXIS2_PLACEMENT_3D('',#1382,#1383,#1384);
#1382 = CARTESIAN_POINT('',(-1.182185733884,-1.15,0.31518855967));
#1383 = DIRECTION('',(-9.95799250103E-17,1.,0.));
#1384 = DIRECTION('',(0.,0.,1.));
#1385 = ADVANCED_FACE('',(#1386),#1472,.T.);
#1386 = FACE_BOUND('',#1387,.T.);
#1387 = EDGE_LOOP('',(#1388,#1389,#1390,#1399,#1407,#1416,#1424,#1432,
    #1440,#1449,#1457,#1466));
#1388 = ORIENTED_EDGE('',*,*,#757,.F.);
#1389 = ORIENTED_EDGE('',*,*,#821,.T.);
#1390 = ORIENTED_EDGE('',*,*,#1391,.T.);
#1391 = EDGE_CURVE('',#822,#1392,#1394,.T.);
#1392 = VERTEX_POINT('',#1393);
#1393 = CARTESIAN_POINT('',(-1.105,1.15,0.335));
#1394 = CIRCLE('',#1395,0.1);
#1395 = AXIS2_PLACEMENT_3D('',#1396,#1397,#1398);
#1396 = CARTESIAN_POINT('',(-1.005,1.15,0.335));
#1397 = DIRECTION('',(9.95799250103E-17,-1.,0.));
#1398 = DIRECTION('',(0.,0.,1.));
#1399 = ORIENTED_EDGE('',*,*,#1400,.T.);
#1400 = EDGE_CURVE('',#1392,#1401,#1403,.T.);
#1401 = VERTEX_POINT('',#1402);
#1402 = CARTESIAN_POINT('',(-1.105,1.15,0.28));
#1403 = LINE('',#1404,#1405);
#1404 = CARTESIAN_POINT('',(-1.105,1.15,0.335));
#1405 = VECTOR('',#1406,1.);
#1406 = DIRECTION('',(-0.,0.,-1.));
#1407 = ORIENTED_EDGE('',*,*,#1408,.T.);
#1408 = EDGE_CURVE('',#1401,#1409,#1411,.T.);
#1409 = VERTEX_POINT('',#1410);
#1410 = CARTESIAN_POINT('',(-1.385,1.15,-5.551115123126E-17));
#1411 = CIRCLE('',#1412,0.28);
#1412 = AXIS2_PLACEMENT_3D('',#1413,#1414,#1415);
#1413 = CARTESIAN_POINT('',(-1.385,1.15,0.28));
#1414 = DIRECTION('',(-9.95799250103E-17,1.,0.));
#1415 = DIRECTION('',(1.,9.95799250103E-17,-3.965082230804E-16));
#1416 = ORIENTED_EDGE('',*,*,#1417,.T.);
#1417 = EDGE_CURVE('',#1409,#1418,#1420,.T.);
#1418 = VERTEX_POINT('',#1419);
#1419 = CARTESIAN_POINT('',(-1.45,1.15,-5.551115123126E-17));
#1420 = LINE('',#1421,#1422);
#1421 = CARTESIAN_POINT('',(-1.385,1.15,-5.551115123126E-17));
#1422 = VECTOR('',#1423,1.);
#1423 = DIRECTION('',(-1.,-9.95799250103E-17,0.));
#1424 = ORIENTED_EDGE('',*,*,#1425,.T.);
#1425 = EDGE_CURVE('',#1418,#1426,#1428,.T.);
#1426 = VERTEX_POINT('',#1427);
#1427 = CARTESIAN_POINT('',(-1.45,1.15,0.18));
#1428 = LINE('',#1429,#1430);
#1429 = CARTESIAN_POINT('',(-1.45,1.15,-5.551115123126E-17));
#1430 = VECTOR('',#1431,1.);
#1431 = DIRECTION('',(0.,0.,1.));
#1432 = ORIENTED_EDGE('',*,*,#1433,.T.);
#1433 = EDGE_CURVE('',#1426,#1434,#1436,.T.);
#1434 = VERTEX_POINT('',#1435);
#1435 = CARTESIAN_POINT('',(-1.385,1.15,0.18));
#1436 = LINE('',#1437,#1438);
#1437 = CARTESIAN_POINT('',(-1.45,1.15,0.18));
#1438 = VECTOR('',#1439,1.);
#1439 = DIRECTION('',(1.,9.95799250103E-17,0.));
#1440 = ORIENTED_EDGE('',*,*,#1441,.T.);
#1441 = EDGE_CURVE('',#1434,#1442,#1444,.T.);
#1442 = VERTEX_POINT('',#1443);
#1443 = CARTESIAN_POINT('',(-1.285,1.15,0.28));
#1444 = CIRCLE('',#1445,0.1);
#1445 = AXIS2_PLACEMENT_3D('',#1446,#1447,#1448);
#1446 = CARTESIAN_POINT('',(-1.385,1.15,0.28));
#1447 = DIRECTION('',(9.95799250103E-17,-1.,0.));
#1448 = DIRECTION('',(-2.22044604925E-15,-2.211118510737E-31,-1.));
#1449 = ORIENTED_EDGE('',*,*,#1450,.T.);
#1450 = EDGE_CURVE('',#1442,#1451,#1453,.T.);
#1451 = VERTEX_POINT('',#1452);
#1452 = CARTESIAN_POINT('',(-1.285,1.15,0.335));
#1453 = LINE('',#1454,#1455);
#1454 = CARTESIAN_POINT('',(-1.285,1.15,0.28));
#1455 = VECTOR('',#1456,1.);
#1456 = DIRECTION('',(4.037174635001E-15,4.020215474068E-31,1.));
#1457 = ORIENTED_EDGE('',*,*,#1458,.T.);
#1458 = EDGE_CURVE('',#1451,#1459,#1461,.T.);
#1459 = VERTEX_POINT('',#1460);
#1460 = CARTESIAN_POINT('',(-1.005,1.15,0.615));
#1461 = CIRCLE('',#1462,0.28);
#1462 = AXIS2_PLACEMENT_3D('',#1463,#1464,#1465);
#1463 = CARTESIAN_POINT('',(-1.005,1.15,0.335));
#1464 = DIRECTION('',(-9.95799250103E-17,1.,0.));
#1465 = DIRECTION('',(-1.,-9.95799250103E-17,7.930164461608E-16));
#1466 = ORIENTED_EDGE('',*,*,#1467,.T.);
#1467 = EDGE_CURVE('',#1459,#758,#1468,.T.);
#1468 = LINE('',#1469,#1470);
#1469 = CARTESIAN_POINT('',(-1.005,1.15,0.615));
#1470 = VECTOR('',#1471,1.);
#1471 = DIRECTION('',(1.,9.95799250103E-17,0.));
#1472 = PLANE('',#1473);
#1473 = AXIS2_PLACEMENT_3D('',#1474,#1475,#1476);
#1474 = CARTESIAN_POINT('',(-1.182185733884,1.15,0.31518855967));
#1475 = DIRECTION('',(-9.95799250103E-17,1.,0.));
#1476 = DIRECTION('',(0.,0.,1.));
#1477 = ADVANCED_FACE('',(#1478),#1496,.F.);
#1478 = FACE_BOUND('',#1479,.F.);
#1479 = EDGE_LOOP('',(#1480,#1488,#1489,#1490));
#1480 = ORIENTED_EDGE('',*,*,#1481,.F.);
#1481 = EDGE_CURVE('',#758,#1482,#1484,.T.);
#1482 = VERTEX_POINT('',#1483);
#1483 = CARTESIAN_POINT('',(-0.93,1.15,0.615));
#1484 = LINE('',#1485,#1486);
#1485 = CARTESIAN_POINT('',(-1.005,1.15,0.615));
#1486 = VECTOR('',#1487,1.);
#1487 = DIRECTION('',(1.,9.95799250103E-17,0.));
#1488 = ORIENTED_EDGE('',*,*,#767,.T.);
#1489 = ORIENTED_EDGE('',*,*,#936,.T.);
#1490 = ORIENTED_EDGE('',*,*,#1491,.F.);
#1491 = EDGE_CURVE('',#1482,#929,#1492,.T.);
#1492 = LINE('',#1493,#1494);
#1493 = CARTESIAN_POINT('',(-0.93,-1.3825,0.615));
#1494 = VECTOR('',#1495,1.);
#1495 = DIRECTION('',(-2.22044604925E-16,1.,0.));
#1496 = B_SPLINE_SURFACE_WITH_KNOTS('',1,1,(
    (#1497,#1498)
    ,(#1499,#1500
    )),.UNSPECIFIED.,.F.,.F.,.F.,(2,2),(2,2),(0.,2.79),(0.,1.),
  .PIECEWISE_BEZIER_KNOTS.);
#1497 = CARTESIAN_POINT('',(-0.955,-1.395,0.615));
#1498 = CARTESIAN_POINT('',(-0.93,-1.3825,0.615));
#1499 = CARTESIAN_POINT('',(-0.955,1.395,0.615));
#1500 = CARTESIAN_POINT('',(-0.93,1.3825,0.615));
#1501 = ADVANCED_FACE('',(#1502),#1521,.F.);
#1502 = FACE_BOUND('',#1503,.F.);
#1503 = EDGE_LOOP('',(#1504,#1505,#1514,#1520));
#1504 = ORIENTED_EDGE('',*,*,#798,.T.);
#1505 = ORIENTED_EDGE('',*,*,#1506,.T.);
#1506 = EDGE_CURVE('',#791,#1507,#1509,.T.);
#1507 = VERTEX_POINT('',#1508);
#1508 = CARTESIAN_POINT('',(-1.105,-0.75,0.335));
#1509 = CIRCLE('',#1510,0.1);
#1510 = AXIS2_PLACEMENT_3D('',#1511,#1512,#1513);
#1511 = CARTESIAN_POINT('',(-1.005,-0.75,0.335));
#1512 = DIRECTION('',(9.95799250103E-17,-1.,0.));
#1513 = DIRECTION('',(0.,0.,1.));
#1514 = ORIENTED_EDGE('',*,*,#1515,.F.);
#1515 = EDGE_CURVE('',#1300,#1507,#1516,.T.);
#1516 = LINE('',#1517,#1518);
#1517 = CARTESIAN_POINT('',(-1.105,-1.15,0.335));
#1518 = VECTOR('',#1519,1.);
#1519 = DIRECTION('',(-9.95799250103E-17,1.,0.));
#1520 = ORIENTED_EDGE('',*,*,#1299,.F.);
#1521 = CYLINDRICAL_SURFACE('',#1522,0.1);
#1522 = AXIS2_PLACEMENT_3D('',#1523,#1524,#1525);
#1523 = CARTESIAN_POINT('',(-1.005,-1.15,0.335));
#1524 = DIRECTION('',(9.95799250103E-17,-1.,0.));
#1525 = DIRECTION('',(0.,0.,1.));
#1526 = ADVANCED_FACE('',(#1527),#1605,.T.);
#1527 = FACE_BOUND('',#1528,.T.);
#1528 = EDGE_LOOP('',(#1529,#1530,#1531,#1532,#1540,#1549,#1557,#1565,
    #1573,#1582,#1590,#1599));
#1529 = ORIENTED_EDGE('',*,*,#843,.F.);
#1530 = ORIENTED_EDGE('',*,*,#790,.T.);
#1531 = ORIENTED_EDGE('',*,*,#1506,.T.);
#1532 = ORIENTED_EDGE('',*,*,#1533,.T.);
#1533 = EDGE_CURVE('',#1507,#1534,#1536,.T.);
#1534 = VERTEX_POINT('',#1535);
#1535 = CARTESIAN_POINT('',(-1.105,-0.75,0.28));
#1536 = LINE('',#1537,#1538);
#1537 = CARTESIAN_POINT('',(-1.105,-0.75,0.335));
#1538 = VECTOR('',#1539,1.);
#1539 = DIRECTION('',(-0.,0.,-1.));
#1540 = ORIENTED_EDGE('',*,*,#1541,.T.);
#1541 = EDGE_CURVE('',#1534,#1542,#1544,.T.);
#1542 = VERTEX_POINT('',#1543);
#1543 = CARTESIAN_POINT('',(-1.385,-0.75,-5.551115123126E-17));
#1544 = CIRCLE('',#1545,0.28);
#1545 = AXIS2_PLACEMENT_3D('',#1546,#1547,#1548);
#1546 = CARTESIAN_POINT('',(-1.385,-0.75,0.28));
#1547 = DIRECTION('',(-9.95799250103E-17,1.,0.));
#1548 = DIRECTION('',(1.,9.95799250103E-17,-3.965082230804E-16));
#1549 = ORIENTED_EDGE('',*,*,#1550,.T.);
#1550 = EDGE_CURVE('',#1542,#1551,#1553,.T.);
#1551 = VERTEX_POINT('',#1552);
#1552 = CARTESIAN_POINT('',(-1.45,-0.75,-5.551115123126E-17));
#1553 = LINE('',#1554,#1555);
#1554 = CARTESIAN_POINT('',(-1.385,-0.75,-5.551115123126E-17));
#1555 = VECTOR('',#1556,1.);
#1556 = DIRECTION('',(-1.,-9.95799250103E-17,0.));
#1557 = ORIENTED_EDGE('',*,*,#1558,.T.);
#1558 = EDGE_CURVE('',#1551,#1559,#1561,.T.);
#1559 = VERTEX_POINT('',#1560);
#1560 = CARTESIAN_POINT('',(-1.45,-0.75,0.18));
#1561 = LINE('',#1562,#1563);
#1562 = CARTESIAN_POINT('',(-1.45,-0.75,-5.551115123126E-17));
#1563 = VECTOR('',#1564,1.);
#1564 = DIRECTION('',(0.,0.,1.));
#1565 = ORIENTED_EDGE('',*,*,#1566,.T.);
#1566 = EDGE_CURVE('',#1559,#1567,#1569,.T.);
#1567 = VERTEX_POINT('',#1568);
#1568 = CARTESIAN_POINT('',(-1.385,-0.75,0.18));
#1569 = LINE('',#1570,#1571);
#1570 = CARTESIAN_POINT('',(-1.45,-0.75,0.18));
#1571 = VECTOR('',#1572,1.);
#1572 = DIRECTION('',(1.,9.95799250103E-17,0.));
#1573 = ORIENTED_EDGE('',*,*,#1574,.T.);
#1574 = EDGE_CURVE('',#1567,#1575,#1577,.T.);
#1575 = VERTEX_POINT('',#1576);
#1576 = CARTESIAN_POINT('',(-1.285,-0.75,0.28));
#1577 = CIRCLE('',#1578,0.1);
#1578 = AXIS2_PLACEMENT_3D('',#1579,#1580,#1581);
#1579 = CARTESIAN_POINT('',(-1.385,-0.75,0.28));
#1580 = DIRECTION('',(9.95799250103E-17,-1.,0.));
#1581 = DIRECTION('',(-2.22044604925E-15,-2.211118510737E-31,-1.));
#1582 = ORIENTED_EDGE('',*,*,#1583,.T.);
#1583 = EDGE_CURVE('',#1575,#1584,#1586,.T.);
#1584 = VERTEX_POINT('',#1585);
#1585 = CARTESIAN_POINT('',(-1.285,-0.75,0.335));
#1586 = LINE('',#1587,#1588);
#1587 = CARTESIAN_POINT('',(-1.285,-0.75,0.28));
#1588 = VECTOR('',#1589,1.);
#1589 = DIRECTION('',(4.037174635001E-15,4.020215474068E-31,1.));
#1590 = ORIENTED_EDGE('',*,*,#1591,.T.);
#1591 = EDGE_CURVE('',#1584,#1592,#1594,.T.);
#1592 = VERTEX_POINT('',#1593);
#1593 = CARTESIAN_POINT('',(-1.005,-0.75,0.615));
#1594 = CIRCLE('',#1595,0.28);
#1595 = AXIS2_PLACEMENT_3D('',#1596,#1597,#1598);
#1596 = CARTESIAN_POINT('',(-1.005,-0.75,0.335));
#1597 = DIRECTION('',(-9.95799250103E-17,1.,0.));
#1598 = DIRECTION('',(-1.,-9.95799250103E-17,7.930164461608E-16));
#1599 = ORIENTED_EDGE('',*,*,#1600,.T.);
#1600 = EDGE_CURVE('',#1592,#844,#1601,.T.);
#1601 = LINE('',#1602,#1603);
#1602 = CARTESIAN_POINT('',(-1.005,-0.75,0.615));
#1603 = VECTOR('',#1604,1.);
#1604 = DIRECTION('',(1.,9.95799250103E-17,0.));
#1605 = PLANE('',#1606);
#1606 = AXIS2_PLACEMENT_3D('',#1607,#1608,#1609);
#1607 = CARTESIAN_POINT('',(-1.182185733884,-0.75,0.31518855967));
#1608 = DIRECTION('',(-9.95799250103E-17,1.,0.));
#1609 = DIRECTION('',(0.,0.,1.));
#1610 = ADVANCED_FACE('',(#1611),#1697,.F.);
#1611 = FACE_BOUND('',#1612,.F.);
#1612 = EDGE_LOOP('',(#1613,#1614,#1615,#1624,#1632,#1641,#1649,#1657,
    #1665,#1674,#1682,#1691));
#1613 = ORIENTED_EDGE('',*,*,#852,.F.);
#1614 = ORIENTED_EDGE('',*,*,#812,.T.);
#1615 = ORIENTED_EDGE('',*,*,#1616,.T.);
#1616 = EDGE_CURVE('',#813,#1617,#1619,.T.);
#1617 = VERTEX_POINT('',#1618);
#1618 = CARTESIAN_POINT('',(-1.105,0.75,0.335));
#1619 = CIRCLE('',#1620,0.1);
#1620 = AXIS2_PLACEMENT_3D('',#1621,#1622,#1623);
#1621 = CARTESIAN_POINT('',(-1.005,0.75,0.335));
#1622 = DIRECTION('',(9.95799250103E-17,-1.,0.));
#1623 = DIRECTION('',(0.,0.,1.));
#1624 = ORIENTED_EDGE('',*,*,#1625,.T.);
#1625 = EDGE_CURVE('',#1617,#1626,#1628,.T.);
#1626 = VERTEX_POINT('',#1627);
#1627 = CARTESIAN_POINT('',(-1.105,0.75,0.28));
#1628 = LINE('',#1629,#1630);
#1629 = CARTESIAN_POINT('',(-1.105,0.75,0.335));
#1630 = VECTOR('',#1631,1.);
#1631 = DIRECTION('',(-0.,0.,-1.));
#1632 = ORIENTED_EDGE('',*,*,#1633,.T.);
#1633 = EDGE_CURVE('',#1626,#1634,#1636,.T.);
#1634 = VERTEX_POINT('',#1635);
#1635 = CARTESIAN_POINT('',(-1.385,0.75,-5.551115123126E-17));
#1636 = CIRCLE('',#1637,0.28);
#1637 = AXIS2_PLACEMENT_3D('',#1638,#1639,#1640);
#1638 = CARTESIAN_POINT('',(-1.385,0.75,0.28));
#1639 = DIRECTION('',(-9.95799250103E-17,1.,0.));
#1640 = DIRECTION('',(1.,9.95799250103E-17,-3.965082230804E-16));
#1641 = ORIENTED_EDGE('',*,*,#1642,.T.);
#1642 = EDGE_CURVE('',#1634,#1643,#1645,.T.);
#1643 = VERTEX_POINT('',#1644);
#1644 = CARTESIAN_POINT('',(-1.45,0.75,-5.551115123126E-17));
#1645 = LINE('',#1646,#1647);
#1646 = CARTESIAN_POINT('',(-1.385,0.75,-5.551115123126E-17));
#1647 = VECTOR('',#1648,1.);
#1648 = DIRECTION('',(-1.,-9.95799250103E-17,0.));
#1649 = ORIENTED_EDGE('',*,*,#1650,.T.);
#1650 = EDGE_CURVE('',#1643,#1651,#1653,.T.);
#1651 = VERTEX_POINT('',#1652);
#1652 = CARTESIAN_POINT('',(-1.45,0.75,0.18));
#1653 = LINE('',#1654,#1655);
#1654 = CARTESIAN_POINT('',(-1.45,0.75,-5.551115123126E-17));
#1655 = VECTOR('',#1656,1.);
#1656 = DIRECTION('',(0.,0.,1.));
#1657 = ORIENTED_EDGE('',*,*,#1658,.T.);
#1658 = EDGE_CURVE('',#1651,#1659,#1661,.T.);
#1659 = VERTEX_POINT('',#1660);
#1660 = CARTESIAN_POINT('',(-1.385,0.75,0.18));
#1661 = LINE('',#1662,#1663);
#1662 = CARTESIAN_POINT('',(-1.45,0.75,0.18));
#1663 = VECTOR('',#1664,1.);
#1664 = DIRECTION('',(1.,9.95799250103E-17,0.));
#1665 = ORIENTED_EDGE('',*,*,#1666,.T.);
#1666 = EDGE_CURVE('',#1659,#1667,#1669,.T.);
#1667 = VERTEX_POINT('',#1668);
#1668 = CARTESIAN_POINT('',(-1.285,0.75,0.28));
#1669 = CIRCLE('',#1670,0.1);
#1670 = AXIS2_PLACEMENT_3D('',#1671,#1672,#1673);
#1671 = CARTESIAN_POINT('',(-1.385,0.75,0.28));
#1672 = DIRECTION('',(9.95799250103E-17,-1.,0.));
#1673 = DIRECTION('',(-2.22044604925E-15,-2.211118510737E-31,-1.));
#1674 = ORIENTED_EDGE('',*,*,#1675,.T.);
#1675 = EDGE_CURVE('',#1667,#1676,#1678,.T.);
#1676 = VERTEX_POINT('',#1677);
#1677 = CARTESIAN_POINT('',(-1.285,0.75,0.335));
#1678 = LINE('',#1679,#1680);
#1679 = CARTESIAN_POINT('',(-1.285,0.75,0.28));
#1680 = VECTOR('',#1681,1.);
#1681 = DIRECTION('',(4.037174635001E-15,4.020215474068E-31,1.));
#1682 = ORIENTED_EDGE('',*,*,#1683,.T.);
#1683 = EDGE_CURVE('',#1676,#1684,#1686,.T.);
#1684 = VERTEX_POINT('',#1685);
#1685 = CARTESIAN_POINT('',(-1.005,0.75,0.615));
#1686 = CIRCLE('',#1687,0.28);
#1687 = AXIS2_PLACEMENT_3D('',#1688,#1689,#1690);
#1688 = CARTESIAN_POINT('',(-1.005,0.75,0.335));
#1689 = DIRECTION('',(-9.95799250103E-17,1.,0.));
#1690 = DIRECTION('',(-1.,-9.95799250103E-17,7.930164461608E-16));
#1691 = ORIENTED_EDGE('',*,*,#1692,.T.);
#1692 = EDGE_CURVE('',#1684,#853,#1693,.T.);
#1693 = LINE('',#1694,#1695);
#1694 = CARTESIAN_POINT('',(-1.005,0.75,0.615));
#1695 = VECTOR('',#1696,1.);
#1696 = DIRECTION('',(1.,9.95799250103E-17,0.));
#1697 = PLANE('',#1698);
#1698 = AXIS2_PLACEMENT_3D('',#1699,#1700,#1701);
#1699 = CARTESIAN_POINT('',(-1.182185733884,0.75,0.31518855967));
#1700 = DIRECTION('',(-9.95799250103E-17,1.,0.));
#1701 = DIRECTION('',(0.,0.,1.));
#1702 = ADVANCED_FACE('',(#1703),#1714,.F.);
#1703 = FACE_BOUND('',#1704,.F.);
#1704 = EDGE_LOOP('',(#1705,#1706,#1707,#1713));
#1705 = ORIENTED_EDGE('',*,*,#829,.T.);
#1706 = ORIENTED_EDGE('',*,*,#1391,.T.);
#1707 = ORIENTED_EDGE('',*,*,#1708,.F.);
#1708 = EDGE_CURVE('',#1617,#1392,#1709,.T.);
#1709 = LINE('',#1710,#1711);
#1710 = CARTESIAN_POINT('',(-1.105,0.75,0.335));
#1711 = VECTOR('',#1712,1.);
#1712 = DIRECTION('',(-9.95799250103E-17,1.,0.));
#1713 = ORIENTED_EDGE('',*,*,#1616,.F.);
#1714 = CYLINDRICAL_SURFACE('',#1715,0.1);
#1715 = AXIS2_PLACEMENT_3D('',#1716,#1717,#1718);
#1716 = CARTESIAN_POINT('',(-1.005,0.75,0.335));
#1717 = DIRECTION('',(9.95799250103E-17,-1.,0.));
#1718 = DIRECTION('',(0.,0.,1.));
#1719 = ADVANCED_FACE('',(#1720),#1745,.F.);
#1720 = FACE_BOUND('',#1721,.F.);
#1721 = EDGE_LOOP('',(#1722,#1730,#1731,#1739));
#1722 = ORIENTED_EDGE('',*,*,#1723,.F.);
#1723 = EDGE_CURVE('',#844,#1724,#1726,.T.);
#1724 = VERTEX_POINT('',#1725);
#1725 = CARTESIAN_POINT('',(-0.93,-0.75,0.615));
#1726 = LINE('',#1727,#1728);
#1727 = CARTESIAN_POINT('',(-1.005,-0.75,0.615));
#1728 = VECTOR('',#1729,1.);
#1729 = DIRECTION('',(1.,9.95799250103E-17,0.));
#1730 = ORIENTED_EDGE('',*,*,#860,.T.);
#1731 = ORIENTED_EDGE('',*,*,#1732,.T.);
#1732 = EDGE_CURVE('',#853,#1733,#1735,.T.);
#1733 = VERTEX_POINT('',#1734);
#1734 = CARTESIAN_POINT('',(-0.93,0.75,0.615));
#1735 = LINE('',#1736,#1737);
#1736 = CARTESIAN_POINT('',(-1.005,0.75,0.615));
#1737 = VECTOR('',#1738,1.);
#1738 = DIRECTION('',(1.,9.95799250103E-17,0.));
#1739 = ORIENTED_EDGE('',*,*,#1740,.F.);
#1740 = EDGE_CURVE('',#1724,#1733,#1741,.T.);
#1741 = LINE('',#1742,#1743);
#1742 = CARTESIAN_POINT('',(-0.93,-1.3825,0.615));
#1743 = VECTOR('',#1744,1.);
#1744 = DIRECTION('',(-2.22044604925E-16,1.,0.));
#1745 = B_SPLINE_SURFACE_WITH_KNOTS('',1,1,(
    (#1746,#1747)
    ,(#1748,#1749
    )),.UNSPECIFIED.,.F.,.F.,.F.,(2,2),(2,2),(0.,2.79),(0.,1.),
  .PIECEWISE_BEZIER_KNOTS.);
#1746 = CARTESIAN_POINT('',(-0.955,-1.395,0.615));
#1747 = CARTESIAN_POINT('',(-0.93,-1.3825,0.615));
#1748 = CARTESIAN_POINT('',(-0.955,1.395,0.615));
#1749 = CARTESIAN_POINT('',(-0.93,1.3825,0.615));
#1750 = ADVANCED_FACE('',(#1751),#1768,.F.);
#1751 = FACE_BOUND('',#1752,.F.);
#1752 = EDGE_LOOP('',(#1753,#1754,#1761,#1767));
#1753 = ORIENTED_EDGE('',*,*,#882,.T.);
#1754 = ORIENTED_EDGE('',*,*,#1755,.T.);
#1755 = EDGE_CURVE('',#876,#1756,#1758,.T.);
#1756 = VERTEX_POINT('',#1757);
#1757 = CARTESIAN_POINT('',(0.87589177864,1.35544588932,1.));
#1758 = B_SPLINE_CURVE_WITH_KNOTS('',1,(#1759,#1760),.UNSPECIFIED.,.F.,
  .F.,(2,2),(0.,1.),.PIECEWISE_BEZIER_KNOTS.);
#1759 = CARTESIAN_POINT('',(0.93,1.3825,0.615));
#1760 = CARTESIAN_POINT('',(0.87589177864,1.35544588932,1.));
#1761 = ORIENTED_EDGE('',*,*,#1762,.F.);
#1762 = EDGE_CURVE('',#899,#1756,#1763,.T.);
#1763 = LINE('',#1764,#1765);
#1764 = CARTESIAN_POINT('',(0.82044588932,1.41089177864,1.));
#1765 = VECTOR('',#1766,1.);
#1766 = DIRECTION('',(0.707106781187,-0.707106781187,0.));
#1767 = ORIENTED_EDGE('',*,*,#898,.F.);
#1768 = B_SPLINE_SURFACE_WITH_KNOTS('',1,1,(
    (#1769,#1770)
    ,(#1771,#1772
    )),.UNSPECIFIED.,.F.,.F.,.F.,(2,2),(2,2),(0.,0.116672618896),(0.,1.)
  ,.PIECEWISE_BEZIER_KNOTS.);
#1769 = CARTESIAN_POINT('',(0.8475,1.465,0.615));
#1770 = CARTESIAN_POINT('',(0.82044588932,1.41089177864,1.));
#1771 = CARTESIAN_POINT('',(0.93,1.3825,0.615));
#1772 = CARTESIAN_POINT('',(0.87589177864,1.35544588932,1.));
#1773 = ADVANCED_FACE('',(#1774),#1824,.T.);
#1774 = FACE_BOUND('',#1775,.F.);
#1775 = EDGE_LOOP('',(#1776,#1777,#1778,#1786,#1794,#1802,#1810,#1818));
#1776 = ORIENTED_EDGE('',*,*,#905,.T.);
#1777 = ORIENTED_EDGE('',*,*,#1762,.T.);
#1778 = ORIENTED_EDGE('',*,*,#1779,.T.);
#1779 = EDGE_CURVE('',#1756,#1780,#1782,.T.);
#1780 = VERTEX_POINT('',#1781);
#1781 = CARTESIAN_POINT('',(0.87589177864,-1.35544588932,1.));
#1782 = LINE('',#1783,#1784);
#1783 = CARTESIAN_POINT('',(0.87589177864,1.35544588932,1.));
#1784 = VECTOR('',#1785,1.);
#1785 = DIRECTION('',(2.22044604925E-16,-1.,0.));
#1786 = ORIENTED_EDGE('',*,*,#1787,.T.);
#1787 = EDGE_CURVE('',#1780,#1788,#1790,.T.);
#1788 = VERTEX_POINT('',#1789);
#1789 = CARTESIAN_POINT('',(0.82044588932,-1.41089177864,1.));
#1790 = LINE('',#1791,#1792);
#1791 = CARTESIAN_POINT('',(0.87589177864,-1.35544588932,1.));
#1792 = VECTOR('',#1793,1.);
#1793 = DIRECTION('',(-0.707106781187,-0.707106781187,0.));
#1794 = ORIENTED_EDGE('',*,*,#1795,.T.);
#1795 = EDGE_CURVE('',#1788,#1796,#1798,.T.);
#1796 = VERTEX_POINT('',#1797);
#1797 = CARTESIAN_POINT('',(-0.82044588932,-1.41089177864,1.));
#1798 = LINE('',#1799,#1800);
#1799 = CARTESIAN_POINT('',(0.82044588932,-1.41089177864,1.));
#1800 = VECTOR('',#1801,1.);
#1801 = DIRECTION('',(-1.,-2.22044604925E-16,0.));
#1802 = ORIENTED_EDGE('',*,*,#1803,.T.);
#1803 = EDGE_CURVE('',#1796,#1804,#1806,.T.);
#1804 = VERTEX_POINT('',#1805);
#1805 = CARTESIAN_POINT('',(-0.87589177864,-1.35544588932,1.));
#1806 = LINE('',#1807,#1808);
#1807 = CARTESIAN_POINT('',(-0.82044588932,-1.41089177864,1.));
#1808 = VECTOR('',#1809,1.);
#1809 = DIRECTION('',(-0.707106781187,0.707106781187,0.));
#1810 = ORIENTED_EDGE('',*,*,#1811,.T.);
#1811 = EDGE_CURVE('',#1804,#1812,#1814,.T.);
#1812 = VERTEX_POINT('',#1813);
#1813 = CARTESIAN_POINT('',(-0.87589177864,1.35544588932,1.));
#1814 = LINE('',#1815,#1816);
#1815 = CARTESIAN_POINT('',(-0.87589177864,-1.35544588932,1.));
#1816 = VECTOR('',#1817,1.);
#1817 = DIRECTION('',(-2.22044604925E-16,1.,0.));
#1818 = ORIENTED_EDGE('',*,*,#1819,.T.);
#1819 = EDGE_CURVE('',#1812,#906,#1820,.T.);
#1820 = LINE('',#1821,#1822);
#1821 = CARTESIAN_POINT('',(-0.87589177864,1.35544588932,1.));
#1822 = VECTOR('',#1823,1.);
#1823 = DIRECTION('',(0.707106781187,0.707106781187,0.));
#1824 = PLANE('',#1825);
#1825 = AXIS2_PLACEMENT_3D('',#1826,#1827,#1828);
#1826 = CARTESIAN_POINT('',(-0.82044588932,1.41089177864,1.));
#1827 = DIRECTION('',(0.,0.,1.));
#1828 = DIRECTION('',(0.50269370991,-0.864464593848,0.));
#1829 = ADVANCED_FACE('',(#1830),#1840,.F.);
#1830 = FACE_BOUND('',#1831,.F.);
#1831 = EDGE_LOOP('',(#1832,#1833,#1834,#1835));
#1832 = ORIENTED_EDGE('',*,*,#928,.T.);
#1833 = ORIENTED_EDGE('',*,*,#913,.T.);
#1834 = ORIENTED_EDGE('',*,*,#1819,.F.);
#1835 = ORIENTED_EDGE('',*,*,#1836,.F.);
#1836 = EDGE_CURVE('',#929,#1812,#1837,.T.);
#1837 = B_SPLINE_CURVE_WITH_KNOTS('',1,(#1838,#1839),.UNSPECIFIED.,.F.,
  .F.,(2,2),(0.,1.),.PIECEWISE_BEZIER_KNOTS.);
#1838 = CARTESIAN_POINT('',(-0.93,1.3825,0.615));
#1839 = CARTESIAN_POINT('',(-0.87589177864,1.35544588932,1.));
#1840 = B_SPLINE_SURFACE_WITH_KNOTS('',1,1,(
    (#1841,#1842)
    ,(#1843,#1844
    )),.UNSPECIFIED.,.F.,.F.,.F.,(2,2),(2,2),(0.,0.116672618896),(0.,1.)
  ,.PIECEWISE_BEZIER_KNOTS.);
#1841 = CARTESIAN_POINT('',(-0.93,1.3825,0.615));
#1842 = CARTESIAN_POINT('',(-0.87589177864,1.35544588932,1.));
#1843 = CARTESIAN_POINT('',(-0.8475,1.465,0.615));
#1844 = CARTESIAN_POINT('',(-0.82044588932,1.41089177864,1.));
#1845 = ADVANCED_FACE('',(#1846),#1863,.F.);
#1846 = FACE_BOUND('',#1847,.F.);
#1847 = EDGE_LOOP('',(#1848,#1849,#1855,#1856,#1861,#1862));
#1848 = ORIENTED_EDGE('',*,*,#959,.T.);
#1849 = ORIENTED_EDGE('',*,*,#1850,.T.);
#1850 = EDGE_CURVE('',#952,#1158,#1851,.T.);
#1851 = LINE('',#1852,#1853);
#1852 = CARTESIAN_POINT('',(0.93,1.3825,0.615));
#1853 = VECTOR('',#1854,1.);
#1854 = DIRECTION('',(2.22044604925E-16,-1.,0.));
#1855 = ORIENTED_EDGE('',*,*,#1173,.T.);
#1856 = ORIENTED_EDGE('',*,*,#1857,.T.);
#1857 = EDGE_CURVE('',#1167,#1780,#1858,.T.);
#1858 = B_SPLINE_CURVE_WITH_KNOTS('',1,(#1859,#1860),.UNSPECIFIED.,.F.,
  .F.,(2,2),(0.,1.),.PIECEWISE_BEZIER_KNOTS.);
#1859 = CARTESIAN_POINT('',(0.93,-1.3825,0.615));
#1860 = CARTESIAN_POINT('',(0.87589177864,-1.35544588932,1.));
#1861 = ORIENTED_EDGE('',*,*,#1779,.F.);
#1862 = ORIENTED_EDGE('',*,*,#1755,.F.);
#1863 = B_SPLINE_SURFACE_WITH_KNOTS('',1,1,(
    (#1864,#1865)
    ,(#1866,#1867
    )),.UNSPECIFIED.,.F.,.F.,.F.,(2,2),(2,2),(0.,2.765),(0.,1.),
  .PIECEWISE_BEZIER_KNOTS.);
#1864 = CARTESIAN_POINT('',(0.93,1.3825,0.615));
#1865 = CARTESIAN_POINT('',(0.87589177864,1.35544588932,1.));
#1866 = CARTESIAN_POINT('',(0.93,-1.3825,0.615));
#1867 = CARTESIAN_POINT('',(0.87589177864,-1.35544588932,1.));
#1868 = ADVANCED_FACE('',(#1869),#1882,.F.);
#1869 = FACE_BOUND('',#1870,.F.);
#1870 = EDGE_LOOP('',(#1871,#1872,#1878,#1879,#1880,#1881));
#1871 = ORIENTED_EDGE('',*,*,#1051,.F.);
#1872 = ORIENTED_EDGE('',*,*,#1873,.T.);
#1873 = EDGE_CURVE('',#1043,#1135,#1874,.T.);
#1874 = LINE('',#1875,#1876);
#1875 = CARTESIAN_POINT('',(1.005,0.2,0.615));
#1876 = VECTOR('',#1877,1.);
#1877 = DIRECTION('',(2.22044604925E-16,-1.,0.));
#1878 = ORIENTED_EDGE('',*,*,#1143,.T.);
#1879 = ORIENTED_EDGE('',*,*,#1157,.T.);
#1880 = ORIENTED_EDGE('',*,*,#1850,.F.);
#1881 = ORIENTED_EDGE('',*,*,#951,.F.);
#1882 = PLANE('',#1883);
#1883 = AXIS2_PLACEMENT_3D('',#1884,#1885,#1886);
#1884 = CARTESIAN_POINT('',(1.005,0.2,0.615));
#1885 = DIRECTION('',(0.,0.,-1.));
#1886 = DIRECTION('',(-1.,-2.22044604925E-16,-0.));
#1887 = ADVANCED_FACE('',(#1888),#1899,.T.);
#1888 = FACE_BOUND('',#1889,.T.);
#1889 = EDGE_LOOP('',(#1890,#1891,#1892,#1893));
#1890 = ORIENTED_EDGE('',*,*,#1042,.T.);
#1891 = ORIENTED_EDGE('',*,*,#1873,.T.);
#1892 = ORIENTED_EDGE('',*,*,#1134,.F.);
#1893 = ORIENTED_EDGE('',*,*,#1894,.F.);
#1894 = EDGE_CURVE('',#1035,#1127,#1895,.T.);
#1895 = LINE('',#1896,#1897);
#1896 = CARTESIAN_POINT('',(1.285,0.2,0.335));
#1897 = VECTOR('',#1898,1.);
#1898 = DIRECTION('',(2.22044604925E-16,-1.,0.));
#1899 = CYLINDRICAL_SURFACE('',#1900,0.28);
#1900 = AXIS2_PLACEMENT_3D('',#1901,#1902,#1903);
#1901 = CARTESIAN_POINT('',(1.005,0.2,0.335));
#1902 = DIRECTION('',(-2.22044604925E-16,1.,-0.));
#1903 = DIRECTION('',(1.,2.22044604925E-16,7.930164461608E-16));
#1904 = ADVANCED_FACE('',(#1905),#1916,.F.);
#1905 = FACE_BOUND('',#1906,.F.);
#1906 = EDGE_LOOP('',(#1907,#1913,#1914,#1915));
#1907 = ORIENTED_EDGE('',*,*,#1908,.T.);
#1908 = EDGE_CURVE('',#1026,#1118,#1909,.T.);
#1909 = LINE('',#1910,#1911);
#1910 = CARTESIAN_POINT('',(1.285,0.2,0.28));
#1911 = VECTOR('',#1912,1.);
#1912 = DIRECTION('',(2.22044604925E-16,-1.,0.));
#1913 = ORIENTED_EDGE('',*,*,#1126,.T.);
#1914 = ORIENTED_EDGE('',*,*,#1894,.F.);
#1915 = ORIENTED_EDGE('',*,*,#1034,.F.);
#1916 = PLANE('',#1917);
#1917 = AXIS2_PLACEMENT_3D('',#1918,#1919,#1920);
#1918 = CARTESIAN_POINT('',(1.285,0.2,0.28));
#1919 = DIRECTION('',(-1.,-2.22044604925E-16,-4.037174635001E-15));
#1920 = DIRECTION('',(-4.037174635001E-15,-8.964328468421E-31,1.));
#1921 = ADVANCED_FACE('',(#1922),#1933,.F.);
#1922 = FACE_BOUND('',#1923,.F.);
#1923 = EDGE_LOOP('',(#1924,#1930,#1931,#1932));
#1924 = ORIENTED_EDGE('',*,*,#1925,.T.);
#1925 = EDGE_CURVE('',#1018,#1110,#1926,.T.);
#1926 = LINE('',#1927,#1928);
#1927 = CARTESIAN_POINT('',(1.385,0.2,0.18));
#1928 = VECTOR('',#1929,1.);
#1929 = DIRECTION('',(2.22044604925E-16,-1.,0.));
#1930 = ORIENTED_EDGE('',*,*,#1117,.T.);
#1931 = ORIENTED_EDGE('',*,*,#1908,.F.);
#1932 = ORIENTED_EDGE('',*,*,#1025,.F.);
#1933 = CYLINDRICAL_SURFACE('',#1934,0.1);
#1934 = AXIS2_PLACEMENT_3D('',#1935,#1936,#1937);
#1935 = CARTESIAN_POINT('',(1.385,0.2,0.28));
#1936 = DIRECTION('',(-2.22044604925E-16,1.,0.));
#1937 = DIRECTION('',(2.22044604925E-15,4.93038065763E-31,-1.));
#1938 = ADVANCED_FACE('',(#1939),#1950,.F.);
#1939 = FACE_BOUND('',#1940,.F.);
#1940 = EDGE_LOOP('',(#1941,#1947,#1948,#1949));
#1941 = ORIENTED_EDGE('',*,*,#1942,.T.);
#1942 = EDGE_CURVE('',#1010,#1102,#1943,.T.);
#1943 = LINE('',#1944,#1945);
#1944 = CARTESIAN_POINT('',(1.45,0.2,0.18));
#1945 = VECTOR('',#1946,1.);
#1946 = DIRECTION('',(2.22044604925E-16,-1.,0.));
#1947 = ORIENTED_EDGE('',*,*,#1109,.T.);
#1948 = ORIENTED_EDGE('',*,*,#1925,.F.);
#1949 = ORIENTED_EDGE('',*,*,#1017,.F.);
#1950 = PLANE('',#1951);
#1951 = AXIS2_PLACEMENT_3D('',#1952,#1953,#1954);
#1952 = CARTESIAN_POINT('',(1.45,0.2,0.18));
#1953 = DIRECTION('',(0.,0.,-1.));
#1954 = DIRECTION('',(-1.,-2.22044604925E-16,-0.));
#1955 = ADVANCED_FACE('',(#1956),#1967,.F.);
#1956 = FACE_BOUND('',#1957,.F.);
#1957 = EDGE_LOOP('',(#1958,#1964,#1965,#1966));
#1958 = ORIENTED_EDGE('',*,*,#1959,.T.);
#1959 = EDGE_CURVE('',#1002,#1094,#1960,.T.);
#1960 = LINE('',#1961,#1962);
#1961 = CARTESIAN_POINT('',(1.45,0.2,-5.551115123126E-17));
#1962 = VECTOR('',#1963,1.);
#1963 = DIRECTION('',(2.22044604925E-16,-1.,0.));
#1964 = ORIENTED_EDGE('',*,*,#1101,.T.);
#1965 = ORIENTED_EDGE('',*,*,#1942,.F.);
#1966 = ORIENTED_EDGE('',*,*,#1009,.F.);
#1967 = PLANE('',#1968);
#1968 = AXIS2_PLACEMENT_3D('',#1969,#1970,#1971);
#1969 = CARTESIAN_POINT('',(1.45,0.2,-5.551115123126E-17));
#1970 = DIRECTION('',(-1.,-2.22044604925E-16,0.));
#1971 = DIRECTION('',(0.,0.,1.));
#1972 = ADVANCED_FACE('',(#1973),#1984,.F.);
#1973 = FACE_BOUND('',#1974,.F.);
#1974 = EDGE_LOOP('',(#1975,#1981,#1982,#1983));
#1975 = ORIENTED_EDGE('',*,*,#1976,.T.);
#1976 = EDGE_CURVE('',#993,#1085,#1977,.T.);
#1977 = LINE('',#1978,#1979);
#1978 = CARTESIAN_POINT('',(1.385,0.2,-5.551115123126E-17));
#1979 = VECTOR('',#1980,1.);
#1980 = DIRECTION('',(2.22044604925E-16,-1.,0.));
#1981 = ORIENTED_EDGE('',*,*,#1093,.T.);
#1982 = ORIENTED_EDGE('',*,*,#1959,.F.);
#1983 = ORIENTED_EDGE('',*,*,#1001,.F.);
#1984 = PLANE('',#1985);
#1985 = AXIS2_PLACEMENT_3D('',#1986,#1987,#1988);
#1986 = CARTESIAN_POINT('',(1.385,0.2,-5.551115123126E-17));
#1987 = DIRECTION('',(0.,0.,1.));
#1988 = DIRECTION('',(1.,2.22044604925E-16,-0.));
#1989 = ADVANCED_FACE('',(#1990),#2001,.T.);
#1990 = FACE_BOUND('',#1991,.T.);
#1991 = EDGE_LOOP('',(#1992,#1993,#1994,#1995));
#1992 = ORIENTED_EDGE('',*,*,#992,.T.);
#1993 = ORIENTED_EDGE('',*,*,#1976,.T.);
#1994 = ORIENTED_EDGE('',*,*,#1084,.F.);
#1995 = ORIENTED_EDGE('',*,*,#1996,.F.);
#1996 = EDGE_CURVE('',#985,#1077,#1997,.T.);
#1997 = LINE('',#1998,#1999);
#1998 = CARTESIAN_POINT('',(1.105,0.2,0.28));
#1999 = VECTOR('',#2000,1.);
#2000 = DIRECTION('',(2.22044604925E-16,-1.,0.));
#2001 = CYLINDRICAL_SURFACE('',#2002,0.28);
#2002 = AXIS2_PLACEMENT_3D('',#2003,#2004,#2005);
#2003 = CARTESIAN_POINT('',(1.385,0.2,0.28));
#2004 = DIRECTION('',(-2.22044604925E-16,1.,-0.));
#2005 = DIRECTION('',(-1.,-2.22044604925E-16,-3.965082230804E-16));
#2006 = ADVANCED_FACE('',(#2007),#2013,.F.);
#2007 = FACE_BOUND('',#2008,.F.);
#2008 = EDGE_LOOP('',(#2009,#2010,#2011,#2012));
#2009 = ORIENTED_EDGE('',*,*,#1189,.T.);
#2010 = ORIENTED_EDGE('',*,*,#1076,.T.);
#2011 = ORIENTED_EDGE('',*,*,#1996,.F.);
#2012 = ORIENTED_EDGE('',*,*,#984,.F.);
#2013 = PLANE('',#2014);
#2014 = AXIS2_PLACEMENT_3D('',#2015,#2016,#2017);
#2015 = CARTESIAN_POINT('',(1.105,0.2,0.335));
#2016 = DIRECTION('',(1.,2.22044604925E-16,0.));
#2017 = DIRECTION('',(0.,0.,-1.));
#2018 = ADVANCED_FACE('',(#2019),#2029,.F.);
#2019 = FACE_BOUND('',#2020,.F.);
#2020 = EDGE_LOOP('',(#2021,#2022,#2027,#2028));
#2021 = ORIENTED_EDGE('',*,*,#1212,.T.);
#2022 = ORIENTED_EDGE('',*,*,#2023,.T.);
#2023 = EDGE_CURVE('',#1206,#1788,#2024,.T.);
#2024 = B_SPLINE_CURVE_WITH_KNOTS('',1,(#2025,#2026),.UNSPECIFIED.,.F.,
  .F.,(2,2),(0.,1.),.PIECEWISE_BEZIER_KNOTS.);
#2025 = CARTESIAN_POINT('',(0.8475,-1.465,0.615));
#2026 = CARTESIAN_POINT('',(0.82044588932,-1.41089177864,1.));
#2027 = ORIENTED_EDGE('',*,*,#1787,.F.);
#2028 = ORIENTED_EDGE('',*,*,#1857,.F.);
#2029 = B_SPLINE_SURFACE_WITH_KNOTS('',1,1,(
    (#2030,#2031)
    ,(#2032,#2033
    )),.UNSPECIFIED.,.F.,.F.,.F.,(2,2),(2,2),(0.,0.116672618896),(0.,1.)
  ,.PIECEWISE_BEZIER_KNOTS.);
#2030 = CARTESIAN_POINT('',(0.93,-1.3825,0.615));
#2031 = CARTESIAN_POINT('',(0.87589177864,-1.35544588932,1.));
#2032 = CARTESIAN_POINT('',(0.8475,-1.465,0.615));
#2033 = CARTESIAN_POINT('',(0.82044588932,-1.41089177864,1.));
#2034 = ADVANCED_FACE('',(#2035),#2045,.F.);
#2035 = FACE_BOUND('',#2036,.F.);
#2036 = EDGE_LOOP('',(#2037,#2038,#2043,#2044));
#2037 = ORIENTED_EDGE('',*,*,#1235,.T.);
#2038 = ORIENTED_EDGE('',*,*,#2039,.T.);
#2039 = EDGE_CURVE('',#1229,#1796,#2040,.T.);
#2040 = B_SPLINE_CURVE_WITH_KNOTS('',1,(#2041,#2042),.UNSPECIFIED.,.F.,
  .F.,(2,2),(0.,1.),.PIECEWISE_BEZIER_KNOTS.);
#2041 = CARTESIAN_POINT('',(-0.8475,-1.465,0.615));
#2042 = CARTESIAN_POINT('',(-0.82044588932,-1.41089177864,1.));
#2043 = ORIENTED_EDGE('',*,*,#1795,.F.);
#2044 = ORIENTED_EDGE('',*,*,#2023,.F.);
#2045 = B_SPLINE_SURFACE_WITH_KNOTS('',1,1,(
    (#2046,#2047)
    ,(#2048,#2049
    )),.UNSPECIFIED.,.F.,.F.,.F.,(2,2),(2,2),(0.,1.695),(0.,1.),
  .PIECEWISE_BEZIER_KNOTS.);
#2046 = CARTESIAN_POINT('',(0.8475,-1.465,0.615));
#2047 = CARTESIAN_POINT('',(0.82044588932,-1.41089177864,1.));
#2048 = CARTESIAN_POINT('',(-0.8475,-1.465,0.615));
#2049 = CARTESIAN_POINT('',(-0.82044588932,-1.41089177864,1.));
#2050 = ADVANCED_FACE('',(#2051),#2061,.F.);
#2051 = FACE_BOUND('',#2052,.F.);
#2052 = EDGE_LOOP('',(#2053,#2054,#2059,#2060));
#2053 = ORIENTED_EDGE('',*,*,#1258,.T.);
#2054 = ORIENTED_EDGE('',*,*,#2055,.T.);
#2055 = EDGE_CURVE('',#1252,#1804,#2056,.T.);
#2056 = B_SPLINE_CURVE_WITH_KNOTS('',1,(#2057,#2058),.UNSPECIFIED.,.F.,
  .F.,(2,2),(0.,1.),.PIECEWISE_BEZIER_KNOTS.);
#2057 = CARTESIAN_POINT('',(-0.93,-1.3825,0.615));
#2058 = CARTESIAN_POINT('',(-0.87589177864,-1.35544588932,1.));
#2059 = ORIENTED_EDGE('',*,*,#1803,.F.);
#2060 = ORIENTED_EDGE('',*,*,#2039,.F.);
#2061 = B_SPLINE_SURFACE_WITH_KNOTS('',1,1,(
    (#2062,#2063)
    ,(#2064,#2065
    )),.UNSPECIFIED.,.F.,.F.,.F.,(2,2),(2,2),(0.,0.116672618896),(0.,1.)
  ,.PIECEWISE_BEZIER_KNOTS.);
#2062 = CARTESIAN_POINT('',(-0.8475,-1.465,0.615));
#2063 = CARTESIAN_POINT('',(-0.82044588932,-1.41089177864,1.));
#2064 = CARTESIAN_POINT('',(-0.93,-1.3825,0.615));
#2065 = CARTESIAN_POINT('',(-0.87589177864,-1.35544588932,1.));
#2066 = ADVANCED_FACE('',(#2067),#2087,.F.);
#2067 = FACE_BOUND('',#2068,.F.);
#2068 = EDGE_LOOP('',(#2069,#2070,#2076,#2077,#2083,#2084,#2085,#2086));
#2069 = ORIENTED_EDGE('',*,*,#1283,.T.);
#2070 = ORIENTED_EDGE('',*,*,#2071,.T.);
#2071 = EDGE_CURVE('',#1276,#1724,#2072,.T.);
#2072 = LINE('',#2073,#2074);
#2073 = CARTESIAN_POINT('',(-0.93,-1.3825,0.615));
#2074 = VECTOR('',#2075,1.);
#2075 = DIRECTION('',(-2.22044604925E-16,1.,0.));
#2076 = ORIENTED_EDGE('',*,*,#1740,.T.);
#2077 = ORIENTED_EDGE('',*,*,#2078,.T.);
#2078 = EDGE_CURVE('',#1733,#1482,#2079,.T.);
#2079 = LINE('',#2080,#2081);
#2080 = CARTESIAN_POINT('',(-0.93,-1.3825,0.615));
#2081 = VECTOR('',#2082,1.);
#2082 = DIRECTION('',(-2.22044604925E-16,1.,0.));
#2083 = ORIENTED_EDGE('',*,*,#1491,.T.);
#2084 = ORIENTED_EDGE('',*,*,#1836,.T.);
#2085 = ORIENTED_EDGE('',*,*,#1811,.F.);
#2086 = ORIENTED_EDGE('',*,*,#2055,.F.);
#2087 = B_SPLINE_SURFACE_WITH_KNOTS('',1,1,(
    (#2088,#2089)
    ,(#2090,#2091
    )),.UNSPECIFIED.,.F.,.F.,.F.,(2,2),(2,2),(0.,2.765),(0.,1.),
  .PIECEWISE_BEZIER_KNOTS.);
#2088 = CARTESIAN_POINT('',(-0.93,-1.3825,0.615));
#2089 = CARTESIAN_POINT('',(-0.87589177864,-1.35544588932,1.));
#2090 = CARTESIAN_POINT('',(-0.93,1.3825,0.615));
#2091 = CARTESIAN_POINT('',(-0.87589177864,1.35544588932,1.));
#2092 = ADVANCED_FACE('',(#2093),#2106,.F.);
#2093 = FACE_BOUND('',#2094,.F.);
#2094 = EDGE_LOOP('',(#2095,#2096,#2102,#2103,#2104,#2105));
#2095 = ORIENTED_EDGE('',*,*,#1375,.F.);
#2096 = ORIENTED_EDGE('',*,*,#2097,.T.);
#2097 = EDGE_CURVE('',#1367,#1592,#2098,.T.);
#2098 = LINE('',#2099,#2100);
#2099 = CARTESIAN_POINT('',(-1.005,-1.15,0.615));
#2100 = VECTOR('',#2101,1.);
#2101 = DIRECTION('',(-9.95799250103E-17,1.,0.));
#2102 = ORIENTED_EDGE('',*,*,#1600,.T.);
#2103 = ORIENTED_EDGE('',*,*,#1723,.T.);
#2104 = ORIENTED_EDGE('',*,*,#2071,.F.);
#2105 = ORIENTED_EDGE('',*,*,#1275,.F.);
#2106 = PLANE('',#2107);
#2107 = AXIS2_PLACEMENT_3D('',#2108,#2109,#2110);
#2108 = CARTESIAN_POINT('',(-1.005,-1.15,0.615));
#2109 = DIRECTION('',(-0.,0.,-1.));
#2110 = DIRECTION('',(1.,9.95799250103E-17,0.));
#2111 = ADVANCED_FACE('',(#2112),#2123,.T.);
#2112 = FACE_BOUND('',#2113,.T.);
#2113 = EDGE_LOOP('',(#2114,#2115,#2116,#2117));
#2114 = ORIENTED_EDGE('',*,*,#1366,.T.);
#2115 = ORIENTED_EDGE('',*,*,#2097,.T.);
#2116 = ORIENTED_EDGE('',*,*,#1591,.F.);
#2117 = ORIENTED_EDGE('',*,*,#2118,.F.);
#2118 = EDGE_CURVE('',#1359,#1584,#2119,.T.);
#2119 = LINE('',#2120,#2121);
#2120 = CARTESIAN_POINT('',(-1.285,-1.15,0.335));
#2121 = VECTOR('',#2122,1.);
#2122 = DIRECTION('',(-9.95799250103E-17,1.,0.));
#2123 = CYLINDRICAL_SURFACE('',#2124,0.28);
#2124 = AXIS2_PLACEMENT_3D('',#2125,#2126,#2127);
#2125 = CARTESIAN_POINT('',(-1.005,-1.15,0.335));
#2126 = DIRECTION('',(9.95799250103E-17,-1.,-0.));
#2127 = DIRECTION('',(-1.,-9.95799250103E-17,7.930164461608E-16));
#2128 = ADVANCED_FACE('',(#2129),#2140,.F.);
#2129 = FACE_BOUND('',#2130,.F.);
#2130 = EDGE_LOOP('',(#2131,#2137,#2138,#2139));
#2131 = ORIENTED_EDGE('',*,*,#2132,.T.);
#2132 = EDGE_CURVE('',#1350,#1575,#2133,.T.);
#2133 = LINE('',#2134,#2135);
#2134 = CARTESIAN_POINT('',(-1.285,-1.15,0.28));
#2135 = VECTOR('',#2136,1.);
#2136 = DIRECTION('',(-9.95799250103E-17,1.,0.));
#2137 = ORIENTED_EDGE('',*,*,#1583,.T.);
#2138 = ORIENTED_EDGE('',*,*,#2118,.F.);
#2139 = ORIENTED_EDGE('',*,*,#1358,.F.);
#2140 = PLANE('',#2141);
#2141 = AXIS2_PLACEMENT_3D('',#2142,#2143,#2144);
#2142 = CARTESIAN_POINT('',(-1.285,-1.15,0.28));
#2143 = DIRECTION('',(1.,9.95799250103E-17,-4.037174635001E-15));
#2144 = DIRECTION('',(4.037174635001E-15,4.020215474068E-31,1.));
#2145 = ADVANCED_FACE('',(#2146),#2157,.F.);
#2146 = FACE_BOUND('',#2147,.F.);
#2147 = EDGE_LOOP('',(#2148,#2154,#2155,#2156));
#2148 = ORIENTED_EDGE('',*,*,#2149,.T.);
#2149 = EDGE_CURVE('',#1342,#1567,#2150,.T.);
#2150 = LINE('',#2151,#2152);
#2151 = CARTESIAN_POINT('',(-1.385,-1.15,0.18));
#2152 = VECTOR('',#2153,1.);
#2153 = DIRECTION('',(-9.95799250103E-17,1.,0.));
#2154 = ORIENTED_EDGE('',*,*,#1574,.T.);
#2155 = ORIENTED_EDGE('',*,*,#2132,.F.);
#2156 = ORIENTED_EDGE('',*,*,#1349,.F.);
#2157 = CYLINDRICAL_SURFACE('',#2158,0.1);
#2158 = AXIS2_PLACEMENT_3D('',#2159,#2160,#2161);
#2159 = CARTESIAN_POINT('',(-1.385,-1.15,0.28));
#2160 = DIRECTION('',(9.95799250103E-17,-1.,0.));
#2161 = DIRECTION('',(-2.22044604925E-15,-2.211118510737E-31,-1.));
#2162 = ADVANCED_FACE('',(#2163),#2174,.F.);
#2163 = FACE_BOUND('',#2164,.F.);
#2164 = EDGE_LOOP('',(#2165,#2171,#2172,#2173));
#2165 = ORIENTED_EDGE('',*,*,#2166,.T.);
#2166 = EDGE_CURVE('',#1334,#1559,#2167,.T.);
#2167 = LINE('',#2168,#2169);
#2168 = CARTESIAN_POINT('',(-1.45,-1.15,0.18));
#2169 = VECTOR('',#2170,1.);
#2170 = DIRECTION('',(-9.95799250103E-17,1.,0.));
#2171 = ORIENTED_EDGE('',*,*,#1566,.T.);
#2172 = ORIENTED_EDGE('',*,*,#2149,.F.);
#2173 = ORIENTED_EDGE('',*,*,#1341,.F.);
#2174 = PLANE('',#2175);
#2175 = AXIS2_PLACEMENT_3D('',#2176,#2177,#2178);
#2176 = CARTESIAN_POINT('',(-1.45,-1.15,0.18));
#2177 = DIRECTION('',(-0.,0.,-1.));
#2178 = DIRECTION('',(1.,9.95799250103E-17,0.));
#2179 = ADVANCED_FACE('',(#2180),#2191,.F.);
#2180 = FACE_BOUND('',#2181,.F.);
#2181 = EDGE_LOOP('',(#2182,#2188,#2189,#2190));
#2182 = ORIENTED_EDGE('',*,*,#2183,.T.);
#2183 = EDGE_CURVE('',#1326,#1551,#2184,.T.);
#2184 = LINE('',#2185,#2186);
#2185 = CARTESIAN_POINT('',(-1.45,-1.15,-5.551115123126E-17));
#2186 = VECTOR('',#2187,1.);
#2187 = DIRECTION('',(-9.95799250103E-17,1.,0.));
#2188 = ORIENTED_EDGE('',*,*,#1558,.T.);
#2189 = ORIENTED_EDGE('',*,*,#2166,.F.);
#2190 = ORIENTED_EDGE('',*,*,#1333,.F.);
#2191 = PLANE('',#2192);
#2192 = AXIS2_PLACEMENT_3D('',#2193,#2194,#2195);
#2193 = CARTESIAN_POINT('',(-1.45,-1.15,-5.551115123126E-17));
#2194 = DIRECTION('',(1.,9.95799250103E-17,0.));
#2195 = DIRECTION('',(0.,-0.,1.));
#2196 = ADVANCED_FACE('',(#2197),#2208,.F.);
#2197 = FACE_BOUND('',#2198,.F.);
#2198 = EDGE_LOOP('',(#2199,#2205,#2206,#2207));
#2199 = ORIENTED_EDGE('',*,*,#2200,.T.);
#2200 = EDGE_CURVE('',#1317,#1542,#2201,.T.);
#2201 = LINE('',#2202,#2203);
#2202 = CARTESIAN_POINT('',(-1.385,-1.15,-5.551115123126E-17));
#2203 = VECTOR('',#2204,1.);
#2204 = DIRECTION('',(-9.95799250103E-17,1.,0.));
#2205 = ORIENTED_EDGE('',*,*,#1550,.T.);
#2206 = ORIENTED_EDGE('',*,*,#2183,.F.);
#2207 = ORIENTED_EDGE('',*,*,#1325,.F.);
#2208 = PLANE('',#2209);
#2209 = AXIS2_PLACEMENT_3D('',#2210,#2211,#2212);
#2210 = CARTESIAN_POINT('',(-1.385,-1.15,-5.551115123126E-17));
#2211 = DIRECTION('',(0.,0.,1.));
#2212 = DIRECTION('',(-1.,-9.95799250103E-17,0.));
#2213 = ADVANCED_FACE('',(#2214),#2225,.T.);
#2214 = FACE_BOUND('',#2215,.T.);
#2215 = EDGE_LOOP('',(#2216,#2217,#2218,#2219));
#2216 = ORIENTED_EDGE('',*,*,#1316,.T.);
#2217 = ORIENTED_EDGE('',*,*,#2200,.T.);
#2218 = ORIENTED_EDGE('',*,*,#1541,.F.);
#2219 = ORIENTED_EDGE('',*,*,#2220,.F.);
#2220 = EDGE_CURVE('',#1309,#1534,#2221,.T.);
#2221 = LINE('',#2222,#2223);
#2222 = CARTESIAN_POINT('',(-1.105,-1.15,0.28));
#2223 = VECTOR('',#2224,1.);
#2224 = DIRECTION('',(-9.95799250103E-17,1.,0.));
#2225 = CYLINDRICAL_SURFACE('',#2226,0.28);
#2226 = AXIS2_PLACEMENT_3D('',#2227,#2228,#2229);
#2227 = CARTESIAN_POINT('',(-1.385,-1.15,0.28));
#2228 = DIRECTION('',(9.95799250103E-17,-1.,-0.));
#2229 = DIRECTION('',(1.,9.95799250103E-17,-3.965082230804E-16));
#2230 = ADVANCED_FACE('',(#2231),#2237,.F.);
#2231 = FACE_BOUND('',#2232,.F.);
#2232 = EDGE_LOOP('',(#2233,#2234,#2235,#2236));
#2233 = ORIENTED_EDGE('',*,*,#1515,.T.);
#2234 = ORIENTED_EDGE('',*,*,#1533,.T.);
#2235 = ORIENTED_EDGE('',*,*,#2220,.F.);
#2236 = ORIENTED_EDGE('',*,*,#1308,.F.);
#2237 = PLANE('',#2238);
#2238 = AXIS2_PLACEMENT_3D('',#2239,#2240,#2241);
#2239 = CARTESIAN_POINT('',(-1.105,-1.15,0.335));
#2240 = DIRECTION('',(-1.,-9.95799250103E-17,0.));
#2241 = DIRECTION('',(-0.,0.,-1.));
#2242 = ADVANCED_FACE('',(#2243),#2256,.F.);
#2243 = FACE_BOUND('',#2244,.F.);
#2244 = EDGE_LOOP('',(#2245,#2246,#2252,#2253,#2254,#2255));
#2245 = ORIENTED_EDGE('',*,*,#1692,.F.);
#2246 = ORIENTED_EDGE('',*,*,#2247,.T.);
#2247 = EDGE_CURVE('',#1684,#1459,#2248,.T.);
#2248 = LINE('',#2249,#2250);
#2249 = CARTESIAN_POINT('',(-1.005,0.75,0.615));
#2250 = VECTOR('',#2251,1.);
#2251 = DIRECTION('',(-9.95799250103E-17,1.,0.));
#2252 = ORIENTED_EDGE('',*,*,#1467,.T.);
#2253 = ORIENTED_EDGE('',*,*,#1481,.T.);
#2254 = ORIENTED_EDGE('',*,*,#2078,.F.);
#2255 = ORIENTED_EDGE('',*,*,#1732,.F.);
#2256 = PLANE('',#2257);
#2257 = AXIS2_PLACEMENT_3D('',#2258,#2259,#2260);
#2258 = CARTESIAN_POINT('',(-1.005,0.75,0.615));
#2259 = DIRECTION('',(-0.,0.,-1.));
#2260 = DIRECTION('',(1.,9.95799250103E-17,0.));
#2261 = ADVANCED_FACE('',(#2262),#2273,.T.);
#2262 = FACE_BOUND('',#2263,.T.);
#2263 = EDGE_LOOP('',(#2264,#2265,#2266,#2267));
#2264 = ORIENTED_EDGE('',*,*,#1683,.T.);
#2265 = ORIENTED_EDGE('',*,*,#2247,.T.);
#2266 = ORIENTED_EDGE('',*,*,#1458,.F.);
#2267 = ORIENTED_EDGE('',*,*,#2268,.F.);
#2268 = EDGE_CURVE('',#1676,#1451,#2269,.T.);
#2269 = LINE('',#2270,#2271);
#2270 = CARTESIAN_POINT('',(-1.285,0.75,0.335));
#2271 = VECTOR('',#2272,1.);
#2272 = DIRECTION('',(-9.95799250103E-17,1.,0.));
#2273 = CYLINDRICAL_SURFACE('',#2274,0.28);
#2274 = AXIS2_PLACEMENT_3D('',#2275,#2276,#2277);
#2275 = CARTESIAN_POINT('',(-1.005,0.75,0.335));
#2276 = DIRECTION('',(9.95799250103E-17,-1.,-0.));
#2277 = DIRECTION('',(-1.,-9.95799250103E-17,7.930164461608E-16));
#2278 = ADVANCED_FACE('',(#2279),#2290,.F.);
#2279 = FACE_BOUND('',#2280,.F.);
#2280 = EDGE_LOOP('',(#2281,#2287,#2288,#2289));
#2281 = ORIENTED_EDGE('',*,*,#2282,.T.);
#2282 = EDGE_CURVE('',#1667,#1442,#2283,.T.);
#2283 = LINE('',#2284,#2285);
#2284 = CARTESIAN_POINT('',(-1.285,0.75,0.28));
#2285 = VECTOR('',#2286,1.);
#2286 = DIRECTION('',(-9.95799250103E-17,1.,0.));
#2287 = ORIENTED_EDGE('',*,*,#1450,.T.);
#2288 = ORIENTED_EDGE('',*,*,#2268,.F.);
#2289 = ORIENTED_EDGE('',*,*,#1675,.F.);
#2290 = PLANE('',#2291);
#2291 = AXIS2_PLACEMENT_3D('',#2292,#2293,#2294);
#2292 = CARTESIAN_POINT('',(-1.285,0.75,0.28));
#2293 = DIRECTION('',(1.,9.95799250103E-17,-4.037174635001E-15));
#2294 = DIRECTION('',(4.037174635001E-15,4.020215474068E-31,1.));
#2295 = ADVANCED_FACE('',(#2296),#2307,.F.);
#2296 = FACE_BOUND('',#2297,.F.);
#2297 = EDGE_LOOP('',(#2298,#2304,#2305,#2306));
#2298 = ORIENTED_EDGE('',*,*,#2299,.T.);
#2299 = EDGE_CURVE('',#1659,#1434,#2300,.T.);
#2300 = LINE('',#2301,#2302);
#2301 = CARTESIAN_POINT('',(-1.385,0.75,0.18));
#2302 = VECTOR('',#2303,1.);
#2303 = DIRECTION('',(-9.95799250103E-17,1.,0.));
#2304 = ORIENTED_EDGE('',*,*,#1441,.T.);
#2305 = ORIENTED_EDGE('',*,*,#2282,.F.);
#2306 = ORIENTED_EDGE('',*,*,#1666,.F.);
#2307 = CYLINDRICAL_SURFACE('',#2308,0.1);
#2308 = AXIS2_PLACEMENT_3D('',#2309,#2310,#2311);
#2309 = CARTESIAN_POINT('',(-1.385,0.75,0.28));
#2310 = DIRECTION('',(9.95799250103E-17,-1.,0.));
#2311 = DIRECTION('',(-2.22044604925E-15,-2.211118510737E-31,-1.));
#2312 = ADVANCED_FACE('',(#2313),#2324,.F.);
#2313 = FACE_BOUND('',#2314,.F.);
#2314 = EDGE_LOOP('',(#2315,#2321,#2322,#2323));
#2315 = ORIENTED_EDGE('',*,*,#2316,.T.);
#2316 = EDGE_CURVE('',#1651,#1426,#2317,.T.);
#2317 = LINE('',#2318,#2319);
#2318 = CARTESIAN_POINT('',(-1.45,0.75,0.18));
#2319 = VECTOR('',#2320,1.);
#2320 = DIRECTION('',(-9.95799250103E-17,1.,0.));
#2321 = ORIENTED_EDGE('',*,*,#1433,.T.);
#2322 = ORIENTED_EDGE('',*,*,#2299,.F.);
#2323 = ORIENTED_EDGE('',*,*,#1658,.F.);
#2324 = PLANE('',#2325);
#2325 = AXIS2_PLACEMENT_3D('',#2326,#2327,#2328);
#2326 = CARTESIAN_POINT('',(-1.45,0.75,0.18));
#2327 = DIRECTION('',(-0.,0.,-1.));
#2328 = DIRECTION('',(1.,9.95799250103E-17,0.));
#2329 = ADVANCED_FACE('',(#2330),#2341,.F.);
#2330 = FACE_BOUND('',#2331,.F.);
#2331 = EDGE_LOOP('',(#2332,#2338,#2339,#2340));
#2332 = ORIENTED_EDGE('',*,*,#2333,.T.);
#2333 = EDGE_CURVE('',#1643,#1418,#2334,.T.);
#2334 = LINE('',#2335,#2336);
#2335 = CARTESIAN_POINT('',(-1.45,0.75,-5.551115123126E-17));
#2336 = VECTOR('',#2337,1.);
#2337 = DIRECTION('',(-9.95799250103E-17,1.,0.));
#2338 = ORIENTED_EDGE('',*,*,#1425,.T.);
#2339 = ORIENTED_EDGE('',*,*,#2316,.F.);
#2340 = ORIENTED_EDGE('',*,*,#1650,.F.);
#2341 = PLANE('',#2342);
#2342 = AXIS2_PLACEMENT_3D('',#2343,#2344,#2345);
#2343 = CARTESIAN_POINT('',(-1.45,0.75,-5.551115123126E-17));
#2344 = DIRECTION('',(1.,9.95799250103E-17,0.));
#2345 = DIRECTION('',(0.,-0.,1.));
#2346 = ADVANCED_FACE('',(#2347),#2358,.F.);
#2347 = FACE_BOUND('',#2348,.F.);
#2348 = EDGE_LOOP('',(#2349,#2355,#2356,#2357));
#2349 = ORIENTED_EDGE('',*,*,#2350,.T.);
#2350 = EDGE_CURVE('',#1634,#1409,#2351,.T.);
#2351 = LINE('',#2352,#2353);
#2352 = CARTESIAN_POINT('',(-1.385,0.75,-5.551115123126E-17));
#2353 = VECTOR('',#2354,1.);
#2354 = DIRECTION('',(-9.95799250103E-17,1.,0.));
#2355 = ORIENTED_EDGE('',*,*,#1417,.T.);
#2356 = ORIENTED_EDGE('',*,*,#2333,.F.);
#2357 = ORIENTED_EDGE('',*,*,#1642,.F.);
#2358 = PLANE('',#2359);
#2359 = AXIS2_PLACEMENT_3D('',#2360,#2361,#2362);
#2360 = CARTESIAN_POINT('',(-1.385,0.75,-5.551115123126E-17));
#2361 = DIRECTION('',(0.,0.,1.));
#2362 = DIRECTION('',(-1.,-9.95799250103E-17,0.));
#2363 = ADVANCED_FACE('',(#2364),#2375,.T.);
#2364 = FACE_BOUND('',#2365,.T.);
#2365 = EDGE_LOOP('',(#2366,#2367,#2368,#2369));
#2366 = ORIENTED_EDGE('',*,*,#1633,.T.);
#2367 = ORIENTED_EDGE('',*,*,#2350,.T.);
#2368 = ORIENTED_EDGE('',*,*,#1408,.F.);
#2369 = ORIENTED_EDGE('',*,*,#2370,.F.);
#2370 = EDGE_CURVE('',#1626,#1401,#2371,.T.);
#2371 = LINE('',#2372,#2373);
#2372 = CARTESIAN_POINT('',(-1.105,0.75,0.28));
#2373 = VECTOR('',#2374,1.);
#2374 = DIRECTION('',(-9.95799250103E-17,1.,0.));
#2375 = CYLINDRICAL_SURFACE('',#2376,0.28);
#2376 = AXIS2_PLACEMENT_3D('',#2377,#2378,#2379);
#2377 = CARTESIAN_POINT('',(-1.385,0.75,0.28));
#2378 = DIRECTION('',(9.95799250103E-17,-1.,-0.));
#2379 = DIRECTION('',(1.,9.95799250103E-17,-3.965082230804E-16));
#2380 = ADVANCED_FACE('',(#2381),#2387,.F.);
#2381 = FACE_BOUND('',#2382,.F.);
#2382 = EDGE_LOOP('',(#2383,#2384,#2385,#2386));
#2383 = ORIENTED_EDGE('',*,*,#1708,.T.);
#2384 = ORIENTED_EDGE('',*,*,#1400,.T.);
#2385 = ORIENTED_EDGE('',*,*,#2370,.F.);
#2386 = ORIENTED_EDGE('',*,*,#1625,.F.);
#2387 = PLANE('',#2388);
#2388 = AXIS2_PLACEMENT_3D('',#2389,#2390,#2391);
#2389 = CARTESIAN_POINT('',(-1.105,0.75,0.335));
#2390 = DIRECTION('',(-1.,-9.95799250103E-17,0.));
#2391 = DIRECTION('',(-0.,0.,-1.));
#2392 = ( GEOMETRIC_REPRESENTATION_CONTEXT(3) 
GLOBAL_UNCERTAINTY_ASSIGNED_CONTEXT((#2396)) 
GLOBAL_UNIT_ASSIGNED_CONTEXT((#2393,#2394,#2395)) REPRESENTATION_CONTEXT
('Context #1','3D Context with UNIT and UNCERTAINTY') );
#2393 = ( LENGTH_UNIT() NAMED_UNIT(*) SI_UNIT(.MILLI.,.METRE.) );
#2394 = ( NAMED_UNIT(*) PLANE_ANGLE_UNIT() SI_UNIT($,.RADIAN.) );
#2395 = ( NAMED_UNIT(*) SI_UNIT($,.STERADIAN.) SOLID_ANGLE_UNIT() );
#2396 = UNCERTAINTY_MEASURE_WITH_UNIT(LENGTH_MEASURE(1.E-07),#2393,
  'distance_accuracy_value','confusion accuracy');
#2397 = CONTEXT_DEPENDENT_SHAPE_REPRESENTATION(#2398,#2400);
#2398 = ( REPRESENTATION_RELATIONSHIP('','',#164,#10) 
REPRESENTATION_RELATIONSHIP_WITH_TRANSFORMATION(#2399) 
SHAPE_REPRESENTATION_RELATIONSHIP() );
#2399 = ITEM_DEFINED_TRANSFORMATION('','',#11,#15);
#2400 = PRODUCT_DEFINITION_SHAPE('Placement','Placement of an item',
  #2401);
#2401 = NEXT_ASSEMBLY_USAGE_OCCURRENCE('1','U4','',#5,#159,$);
#2402 = PRODUCT_RELATED_PRODUCT_CATEGORY('part',$,(#161));
#2403 = CONTEXT_DEPENDENT_SHAPE_REPRESENTATION(#2404,#2406);
#2404 = ( REPRESENTATION_RELATIONSHIP('','',#164,#10) 
REPRESENTATION_RELATIONSHIP_WITH_TRANSFORMATION(#2405) 
SHAPE_REPRESENTATION_RELATIONSHIP() );
#2405 = ITEM_DEFINED_TRANSFORMATION('','',#11,#19);
#2406 = PRODUCT_DEFINITION_SHAPE('Placement','Placement of an item',
  #2407);
#2407 = NEXT_ASSEMBLY_USAGE_OCCURRENCE('2','U5','',#5,#159,$);
#2408 = CONTEXT_DEPENDENT_SHAPE_REPRESENTATION(#2409,#2411);
#2409 = ( REPRESENTATION_RELATIONSHIP('','',#164,#10) 
REPRESENTATION_RELATIONSHIP_WITH_TRANSFORMATION(#2410) 
SHAPE_REPRESENTATION_RELATIONSHIP() );
#2410 = ITEM_DEFINED_TRANSFORMATION('','',#11,#23);
#2411 = PRODUCT_DEFINITION_SHAPE('Placement','Placement of an item',
  #2412);
#2412 = NEXT_ASSEMBLY_USAGE_OCCURRENCE('3','U2','',#5,#159,$);
#2413 = CONTEXT_DEPENDENT_SHAPE_REPRESENTATION(#2414,#2416);
#2414 = ( REPRESENTATION_RELATIONSHIP('','',#164,#10) 
REPRESENTATION_RELATIONSHIP_WITH_TRANSFORMATION(#2415) 
SHAPE_REPRESENTATION_RELATIONSHIP() );
#2415 = ITEM_DEFINED_TRANSFORMATION('','',#11,#27);
#2416 = PRODUCT_DEFINITION_SHAPE('Placement','Placement of an item',
  #2417);
#2417 = NEXT_ASSEMBLY_USAGE_OCCURRENCE('4','U6','',#5,#159,$);
#2418 = CONTEXT_DEPENDENT_SHAPE_REPRESENTATION(#2419,#2421);
#2419 = ( REPRESENTATION_RELATIONSHIP('','',#164,#10) 
REPRESENTATION_RELATIONSHIP_WITH_TRANSFORMATION(#2420) 
SHAPE_REPRESENTATION_RELATIONSHIP() );
#2420 = ITEM_DEFINED_TRANSFORMATION('','',#11,#31);
#2421 = PRODUCT_DEFINITION_SHAPE('Placement','Placement of an item',
  #2422);
#2422 = NEXT_ASSEMBLY_USAGE_OCCURRENCE('5','U7','',#5,#159,$);
#2423 = CONTEXT_DEPENDENT_SHAPE_REPRESENTATION(#2424,#2426);
#2424 = ( REPRESENTATION_RELATIONSHIP('','',#164,#10) 
REPRESENTATION_RELATIONSHIP_WITH_TRANSFORMATION(#2425) 
SHAPE_REPRESENTATION_RELATIONSHIP() );
#2425 = ITEM_DEFINED_TRANSFORMATION('','',#11,#35);
#2426 = PRODUCT_DEFINITION_SHAPE('Placement','Placement of an item',
  #2427);
#2427 = NEXT_ASSEMBLY_USAGE_OCCURRENCE('6','U8','',#5,#159,$);
#2428 = CONTEXT_DEPENDENT_SHAPE_REPRESENTATION(#2429,#2431);
#2429 = ( REPRESENTATION_RELATIONSHIP('','',#164,#10) 
REPRESENTATION_RELATIONSHIP_WITH_TRANSFORMATION(#2430) 
SHAPE_REPRESENTATION_RELATIONSHIP() );
#2430 = ITEM_DEFINED_TRANSFORMATION('','',#11,#39);
#2431 = PRODUCT_DEFINITION_SHAPE('Placement','Placement of an item',
  #2432);
#2432 = NEXT_ASSEMBLY_USAGE_OCCURRENCE('7','U3','',#5,#159,$);
#2433 = CONTEXT_DEPENDENT_SHAPE_REPRESENTATION(#2434,#2436);
#2434 = ( REPRESENTATION_RELATIONSHIP('','',#164,#10) 
REPRESENTATION_RELATIONSHIP_WITH_TRANSFORMATION(#2435) 
SHAPE_REPRESENTATION_RELATIONSHIP() );
#2435 = ITEM_DEFINED_TRANSFORMATION('','',#11,#43);
#2436 = PRODUCT_DEFINITION_SHAPE('Placement','Placement of an item',
  #2437);
#2437 = NEXT_ASSEMBLY_USAGE_OCCURRENCE('8','U1','',#5,#159,$);
#2438 = SHAPE_DEFINITION_REPRESENTATION(#2439,#2445);
#2439 = PRODUCT_DEFINITION_SHAPE('','',#2440);
#2440 = PRODUCT_DEFINITION('design','',#2441,#2444);
#2441 = PRODUCT_DEFINITION_FORMATION('','',#2442);
#2442 = PRODUCT('IDC-Header_2x05_P2.54mm_Vertical',
  'IDC-Header_2x05_P2.54mm_Vertical','',(#2443));
#2443 = PRODUCT_CONTEXT('',#2,'mechanical');
#2444 = PRODUCT_DEFINITION_CONTEXT('part definition',#2,'design');
#2445 = ADVANCED_BREP_SHAPE_REPRESENTATION('',(#11,#2446),#8584);
#2446 = MANIFOLD_SOLID_BREP('',#2447);
#2447 = CLOSED_SHELL('',(#2448,#2520,#2583,#2662,#2702,#2726,#2759,#2815
    ,#3362,#3443,#3483,#3507,#3540,#3564,#3620,#3644,#3677,#3694,#4087,
    #4099,#4123,#4140,#4159,#4171,#4183,#4211,#4239,#4267,#4298,#4322,
    #4346,#4363,#4388,#4419,#4443,#4467,#4484,#4515,#4539,#4563,#4580,
    #4611,#4635,#4659,#4676,#4707,#4731,#4755,#4772,#4803,#4827,#4851,
    #4868,#4893,#4918,#4949,#4973,#4997,#5014,#5045,#5069,#5093,#5110,
    #5141,#5165,#5189,#5206,#5237,#5261,#5285,#5302,#5327,#5352,#5377,
    #5388,#5399,#5410,#5441,#5465,#5489,#5506,#5537,#5561,#5585,#5602,
    #5633,#5657,#5681,#5698,#5729,#5753,#5777,#5794,#5825,#5849,#5873,
    #5890,#5921,#5945,#5969,#5986,#6017,#6041,#6065,#6082,#6113,#6137,
    #6161,#6178,#6209,#6233,#6257,#6274,#6305,#6329,#6353,#6370,#6401,
    #6425,#6449,#6466,#6475,#6506,#6530,#6554,#6571,#6602,#6626,#6650,
    #6667,#6698,#6722,#6746,#6763,#6794,#6818,#6842,#6859,#6890,#6914,
    #6938,#6955,#6964,#6973,#7004,#7028,#7052,#7069,#7100,#7124,#7148,
    #7165,#7196,#7220,#7244,#7261,#7292,#7316,#7340,#7357,#7366,#7375,
    #7384,#7415,#7439,#7463,#7480,#7511,#7535,#7559,#7576,#7607,#7631,
    #7655,#7672,#7703,#7727,#7751,#7768,#7799,#7823,#7847,#7864,#7895,
    #7919,#7943,#7960,#7991,#8015,#8039,#8056,#8087,#8111,#8135,#8152,
    #8183,#8207,#8231,#8248,#8279,#8303,#8327,#8344,#8356,#8368,#8380,
    #8392,#8404,#8416,#8428,#8440,#8452,#8464,#8476,#8488,#8500,#8512,
    #8524,#8536,#8548,#8560,#8572));
#2448 = ADVANCED_FACE('',(#2449),#2515,.T.);
#2449 = FACE_BOUND('',#2450,.T.);
#2450 = EDGE_LOOP('',(#2451,#2461,#2469,#2477,#2485,#2493,#2501,#2509));
#2451 = ORIENTED_EDGE('',*,*,#2452,.F.);
#2452 = EDGE_CURVE('',#2453,#2455,#2457,.T.);
#2453 = VERTEX_POINT('',#2454);
#2454 = CARTESIAN_POINT('',(-3.155,5.1,0.25));
#2455 = VERTEX_POINT('',#2456);
#2456 = CARTESIAN_POINT('',(-3.155,5.1,9.1));
#2457 = LINE('',#2458,#2459);
#2458 = CARTESIAN_POINT('',(-3.155,5.1,0.25));
#2459 = VECTOR('',#2460,1.);
#2460 = DIRECTION('',(0.,0.,1.));
#2461 = ORIENTED_EDGE('',*,*,#2462,.T.);
#2462 = EDGE_CURVE('',#2453,#2463,#2465,.T.);
#2463 = VERTEX_POINT('',#2464);
#2464 = CARTESIAN_POINT('',(-3.155,-15.26,0.25));
#2465 = LINE('',#2466,#2467);
#2466 = CARTESIAN_POINT('',(-3.155,5.1,0.25));
#2467 = VECTOR('',#2468,1.);
#2468 = DIRECTION('',(0.,-1.,0.));
#2469 = ORIENTED_EDGE('',*,*,#2470,.T.);
#2470 = EDGE_CURVE('',#2463,#2471,#2473,.T.);
#2471 = VERTEX_POINT('',#2472);
#2472 = CARTESIAN_POINT('',(-3.155,-15.26,9.1));
#2473 = LINE('',#2474,#2475);
#2474 = CARTESIAN_POINT('',(-3.155,-15.26,2.6));
#2475 = VECTOR('',#2476,1.);
#2476 = DIRECTION('',(0.,0.,1.));
#2477 = ORIENTED_EDGE('',*,*,#2478,.F.);
#2478 = EDGE_CURVE('',#2479,#2471,#2481,.T.);
#2479 = VERTEX_POINT('',#2480);
#2480 = CARTESIAN_POINT('',(-3.155,-7.33,9.1));
#2481 = LINE('',#2482,#2483);
#2482 = CARTESIAN_POINT('',(-3.155,5.1,9.1));
#2483 = VECTOR('',#2484,1.);
#2484 = DIRECTION('',(0.,-1.,0.));
#2485 = ORIENTED_EDGE('',*,*,#2486,.T.);
#2486 = EDGE_CURVE('',#2479,#2487,#2489,.T.);
#2487 = VERTEX_POINT('',#2488);
#2488 = CARTESIAN_POINT('',(-3.155,-7.33,2.1));
#2489 = LINE('',#2490,#2491);
#2490 = CARTESIAN_POINT('',(-3.155,-7.33,3.3875));
#2491 = VECTOR('',#2492,1.);
#2492 = DIRECTION('',(4.975757007678E-32,0.,-1.));
#2493 = ORIENTED_EDGE('',*,*,#2494,.T.);
#2494 = EDGE_CURVE('',#2487,#2495,#2497,.T.);
#2495 = VERTEX_POINT('',#2496);
#2496 = CARTESIAN_POINT('',(-3.155,-2.83,2.1));
#2497 = LINE('',#2498,#2499);
#2498 = CARTESIAN_POINT('',(-3.155,-5.08,2.1));
#2499 = VECTOR('',#2500,1.);
#2500 = DIRECTION('',(0.,1.,0.));
#2501 = ORIENTED_EDGE('',*,*,#2502,.T.);
#2502 = EDGE_CURVE('',#2495,#2503,#2505,.T.);
#2503 = VERTEX_POINT('',#2504);
#2504 = CARTESIAN_POINT('',(-3.155,-2.83,9.1));
#2505 = LINE('',#2506,#2507);
#2506 = CARTESIAN_POINT('',(-3.155,-2.83,3.3875));
#2507 = VECTOR('',#2508,1.);
#2508 = DIRECTION('',(-4.975757007678E-32,0.,1.));
#2509 = ORIENTED_EDGE('',*,*,#2510,.F.);
#2510 = EDGE_CURVE('',#2455,#2503,#2511,.T.);
#2511 = LINE('',#2512,#2513);
#2512 = CARTESIAN_POINT('',(-3.155,5.1,9.1));
#2513 = VECTOR('',#2514,1.);
#2514 = DIRECTION('',(0.,-1.,0.));
#2515 = PLANE('',#2516);
#2516 = AXIS2_PLACEMENT_3D('',#2517,#2518,#2519);
#2517 = CARTESIAN_POINT('',(-3.155,-5.08,4.675));
#2518 = DIRECTION('',(-1.,-0.,-4.975757007678E-32));
#2519 = DIRECTION('',(4.975757007678E-32,0.,-1.));
#2520 = ADVANCED_FACE('',(#2521),#2578,.T.);
#2521 = FACE_BOUND('',#2522,.T.);
#2522 = EDGE_LOOP('',(#2523,#2533,#2541,#2549,#2557,#2565,#2571,#2572));
#2523 = ORIENTED_EDGE('',*,*,#2524,.F.);
#2524 = EDGE_CURVE('',#2525,#2527,#2529,.T.);
#2525 = VERTEX_POINT('',#2526);
#2526 = CARTESIAN_POINT('',(5.695,5.1,0.25));
#2527 = VERTEX_POINT('',#2528);
#2528 = CARTESIAN_POINT('',(5.695,5.1,9.1));
#2529 = LINE('',#2530,#2531);
#2530 = CARTESIAN_POINT('',(5.695,5.1,0.25));
#2531 = VECTOR('',#2532,1.);
#2532 = DIRECTION('',(0.,0.,1.));
#2533 = ORIENTED_EDGE('',*,*,#2534,.T.);
#2534 = EDGE_CURVE('',#2525,#2535,#2537,.T.);
#2535 = VERTEX_POINT('',#2536);
#2536 = CARTESIAN_POINT('',(3.02,5.1,0.25));
#2537 = LINE('',#2538,#2539);
#2538 = CARTESIAN_POINT('',(5.695,5.1,0.25));
#2539 = VECTOR('',#2540,1.);
#2540 = DIRECTION('',(-1.,0.,0.));
#2541 = ORIENTED_EDGE('',*,*,#2542,.T.);
#2542 = EDGE_CURVE('',#2535,#2543,#2545,.T.);
#2543 = VERTEX_POINT('',#2544);
#2544 = CARTESIAN_POINT('',(3.02,5.1,6.75));
#2545 = LINE('',#2546,#2547);
#2546 = CARTESIAN_POINT('',(3.02,5.1,2.4625));
#2547 = VECTOR('',#2548,1.);
#2548 = DIRECTION('',(0.,2.127068541775E-31,1.));
#2549 = ORIENTED_EDGE('',*,*,#2550,.F.);
#2550 = EDGE_CURVE('',#2551,#2543,#2553,.T.);
#2551 = VERTEX_POINT('',#2552);
#2552 = CARTESIAN_POINT('',(-0.48,5.1,6.75));
#2553 = LINE('',#2554,#2555);
#2554 = CARTESIAN_POINT('',(1.27,5.1,6.75));
#2555 = VECTOR('',#2556,1.);
#2556 = DIRECTION('',(1.,0.,0.));
#2557 = ORIENTED_EDGE('',*,*,#2558,.T.);
#2558 = EDGE_CURVE('',#2551,#2559,#2561,.T.);
#2559 = VERTEX_POINT('',#2560);
#2560 = CARTESIAN_POINT('',(-0.48,5.1,0.25));
#2561 = LINE('',#2562,#2563);
#2562 = CARTESIAN_POINT('',(-0.48,5.1,2.4625));
#2563 = VECTOR('',#2564,1.);
#2564 = DIRECTION('',(0.,-2.127068541775E-31,-1.));
#2565 = ORIENTED_EDGE('',*,*,#2566,.T.);
#2566 = EDGE_CURVE('',#2559,#2453,#2567,.T.);
#2567 = LINE('',#2568,#2569);
#2568 = CARTESIAN_POINT('',(5.695,5.1,0.25));
#2569 = VECTOR('',#2570,1.);
#2570 = DIRECTION('',(-1.,0.,0.));
#2571 = ORIENTED_EDGE('',*,*,#2452,.T.);
#2572 = ORIENTED_EDGE('',*,*,#2573,.F.);
#2573 = EDGE_CURVE('',#2527,#2455,#2574,.T.);
#2574 = LINE('',#2575,#2576);
#2575 = CARTESIAN_POINT('',(5.695,5.1,9.1));
#2576 = VECTOR('',#2577,1.);
#2577 = DIRECTION('',(-1.,0.,0.));
#2578 = PLANE('',#2579);
#2579 = AXIS2_PLACEMENT_3D('',#2580,#2581,#2582);
#2580 = CARTESIAN_POINT('',(1.27,5.1,4.675));
#2581 = DIRECTION('',(0.,1.,-2.127068541775E-31));
#2582 = DIRECTION('',(0.,2.127068541775E-31,1.));
#2583 = ADVANCED_FACE('',(#2584),#2657,.T.);
#2584 = FACE_BOUND('',#2585,.T.);
#2585 = EDGE_LOOP('',(#2586,#2587,#2595,#2601,#2602,#2603,#2611,#2619,
    #2627,#2635,#2643,#2651));
#2586 = ORIENTED_EDGE('',*,*,#2478,.T.);
#2587 = ORIENTED_EDGE('',*,*,#2588,.T.);
#2588 = EDGE_CURVE('',#2471,#2589,#2591,.T.);
#2589 = VERTEX_POINT('',#2590);
#2590 = CARTESIAN_POINT('',(5.695,-15.26,9.1));
#2591 = LINE('',#2592,#2593);
#2592 = CARTESIAN_POINT('',(-3.155,-15.26,9.1));
#2593 = VECTOR('',#2594,1.);
#2594 = DIRECTION('',(1.,0.,0.));
#2595 = ORIENTED_EDGE('',*,*,#2596,.T.);
#2596 = EDGE_CURVE('',#2589,#2527,#2597,.T.);
#2597 = LINE('',#2598,#2599);
#2598 = CARTESIAN_POINT('',(5.695,-15.26,9.1));
#2599 = VECTOR('',#2600,1.);
#2600 = DIRECTION('',(0.,1.,0.));
#2601 = ORIENTED_EDGE('',*,*,#2573,.T.);
#2602 = ORIENTED_EDGE('',*,*,#2510,.T.);
#2603 = ORIENTED_EDGE('',*,*,#2604,.F.);
#2604 = EDGE_CURVE('',#2605,#2503,#2607,.T.);
#2605 = VERTEX_POINT('',#2606);
#2606 = CARTESIAN_POINT('',(-1.905,-2.83,9.1));
#2607 = LINE('',#2608,#2609);
#2608 = CARTESIAN_POINT('',(-1.155,-2.83,9.1));
#2609 = VECTOR('',#2610,1.);
#2610 = DIRECTION('',(-1.,0.,0.));
#2611 = ORIENTED_EDGE('',*,*,#2612,.F.);
#2612 = EDGE_CURVE('',#2613,#2605,#2615,.T.);
#2613 = VERTEX_POINT('',#2614);
#2614 = CARTESIAN_POINT('',(-1.905,3.94,9.1));
#2615 = LINE('',#2616,#2617);
#2616 = CARTESIAN_POINT('',(-1.905,3.94,9.1));
#2617 = VECTOR('',#2618,1.);
#2618 = DIRECTION('',(0.,-1.,0.));
#2619 = ORIENTED_EDGE('',*,*,#2620,.F.);
#2620 = EDGE_CURVE('',#2621,#2613,#2623,.T.);
#2621 = VERTEX_POINT('',#2622);
#2622 = CARTESIAN_POINT('',(4.445,3.94,9.1));
#2623 = LINE('',#2624,#2625);
#2624 = CARTESIAN_POINT('',(4.445,3.94,9.1));
#2625 = VECTOR('',#2626,1.);
#2626 = DIRECTION('',(-1.,0.,0.));
#2627 = ORIENTED_EDGE('',*,*,#2628,.F.);
#2628 = EDGE_CURVE('',#2629,#2621,#2631,.T.);
#2629 = VERTEX_POINT('',#2630);
#2630 = CARTESIAN_POINT('',(4.445,-14.1,9.1));
#2631 = LINE('',#2632,#2633);
#2632 = CARTESIAN_POINT('',(4.445,-14.1,9.1));
#2633 = VECTOR('',#2634,1.);
#2634 = DIRECTION('',(0.,1.,0.));
#2635 = ORIENTED_EDGE('',*,*,#2636,.F.);
#2636 = EDGE_CURVE('',#2637,#2629,#2639,.T.);
#2637 = VERTEX_POINT('',#2638);
#2638 = CARTESIAN_POINT('',(-1.905,-14.1,9.1));
#2639 = LINE('',#2640,#2641);
#2640 = CARTESIAN_POINT('',(-1.905,-14.1,9.1));
#2641 = VECTOR('',#2642,1.);
#2642 = DIRECTION('',(1.,0.,0.));
#2643 = ORIENTED_EDGE('',*,*,#2644,.F.);
#2644 = EDGE_CURVE('',#2645,#2637,#2647,.T.);
#2645 = VERTEX_POINT('',#2646);
#2646 = CARTESIAN_POINT('',(-1.905,-7.33,9.1));
#2647 = LINE('',#2648,#2649);
#2648 = CARTESIAN_POINT('',(-1.905,3.94,9.1));
#2649 = VECTOR('',#2650,1.);
#2650 = DIRECTION('',(0.,-1.,0.));
#2651 = ORIENTED_EDGE('',*,*,#2652,.F.);
#2652 = EDGE_CURVE('',#2479,#2645,#2653,.T.);
#2653 = LINE('',#2654,#2655);
#2654 = CARTESIAN_POINT('',(-5.155,-7.33,9.1));
#2655 = VECTOR('',#2656,1.);
#2656 = DIRECTION('',(1.,0.,0.));
#2657 = PLANE('',#2658);
#2658 = AXIS2_PLACEMENT_3D('',#2659,#2660,#2661);
#2659 = CARTESIAN_POINT('',(1.27,-5.08,9.1));
#2660 = DIRECTION('',(0.,0.,1.));
#2661 = DIRECTION('',(1.,0.,-0.));
#2662 = ADVANCED_FACE('',(#2663),#2697,.T.);
#2663 = FACE_BOUND('',#2664,.T.);
#2664 = EDGE_LOOP('',(#2665,#2673,#2681,#2689,#2695,#2696));
#2665 = ORIENTED_EDGE('',*,*,#2666,.F.);
#2666 = EDGE_CURVE('',#2667,#2495,#2669,.T.);
#2667 = VERTEX_POINT('',#2668);
#2668 = CARTESIAN_POINT('',(-1.155,-2.83,2.1));
#2669 = LINE('',#2670,#2671);
#2670 = CARTESIAN_POINT('',(-1.155,-2.83,2.1));
#2671 = VECTOR('',#2672,1.);
#2672 = DIRECTION('',(-1.,0.,0.));
#2673 = ORIENTED_EDGE('',*,*,#2674,.T.);
#2674 = EDGE_CURVE('',#2667,#2675,#2677,.T.);
#2675 = VERTEX_POINT('',#2676);
#2676 = CARTESIAN_POINT('',(-1.155,-2.83,2.6));
#2677 = LINE('',#2678,#2679);
#2678 = CARTESIAN_POINT('',(-1.155,-2.83,2.1));
#2679 = VECTOR('',#2680,1.);
#2680 = DIRECTION('',(0.,0.,1.));
#2681 = ORIENTED_EDGE('',*,*,#2682,.F.);
#2682 = EDGE_CURVE('',#2683,#2675,#2685,.T.);
#2683 = VERTEX_POINT('',#2684);
#2684 = CARTESIAN_POINT('',(-1.905,-2.83,2.6));
#2685 = LINE('',#2686,#2687);
#2686 = CARTESIAN_POINT('',(5.75E-02,-2.83,2.6));
#2687 = VECTOR('',#2688,1.);
#2688 = DIRECTION('',(1.,0.,0.));
#2689 = ORIENTED_EDGE('',*,*,#2690,.F.);
#2690 = EDGE_CURVE('',#2605,#2683,#2691,.T.);
#2691 = LINE('',#2692,#2693);
#2692 = CARTESIAN_POINT('',(-1.905,-2.83,1.175));
#2693 = VECTOR('',#2694,1.);
#2694 = DIRECTION('',(0.,0.,-1.));
#2695 = ORIENTED_EDGE('',*,*,#2604,.T.);
#2696 = ORIENTED_EDGE('',*,*,#2502,.F.);
#2697 = PLANE('',#2698);
#2698 = AXIS2_PLACEMENT_3D('',#2699,#2700,#2701);
#2699 = CARTESIAN_POINT('',(-1.155,-2.83,2.1));
#2700 = DIRECTION('',(0.,-1.,0.));
#2701 = DIRECTION('',(-1.,0.,0.));
#2702 = ADVANCED_FACE('',(#2703),#2721,.T.);
#2703 = FACE_BOUND('',#2704,.T.);
#2704 = EDGE_LOOP('',(#2705,#2706,#2714,#2720));
#2705 = ORIENTED_EDGE('',*,*,#2494,.F.);
#2706 = ORIENTED_EDGE('',*,*,#2707,.T.);
#2707 = EDGE_CURVE('',#2487,#2708,#2710,.T.);
#2708 = VERTEX_POINT('',#2709);
#2709 = CARTESIAN_POINT('',(-1.155,-7.33,2.1));
#2710 = LINE('',#2711,#2712);
#2711 = CARTESIAN_POINT('',(-5.155,-7.33,2.1));
#2712 = VECTOR('',#2713,1.);
#2713 = DIRECTION('',(1.,0.,0.));
#2714 = ORIENTED_EDGE('',*,*,#2715,.T.);
#2715 = EDGE_CURVE('',#2708,#2667,#2716,.T.);
#2716 = LINE('',#2717,#2718);
#2717 = CARTESIAN_POINT('',(-1.155,-7.33,2.1));
#2718 = VECTOR('',#2719,1.);
#2719 = DIRECTION('',(0.,1.,0.));
#2720 = ORIENTED_EDGE('',*,*,#2666,.T.);
#2721 = PLANE('',#2722);
#2722 = AXIS2_PLACEMENT_3D('',#2723,#2724,#2725);
#2723 = CARTESIAN_POINT('',(-3.155,-5.08,2.1));
#2724 = DIRECTION('',(0.,0.,1.));
#2725 = DIRECTION('',(1.,0.,-0.));
#2726 = ADVANCED_FACE('',(#2727),#2754,.T.);
#2727 = FACE_BOUND('',#2728,.T.);
#2728 = EDGE_LOOP('',(#2729,#2730,#2731,#2732,#2740,#2748));
#2729 = ORIENTED_EDGE('',*,*,#2707,.F.);
#2730 = ORIENTED_EDGE('',*,*,#2486,.F.);
#2731 = ORIENTED_EDGE('',*,*,#2652,.T.);
#2732 = ORIENTED_EDGE('',*,*,#2733,.F.);
#2733 = EDGE_CURVE('',#2734,#2645,#2736,.T.);
#2734 = VERTEX_POINT('',#2735);
#2735 = CARTESIAN_POINT('',(-1.905,-7.33,2.6));
#2736 = LINE('',#2737,#2738);
#2737 = CARTESIAN_POINT('',(-1.905,-7.33,1.175));
#2738 = VECTOR('',#2739,1.);
#2739 = DIRECTION('',(0.,0.,1.));
#2740 = ORIENTED_EDGE('',*,*,#2741,.F.);
#2741 = EDGE_CURVE('',#2742,#2734,#2744,.T.);
#2742 = VERTEX_POINT('',#2743);
#2743 = CARTESIAN_POINT('',(-1.155,-7.33,2.6));
#2744 = LINE('',#2745,#2746);
#2745 = CARTESIAN_POINT('',(-1.9425,-7.33,2.6));
#2746 = VECTOR('',#2747,1.);
#2747 = DIRECTION('',(-1.,0.,0.));
#2748 = ORIENTED_EDGE('',*,*,#2749,.F.);
#2749 = EDGE_CURVE('',#2708,#2742,#2750,.T.);
#2750 = LINE('',#2751,#2752);
#2751 = CARTESIAN_POINT('',(-1.155,-7.33,2.1));
#2752 = VECTOR('',#2753,1.);
#2753 = DIRECTION('',(0.,0.,1.));
#2754 = PLANE('',#2755);
#2755 = AXIS2_PLACEMENT_3D('',#2756,#2757,#2758);
#2756 = CARTESIAN_POINT('',(-5.155,-7.33,2.1));
#2757 = DIRECTION('',(0.,1.,0.));
#2758 = DIRECTION('',(1.,0.,0.));
#2759 = ADVANCED_FACE('',(#2760),#2810,.T.);
#2760 = FACE_BOUND('',#2761,.T.);
#2761 = EDGE_LOOP('',(#2762,#2763,#2771,#2779,#2787,#2795,#2803,#2809));
#2762 = ORIENTED_EDGE('',*,*,#2470,.F.);
#2763 = ORIENTED_EDGE('',*,*,#2764,.T.);
#2764 = EDGE_CURVE('',#2463,#2765,#2767,.T.);
#2765 = VERTEX_POINT('',#2766);
#2766 = CARTESIAN_POINT('',(-0.48,-15.26,0.25));
#2767 = LINE('',#2768,#2769);
#2768 = CARTESIAN_POINT('',(-3.155,-15.26,0.25));
#2769 = VECTOR('',#2770,1.);
#2770 = DIRECTION('',(1.,0.,0.));
#2771 = ORIENTED_EDGE('',*,*,#2772,.T.);
#2772 = EDGE_CURVE('',#2765,#2773,#2775,.T.);
#2773 = VERTEX_POINT('',#2774);
#2774 = CARTESIAN_POINT('',(-0.48,-15.26,6.75));
#2775 = LINE('',#2776,#2777);
#2776 = CARTESIAN_POINT('',(-0.48,-15.26,2.4625));
#2777 = VECTOR('',#2778,1.);
#2778 = DIRECTION('',(0.,-2.127068541775E-31,1.));
#2779 = ORIENTED_EDGE('',*,*,#2780,.F.);
#2780 = EDGE_CURVE('',#2781,#2773,#2783,.T.);
#2781 = VERTEX_POINT('',#2782);
#2782 = CARTESIAN_POINT('',(3.02,-15.26,6.75));
#2783 = LINE('',#2784,#2785);
#2784 = CARTESIAN_POINT('',(1.27,-15.26,6.75));
#2785 = VECTOR('',#2786,1.);
#2786 = DIRECTION('',(-1.,0.,0.));
#2787 = ORIENTED_EDGE('',*,*,#2788,.T.);
#2788 = EDGE_CURVE('',#2781,#2789,#2791,.T.);
#2789 = VERTEX_POINT('',#2790);
#2790 = CARTESIAN_POINT('',(3.02,-15.26,0.25));
#2791 = LINE('',#2792,#2793);
#2792 = CARTESIAN_POINT('',(3.02,-15.26,2.4625));
#2793 = VECTOR('',#2794,1.);
#2794 = DIRECTION('',(0.,2.127068541775E-31,-1.));
#2795 = ORIENTED_EDGE('',*,*,#2796,.T.);
#2796 = EDGE_CURVE('',#2789,#2797,#2799,.T.);
#2797 = VERTEX_POINT('',#2798);
#2798 = CARTESIAN_POINT('',(5.695,-15.26,0.25));
#2799 = LINE('',#2800,#2801);
#2800 = CARTESIAN_POINT('',(-3.155,-15.26,0.25));
#2801 = VECTOR('',#2802,1.);
#2802 = DIRECTION('',(1.,0.,0.));
#2803 = ORIENTED_EDGE('',*,*,#2804,.T.);
#2804 = EDGE_CURVE('',#2797,#2589,#2805,.T.);
#2805 = LINE('',#2806,#2807);
#2806 = CARTESIAN_POINT('',(5.695,-15.26,0.25));
#2807 = VECTOR('',#2808,1.);
#2808 = DIRECTION('',(0.,0.,1.));
#2809 = ORIENTED_EDGE('',*,*,#2588,.F.);
#2810 = PLANE('',#2811);
#2811 = AXIS2_PLACEMENT_3D('',#2812,#2813,#2814);
#2812 = CARTESIAN_POINT('',(1.27,-15.26,4.675));
#2813 = DIRECTION('',(-0.,-1.,-2.127068541775E-31));
#2814 = DIRECTION('',(0.,2.127068541775E-31,-1.));
#2815 = ADVANCED_FACE('',(#2816,#2951,#2985,#2996,#3030,#3064,#3098,
    #3132,#3166,#3177,#3188,#3222,#3256,#3290,#3324,#3335,#3346),#3357,
  .T.);
#2816 = FACE_BOUND('',#2817,.T.);
#2817 = EDGE_LOOP('',(#2818,#2819,#2820,#2828,#2836,#2842,#2843,#2851,
    #2860,#2869,#2877,#2886,#2895,#2903,#2912,#2921,#2927,#2928,#2936,
    #2944,#2950));
#2818 = ORIENTED_EDGE('',*,*,#2462,.F.);
#2819 = ORIENTED_EDGE('',*,*,#2566,.F.);
#2820 = ORIENTED_EDGE('',*,*,#2821,.T.);
#2821 = EDGE_CURVE('',#2559,#2822,#2824,.T.);
#2822 = VERTEX_POINT('',#2823);
#2823 = CARTESIAN_POINT('',(-0.48,3.85,0.25));
#2824 = LINE('',#2825,#2826);
#2825 = CARTESIAN_POINT('',(-0.48,6.35,0.25));
#2826 = VECTOR('',#2827,1.);
#2827 = DIRECTION('',(0.,-1.,0.));
#2828 = ORIENTED_EDGE('',*,*,#2829,.T.);
#2829 = EDGE_CURVE('',#2822,#2830,#2832,.T.);
#2830 = VERTEX_POINT('',#2831);
#2831 = CARTESIAN_POINT('',(3.02,3.85,0.25));
#2832 = LINE('',#2833,#2834);
#2833 = CARTESIAN_POINT('',(-0.48,3.85,0.25));
#2834 = VECTOR('',#2835,1.);
#2835 = DIRECTION('',(1.,0.,0.));
#2836 = ORIENTED_EDGE('',*,*,#2837,.T.);
#2837 = EDGE_CURVE('',#2830,#2535,#2838,.T.);
#2838 = LINE('',#2839,#2840);
#2839 = CARTESIAN_POINT('',(3.02,3.85,0.25));
#2840 = VECTOR('',#2841,1.);
#2841 = DIRECTION('',(0.,1.,0.));
#2842 = ORIENTED_EDGE('',*,*,#2534,.F.);
#2843 = ORIENTED_EDGE('',*,*,#2844,.F.);
#2844 = EDGE_CURVE('',#2845,#2525,#2847,.T.);
#2845 = VERTEX_POINT('',#2846);
#2846 = CARTESIAN_POINT('',(5.695,3.033012701892,0.25));
#2847 = LINE('',#2848,#2849);
#2848 = CARTESIAN_POINT('',(5.695,-15.26,0.25));
#2849 = VECTOR('',#2850,1.);
#2850 = DIRECTION('',(0.,1.,0.));
#2851 = ORIENTED_EDGE('',*,*,#2852,.F.);
#2852 = EDGE_CURVE('',#2853,#2845,#2855,.T.);
#2853 = VERTEX_POINT('',#2854);
#2854 = CARTESIAN_POINT('',(5.945,2.6,0.25));
#2855 = CIRCLE('',#2856,0.5);
#2856 = AXIS2_PLACEMENT_3D('',#2857,#2858,#2859);
#2857 = CARTESIAN_POINT('',(5.445,2.6,0.25));
#2858 = DIRECTION('',(0.,0.,1.));
#2859 = DIRECTION('',(1.,0.,-0.));
#2860 = ORIENTED_EDGE('',*,*,#2861,.F.);
#2861 = EDGE_CURVE('',#2862,#2853,#2864,.T.);
#2862 = VERTEX_POINT('',#2863);
#2863 = CARTESIAN_POINT('',(5.695,2.166987298108,0.25));
#2864 = CIRCLE('',#2865,0.5);
#2865 = AXIS2_PLACEMENT_3D('',#2866,#2867,#2868);
#2866 = CARTESIAN_POINT('',(5.445,2.6,0.25));
#2867 = DIRECTION('',(0.,0.,1.));
#2868 = DIRECTION('',(1.,0.,-0.));
#2869 = ORIENTED_EDGE('',*,*,#2870,.F.);
#2870 = EDGE_CURVE('',#2871,#2862,#2873,.T.);
#2871 = VERTEX_POINT('',#2872);
#2872 = CARTESIAN_POINT('',(5.695,-4.646987298108,0.25));
#2873 = LINE('',#2874,#2875);
#2874 = CARTESIAN_POINT('',(5.695,-15.26,0.25));
#2875 = VECTOR('',#2876,1.);
#2876 = DIRECTION('',(0.,1.,0.));
#2877 = ORIENTED_EDGE('',*,*,#2878,.F.);
#2878 = EDGE_CURVE('',#2879,#2871,#2881,.T.);
#2879 = VERTEX_POINT('',#2880);
#2880 = CARTESIAN_POINT('',(5.945,-5.08,0.25));
#2881 = CIRCLE('',#2882,0.5);
#2882 = AXIS2_PLACEMENT_3D('',#2883,#2884,#2885);
#2883 = CARTESIAN_POINT('',(5.445,-5.08,0.25));
#2884 = DIRECTION('',(0.,0.,1.));
#2885 = DIRECTION('',(1.,0.,-0.));
#2886 = ORIENTED_EDGE('',*,*,#2887,.F.);
#2887 = EDGE_CURVE('',#2888,#2879,#2890,.T.);
#2888 = VERTEX_POINT('',#2889);
#2889 = CARTESIAN_POINT('',(5.695,-5.513012701892,0.25));
#2890 = CIRCLE('',#2891,0.5);
#2891 = AXIS2_PLACEMENT_3D('',#2892,#2893,#2894);
#2892 = CARTESIAN_POINT('',(5.445,-5.08,0.25));
#2893 = DIRECTION('',(0.,0.,1.));
#2894 = DIRECTION('',(1.,0.,-0.));
#2895 = ORIENTED_EDGE('',*,*,#2896,.F.);
#2896 = EDGE_CURVE('',#2897,#2888,#2899,.T.);
#2897 = VERTEX_POINT('',#2898);
#2898 = CARTESIAN_POINT('',(5.695,-12.3269872981,0.25));
#2899 = LINE('',#2900,#2901);
#2900 = CARTESIAN_POINT('',(5.695,-15.26,0.25));
#2901 = VECTOR('',#2902,1.);
#2902 = DIRECTION('',(0.,1.,0.));
#2903 = ORIENTED_EDGE('',*,*,#2904,.F.);
#2904 = EDGE_CURVE('',#2905,#2897,#2907,.T.);
#2905 = VERTEX_POINT('',#2906);
#2906 = CARTESIAN_POINT('',(5.945,-12.76,0.25));
#2907 = CIRCLE('',#2908,0.5);
#2908 = AXIS2_PLACEMENT_3D('',#2909,#2910,#2911);
#2909 = CARTESIAN_POINT('',(5.445,-12.76,0.25));
#2910 = DIRECTION('',(0.,0.,1.));
#2911 = DIRECTION('',(1.,0.,-0.));
#2912 = ORIENTED_EDGE('',*,*,#2913,.F.);
#2913 = EDGE_CURVE('',#2914,#2905,#2916,.T.);
#2914 = VERTEX_POINT('',#2915);
#2915 = CARTESIAN_POINT('',(5.695,-13.19301270189,0.25));
#2916 = CIRCLE('',#2917,0.5);
#2917 = AXIS2_PLACEMENT_3D('',#2918,#2919,#2920);
#2918 = CARTESIAN_POINT('',(5.445,-12.76,0.25));
#2919 = DIRECTION('',(0.,0.,1.));
#2920 = DIRECTION('',(1.,0.,-0.));
#2921 = ORIENTED_EDGE('',*,*,#2922,.F.);
#2922 = EDGE_CURVE('',#2797,#2914,#2923,.T.);
#2923 = LINE('',#2924,#2925);
#2924 = CARTESIAN_POINT('',(5.695,-15.26,0.25));
#2925 = VECTOR('',#2926,1.);
#2926 = DIRECTION('',(0.,1.,0.));
#2927 = ORIENTED_EDGE('',*,*,#2796,.F.);
#2928 = ORIENTED_EDGE('',*,*,#2929,.T.);
#2929 = EDGE_CURVE('',#2789,#2930,#2932,.T.);
#2930 = VERTEX_POINT('',#2931);
#2931 = CARTESIAN_POINT('',(3.02,-14.01,0.25));
#2932 = LINE('',#2933,#2934);
#2933 = CARTESIAN_POINT('',(3.02,-16.51,0.25));
#2934 = VECTOR('',#2935,1.);
#2935 = DIRECTION('',(0.,1.,0.));
#2936 = ORIENTED_EDGE('',*,*,#2937,.T.);
#2937 = EDGE_CURVE('',#2930,#2938,#2940,.T.);
#2938 = VERTEX_POINT('',#2939);
#2939 = CARTESIAN_POINT('',(-0.48,-14.01,0.25));
#2940 = LINE('',#2941,#2942);
#2941 = CARTESIAN_POINT('',(3.02,-14.01,0.25));
#2942 = VECTOR('',#2943,1.);
#2943 = DIRECTION('',(-1.,0.,0.));
#2944 = ORIENTED_EDGE('',*,*,#2945,.T.);
#2945 = EDGE_CURVE('',#2938,#2765,#2946,.T.);
#2946 = LINE('',#2947,#2948);
#2947 = CARTESIAN_POINT('',(-0.48,-14.01,0.25));
#2948 = VECTOR('',#2949,1.);
#2949 = DIRECTION('',(0.,-1.,0.));
#2950 = ORIENTED_EDGE('',*,*,#2764,.F.);
#2951 = FACE_BOUND('',#2952,.T.);
#2952 = EDGE_LOOP('',(#2953,#2963,#2971,#2979));
#2953 = ORIENTED_EDGE('',*,*,#2954,.T.);
#2954 = EDGE_CURVE('',#2955,#2957,#2959,.T.);
#2955 = VERTEX_POINT('',#2956);
#2956 = CARTESIAN_POINT('',(0.32,-9.84,0.25));
#2957 = VERTEX_POINT('',#2958);
#2958 = CARTESIAN_POINT('',(-0.32,-9.84,0.25));
#2959 = LINE('',#2960,#2961);
#2960 = CARTESIAN_POINT('',(0.81902537633,-9.84,0.25));
#2961 = VECTOR('',#2962,1.);
#2962 = DIRECTION('',(-1.,0.,0.));
#2963 = ORIENTED_EDGE('',*,*,#2964,.T.);
#2964 = EDGE_CURVE('',#2957,#2965,#2967,.T.);
#2965 = VERTEX_POINT('',#2966);
#2966 = CARTESIAN_POINT('',(-0.32,-10.48,0.25));
#2967 = LINE('',#2968,#2969);
#2968 = CARTESIAN_POINT('',(-0.32,-7.46,0.25));
#2969 = VECTOR('',#2970,1.);
#2970 = DIRECTION('',(0.,-1.,0.));
#2971 = ORIENTED_EDGE('',*,*,#2972,.T.);
#2972 = EDGE_CURVE('',#2965,#2973,#2975,.T.);
#2973 = VERTEX_POINT('',#2974);
#2974 = CARTESIAN_POINT('',(0.32,-10.48,0.25));
#2975 = LINE('',#2976,#2977);
#2976 = CARTESIAN_POINT('',(0.49902537633,-10.48,0.25));
#2977 = VECTOR('',#2978,1.);
#2978 = DIRECTION('',(1.,0.,0.));
#2979 = ORIENTED_EDGE('',*,*,#2980,.T.);
#2980 = EDGE_CURVE('',#2973,#2955,#2981,.T.);
#2981 = LINE('',#2982,#2983);
#2982 = CARTESIAN_POINT('',(0.32,-7.78,0.25));
#2983 = VECTOR('',#2984,1.);
#2984 = DIRECTION('',(0.,1.,0.));
#2985 = FACE_BOUND('',#2986,.T.);
#2986 = EDGE_LOOP('',(#2987));
#2987 = ORIENTED_EDGE('',*,*,#2988,.T.);
#2988 = EDGE_CURVE('',#2989,#2989,#2991,.T.);
#2989 = VERTEX_POINT('',#2990);
#2990 = CARTESIAN_POINT('',(-1.08,-12.76,0.25));
#2991 = CIRCLE('',#2992,0.5);
#2992 = AXIS2_PLACEMENT_3D('',#2993,#2994,#2995);
#2993 = CARTESIAN_POINT('',(-1.58,-12.76,0.25));
#2994 = DIRECTION('',(0.,0.,1.));
#2995 = DIRECTION('',(1.,0.,-0.));
#2996 = FACE_BOUND('',#2997,.T.);
#2997 = EDGE_LOOP('',(#2998,#3008,#3016,#3024));
#2998 = ORIENTED_EDGE('',*,*,#2999,.T.);
#2999 = EDGE_CURVE('',#3000,#3002,#3004,.T.);
#3000 = VERTEX_POINT('',#3001);
#3001 = CARTESIAN_POINT('',(2.22,-4.76,0.25));
#3002 = VERTEX_POINT('',#3003);
#3003 = CARTESIAN_POINT('',(2.22,-5.4,0.25));
#3004 = LINE('',#3005,#3006);
#3005 = CARTESIAN_POINT('',(2.22,-4.92,0.25));
#3006 = VECTOR('',#3007,1.);
#3007 = DIRECTION('',(0.,-1.,0.));
#3008 = ORIENTED_EDGE('',*,*,#3009,.T.);
#3009 = EDGE_CURVE('',#3002,#3010,#3012,.T.);
#3010 = VERTEX_POINT('',#3011);
#3011 = CARTESIAN_POINT('',(2.86,-5.4,0.25));
#3012 = LINE('',#3013,#3014);
#3013 = CARTESIAN_POINT('',(1.76902537633,-5.4,0.25));
#3014 = VECTOR('',#3015,1.);
#3015 = DIRECTION('',(1.,0.,0.));
#3016 = ORIENTED_EDGE('',*,*,#3017,.T.);
#3017 = EDGE_CURVE('',#3010,#3018,#3020,.T.);
#3018 = VERTEX_POINT('',#3019);
#3019 = CARTESIAN_POINT('',(2.86,-4.76,0.25));
#3020 = LINE('',#3021,#3022);
#3021 = CARTESIAN_POINT('',(2.86,-5.24,0.25));
#3022 = VECTOR('',#3023,1.);
#3023 = DIRECTION('',(0.,1.,0.));
#3024 = ORIENTED_EDGE('',*,*,#3025,.T.);
#3025 = EDGE_CURVE('',#3018,#3000,#3026,.T.);
#3026 = LINE('',#3027,#3028);
#3027 = CARTESIAN_POINT('',(2.08902537633,-4.76,0.25));
#3028 = VECTOR('',#3029,1.);
#3029 = DIRECTION('',(-1.,0.,0.));
#3030 = FACE_BOUND('',#3031,.T.);
#3031 = EDGE_LOOP('',(#3032,#3042,#3050,#3058));
#3032 = ORIENTED_EDGE('',*,*,#3033,.T.);
#3033 = EDGE_CURVE('',#3034,#3036,#3038,.T.);
#3034 = VERTEX_POINT('',#3035);
#3035 = CARTESIAN_POINT('',(2.86,-7.3,0.25));
#3036 = VERTEX_POINT('',#3037);
#3037 = CARTESIAN_POINT('',(2.22,-7.3,0.25));
#3038 = LINE('',#3039,#3040);
#3039 = CARTESIAN_POINT('',(2.08902537633,-7.3,0.25));
#3040 = VECTOR('',#3041,1.);
#3041 = DIRECTION('',(-1.,0.,0.));
#3042 = ORIENTED_EDGE('',*,*,#3043,.T.);
#3043 = EDGE_CURVE('',#3036,#3044,#3046,.T.);
#3044 = VERTEX_POINT('',#3045);
#3045 = CARTESIAN_POINT('',(2.22,-7.94,0.25));
#3046 = LINE('',#3047,#3048);
#3047 = CARTESIAN_POINT('',(2.22,-6.19,0.25));
#3048 = VECTOR('',#3049,1.);
#3049 = DIRECTION('',(0.,-1.,0.));
#3050 = ORIENTED_EDGE('',*,*,#3051,.T.);
#3051 = EDGE_CURVE('',#3044,#3052,#3054,.T.);
#3052 = VERTEX_POINT('',#3053);
#3053 = CARTESIAN_POINT('',(2.86,-7.94,0.25));
#3054 = LINE('',#3055,#3056);
#3055 = CARTESIAN_POINT('',(1.76902537633,-7.94,0.25));
#3056 = VECTOR('',#3057,1.);
#3057 = DIRECTION('',(1.,0.,0.));
#3058 = ORIENTED_EDGE('',*,*,#3059,.T.);
#3059 = EDGE_CURVE('',#3052,#3034,#3060,.T.);
#3060 = LINE('',#3061,#3062);
#3061 = CARTESIAN_POINT('',(2.86,-6.51,0.25));
#3062 = VECTOR('',#3063,1.);
#3063 = DIRECTION('',(0.,1.,0.));
#3064 = FACE_BOUND('',#3065,.T.);
#3065 = EDGE_LOOP('',(#3066,#3076,#3084,#3092));
#3066 = ORIENTED_EDGE('',*,*,#3067,.T.);
#3067 = EDGE_CURVE('',#3068,#3070,#3072,.T.);
#3068 = VERTEX_POINT('',#3069);
#3069 = CARTESIAN_POINT('',(2.86,-9.84,0.25));
#3070 = VERTEX_POINT('',#3071);
#3071 = CARTESIAN_POINT('',(2.22,-9.84,0.25));
#3072 = LINE('',#3073,#3074);
#3073 = CARTESIAN_POINT('',(2.08902537633,-9.84,0.25));
#3074 = VECTOR('',#3075,1.);
#3075 = DIRECTION('',(-1.,0.,0.));
#3076 = ORIENTED_EDGE('',*,*,#3077,.T.);
#3077 = EDGE_CURVE('',#3070,#3078,#3080,.T.);
#3078 = VERTEX_POINT('',#3079);
#3079 = CARTESIAN_POINT('',(2.22,-10.48,0.25));
#3080 = LINE('',#3081,#3082);
#3081 = CARTESIAN_POINT('',(2.22,-7.46,0.25));
#3082 = VECTOR('',#3083,1.);
#3083 = DIRECTION('',(0.,-1.,0.));
#3084 = ORIENTED_EDGE('',*,*,#3085,.T.);
#3085 = EDGE_CURVE('',#3078,#3086,#3088,.T.);
#3086 = VERTEX_POINT('',#3087);
#3087 = CARTESIAN_POINT('',(2.86,-10.48,0.25));
#3088 = LINE('',#3089,#3090);
#3089 = CARTESIAN_POINT('',(1.76902537633,-10.48,0.25));
#3090 = VECTOR('',#3091,1.);
#3091 = DIRECTION('',(1.,0.,0.));
#3092 = ORIENTED_EDGE('',*,*,#3093,.T.);
#3093 = EDGE_CURVE('',#3086,#3068,#3094,.T.);
#3094 = LINE('',#3095,#3096);
#3095 = CARTESIAN_POINT('',(2.86,-7.78,0.25));
#3096 = VECTOR('',#3097,1.);
#3097 = DIRECTION('',(0.,1.,0.));
#3098 = FACE_BOUND('',#3099,.T.);
#3099 = EDGE_LOOP('',(#3100,#3110,#3118,#3126));
#3100 = ORIENTED_EDGE('',*,*,#3101,.T.);
#3101 = EDGE_CURVE('',#3102,#3104,#3106,.T.);
#3102 = VERTEX_POINT('',#3103);
#3103 = CARTESIAN_POINT('',(0.32,-4.76,0.25));
#3104 = VERTEX_POINT('',#3105);
#3105 = CARTESIAN_POINT('',(-0.32,-4.76,0.25));
#3106 = LINE('',#3107,#3108);
#3107 = CARTESIAN_POINT('',(0.81902537633,-4.76,0.25));
#3108 = VECTOR('',#3109,1.);
#3109 = DIRECTION('',(-1.,0.,0.));
#3110 = ORIENTED_EDGE('',*,*,#3111,.T.);
#3111 = EDGE_CURVE('',#3104,#3112,#3114,.T.);
#3112 = VERTEX_POINT('',#3113);
#3113 = CARTESIAN_POINT('',(-0.32,-5.4,0.25));
#3114 = LINE('',#3115,#3116);
#3115 = CARTESIAN_POINT('',(-0.32,-4.92,0.25));
#3116 = VECTOR('',#3117,1.);
#3117 = DIRECTION('',(0.,-1.,0.));
#3118 = ORIENTED_EDGE('',*,*,#3119,.T.);
#3119 = EDGE_CURVE('',#3112,#3120,#3122,.T.);
#3120 = VERTEX_POINT('',#3121);
#3121 = CARTESIAN_POINT('',(0.32,-5.4,0.25));
#3122 = LINE('',#3123,#3124);
#3123 = CARTESIAN_POINT('',(0.49902537633,-5.4,0.25));
#3124 = VECTOR('',#3125,1.);
#3125 = DIRECTION('',(1.,0.,0.));
#3126 = ORIENTED_EDGE('',*,*,#3127,.T.);
#3127 = EDGE_CURVE('',#3120,#3102,#3128,.T.);
#3128 = LINE('',#3129,#3130);
#3129 = CARTESIAN_POINT('',(0.32,-5.24,0.25));
#3130 = VECTOR('',#3131,1.);
#3131 = DIRECTION('',(0.,1.,0.));
#3132 = FACE_BOUND('',#3133,.T.);
#3133 = EDGE_LOOP('',(#3134,#3144,#3152,#3160));
#3134 = ORIENTED_EDGE('',*,*,#3135,.T.);
#3135 = EDGE_CURVE('',#3136,#3138,#3140,.T.);
#3136 = VERTEX_POINT('',#3137);
#3137 = CARTESIAN_POINT('',(0.32,-7.3,0.25));
#3138 = VERTEX_POINT('',#3139);
#3139 = CARTESIAN_POINT('',(-0.32,-7.3,0.25));
#3140 = LINE('',#3141,#3142);
#3141 = CARTESIAN_POINT('',(0.81902537633,-7.3,0.25));
#3142 = VECTOR('',#3143,1.);
#3143 = DIRECTION('',(-1.,0.,0.));
#3144 = ORIENTED_EDGE('',*,*,#3145,.T.);
#3145 = EDGE_CURVE('',#3138,#3146,#3148,.T.);
#3146 = VERTEX_POINT('',#3147);
#3147 = CARTESIAN_POINT('',(-0.32,-7.94,0.25));
#3148 = LINE('',#3149,#3150);
#3149 = CARTESIAN_POINT('',(-0.32,-6.19,0.25));
#3150 = VECTOR('',#3151,1.);
#3151 = DIRECTION('',(0.,-1.,0.));
#3152 = ORIENTED_EDGE('',*,*,#3153,.T.);
#3153 = EDGE_CURVE('',#3146,#3154,#3156,.T.);
#3154 = VERTEX_POINT('',#3155);
#3155 = CARTESIAN_POINT('',(0.32,-7.94,0.25));
#3156 = LINE('',#3157,#3158);
#3157 = CARTESIAN_POINT('',(0.49902537633,-7.94,0.25));
#3158 = VECTOR('',#3159,1.);
#3159 = DIRECTION('',(1.,0.,0.));
#3160 = ORIENTED_EDGE('',*,*,#3161,.T.);
#3161 = EDGE_CURVE('',#3154,#3136,#3162,.T.);
#3162 = LINE('',#3163,#3164);
#3163 = CARTESIAN_POINT('',(0.32,-6.51,0.25));
#3164 = VECTOR('',#3165,1.);
#3165 = DIRECTION('',(0.,1.,0.));
#3166 = FACE_BOUND('',#3167,.T.);
#3167 = EDGE_LOOP('',(#3168));
#3168 = ORIENTED_EDGE('',*,*,#3169,.T.);
#3169 = EDGE_CURVE('',#3170,#3170,#3172,.T.);
#3170 = VERTEX_POINT('',#3171);
#3171 = CARTESIAN_POINT('',(-1.08,-5.08,0.25));
#3172 = CIRCLE('',#3173,0.5);
#3173 = AXIS2_PLACEMENT_3D('',#3174,#3175,#3176);
#3174 = CARTESIAN_POINT('',(-1.58,-5.08,0.25));
#3175 = DIRECTION('',(0.,0.,1.));
#3176 = DIRECTION('',(1.,0.,-0.));
#3177 = FACE_BOUND('',#3178,.T.);
#3178 = EDGE_LOOP('',(#3179));
#3179 = ORIENTED_EDGE('',*,*,#3180,.T.);
#3180 = EDGE_CURVE('',#3181,#3181,#3183,.T.);
#3181 = VERTEX_POINT('',#3182);
#3182 = CARTESIAN_POINT('',(-1.08,2.6,0.25));
#3183 = CIRCLE('',#3184,0.5);
#3184 = AXIS2_PLACEMENT_3D('',#3185,#3186,#3187);
#3185 = CARTESIAN_POINT('',(-1.58,2.6,0.25));
#3186 = DIRECTION('',(0.,0.,1.));
#3187 = DIRECTION('',(1.,0.,-0.));
#3188 = FACE_BOUND('',#3189,.T.);
#3189 = EDGE_LOOP('',(#3190,#3200,#3208,#3216));
#3190 = ORIENTED_EDGE('',*,*,#3191,.T.);
#3191 = EDGE_CURVE('',#3192,#3194,#3196,.T.);
#3192 = VERTEX_POINT('',#3193);
#3193 = CARTESIAN_POINT('',(-0.32,-0.32,0.25));
#3194 = VERTEX_POINT('',#3195);
#3195 = CARTESIAN_POINT('',(0.32,-0.32,0.25));
#3196 = LINE('',#3197,#3198);
#3197 = CARTESIAN_POINT('',(0.49902537633,-0.32,0.25));
#3198 = VECTOR('',#3199,1.);
#3199 = DIRECTION('',(1.,0.,0.));
#3200 = ORIENTED_EDGE('',*,*,#3201,.T.);
#3201 = EDGE_CURVE('',#3194,#3202,#3204,.T.);
#3202 = VERTEX_POINT('',#3203);
#3203 = CARTESIAN_POINT('',(0.32,0.32,0.25));
#3204 = LINE('',#3205,#3206);
#3205 = CARTESIAN_POINT('',(0.32,-2.7,0.25));
#3206 = VECTOR('',#3207,1.);
#3207 = DIRECTION('',(0.,1.,0.));
#3208 = ORIENTED_EDGE('',*,*,#3209,.T.);
#3209 = EDGE_CURVE('',#3202,#3210,#3212,.T.);
#3210 = VERTEX_POINT('',#3211);
#3211 = CARTESIAN_POINT('',(-0.32,0.32,0.25));
#3212 = LINE('',#3213,#3214);
#3213 = CARTESIAN_POINT('',(0.81902537633,0.32,0.25));
#3214 = VECTOR('',#3215,1.);
#3215 = DIRECTION('',(-1.,0.,0.));
#3216 = ORIENTED_EDGE('',*,*,#3217,.T.);
#3217 = EDGE_CURVE('',#3210,#3192,#3218,.T.);
#3218 = LINE('',#3219,#3220);
#3219 = CARTESIAN_POINT('',(-0.32,-2.38,0.25));
#3220 = VECTOR('',#3221,1.);
#3221 = DIRECTION('',(0.,-1.,0.));
#3222 = FACE_BOUND('',#3223,.T.);
#3223 = EDGE_LOOP('',(#3224,#3234,#3242,#3250));
#3224 = ORIENTED_EDGE('',*,*,#3225,.T.);
#3225 = EDGE_CURVE('',#3226,#3228,#3230,.T.);
#3226 = VERTEX_POINT('',#3227);
#3227 = CARTESIAN_POINT('',(2.86,-2.22,0.25));
#3228 = VERTEX_POINT('',#3229);
#3229 = CARTESIAN_POINT('',(2.22,-2.22,0.25));
#3230 = LINE('',#3231,#3232);
#3231 = CARTESIAN_POINT('',(2.08902537633,-2.22,0.25));
#3232 = VECTOR('',#3233,1.);
#3233 = DIRECTION('',(-1.,0.,0.));
#3234 = ORIENTED_EDGE('',*,*,#3235,.T.);
#3235 = EDGE_CURVE('',#3228,#3236,#3238,.T.);
#3236 = VERTEX_POINT('',#3237);
#3237 = CARTESIAN_POINT('',(2.22,-2.86,0.25));
#3238 = LINE('',#3239,#3240);
#3239 = CARTESIAN_POINT('',(2.22,-3.65,0.25));
#3240 = VECTOR('',#3241,1.);
#3241 = DIRECTION('',(0.,-1.,0.));
#3242 = ORIENTED_EDGE('',*,*,#3243,.T.);
#3243 = EDGE_CURVE('',#3236,#3244,#3246,.T.);
#3244 = VERTEX_POINT('',#3245);
#3245 = CARTESIAN_POINT('',(2.86,-2.86,0.25));
#3246 = LINE('',#3247,#3248);
#3247 = CARTESIAN_POINT('',(1.76902537633,-2.86,0.25));
#3248 = VECTOR('',#3249,1.);
#3249 = DIRECTION('',(1.,0.,0.));
#3250 = ORIENTED_EDGE('',*,*,#3251,.T.);
#3251 = EDGE_CURVE('',#3244,#3226,#3252,.T.);
#3252 = LINE('',#3253,#3254);
#3253 = CARTESIAN_POINT('',(2.86,-3.97,0.25));
#3254 = VECTOR('',#3255,1.);
#3255 = DIRECTION('',(0.,1.,0.));
#3256 = FACE_BOUND('',#3257,.T.);
#3257 = EDGE_LOOP('',(#3258,#3268,#3276,#3284));
#3258 = ORIENTED_EDGE('',*,*,#3259,.T.);
#3259 = EDGE_CURVE('',#3260,#3262,#3264,.T.);
#3260 = VERTEX_POINT('',#3261);
#3261 = CARTESIAN_POINT('',(0.32,-2.86,0.25));
#3262 = VERTEX_POINT('',#3263);
#3263 = CARTESIAN_POINT('',(0.32,-2.22,0.25));
#3264 = LINE('',#3265,#3266);
#3265 = CARTESIAN_POINT('',(0.32,-3.97,0.25));
#3266 = VECTOR('',#3267,1.);
#3267 = DIRECTION('',(0.,1.,0.));
#3268 = ORIENTED_EDGE('',*,*,#3269,.T.);
#3269 = EDGE_CURVE('',#3262,#3270,#3272,.T.);
#3270 = VERTEX_POINT('',#3271);
#3271 = CARTESIAN_POINT('',(-0.32,-2.22,0.25));
#3272 = LINE('',#3273,#3274);
#3273 = CARTESIAN_POINT('',(0.81902537633,-2.22,0.25));
#3274 = VECTOR('',#3275,1.);
#3275 = DIRECTION('',(-1.,0.,0.));
#3276 = ORIENTED_EDGE('',*,*,#3277,.T.);
#3277 = EDGE_CURVE('',#3270,#3278,#3280,.T.);
#3278 = VERTEX_POINT('',#3279);
#3279 = CARTESIAN_POINT('',(-0.32,-2.86,0.25));
#3280 = LINE('',#3281,#3282);
#3281 = CARTESIAN_POINT('',(-0.32,-3.65,0.25));
#3282 = VECTOR('',#3283,1.);
#3283 = DIRECTION('',(0.,-1.,0.));
#3284 = ORIENTED_EDGE('',*,*,#3285,.T.);
#3285 = EDGE_CURVE('',#3278,#3260,#3286,.T.);
#3286 = LINE('',#3287,#3288);
#3287 = CARTESIAN_POINT('',(0.49902537633,-2.86,0.25));
#3288 = VECTOR('',#3289,1.);
#3289 = DIRECTION('',(1.,0.,0.));
#3290 = FACE_BOUND('',#3291,.T.);
#3291 = EDGE_LOOP('',(#3292,#3302,#3310,#3318));
#3292 = ORIENTED_EDGE('',*,*,#3293,.T.);
#3293 = EDGE_CURVE('',#3294,#3296,#3298,.T.);
#3294 = VERTEX_POINT('',#3295);
#3295 = CARTESIAN_POINT('',(2.22,-0.32,0.25));
#3296 = VERTEX_POINT('',#3297);
#3297 = CARTESIAN_POINT('',(2.86,-0.32,0.25));
#3298 = LINE('',#3299,#3300);
#3299 = CARTESIAN_POINT('',(1.76902537633,-0.32,0.25));
#3300 = VECTOR('',#3301,1.);
#3301 = DIRECTION('',(1.,0.,0.));
#3302 = ORIENTED_EDGE('',*,*,#3303,.T.);
#3303 = EDGE_CURVE('',#3296,#3304,#3306,.T.);
#3304 = VERTEX_POINT('',#3305);
#3305 = CARTESIAN_POINT('',(2.86,0.32,0.25));
#3306 = LINE('',#3307,#3308);
#3307 = CARTESIAN_POINT('',(2.86,-2.7,0.25));
#3308 = VECTOR('',#3309,1.);
#3309 = DIRECTION('',(0.,1.,0.));
#3310 = ORIENTED_EDGE('',*,*,#3311,.T.);
#3311 = EDGE_CURVE('',#3304,#3312,#3314,.T.);
#3312 = VERTEX_POINT('',#3313);
#3313 = CARTESIAN_POINT('',(2.22,0.32,0.25));
#3314 = LINE('',#3315,#3316);
#3315 = CARTESIAN_POINT('',(2.08902537633,0.32,0.25));
#3316 = VECTOR('',#3317,1.);
#3317 = DIRECTION('',(-1.,0.,0.));
#3318 = ORIENTED_EDGE('',*,*,#3319,.T.);
#3319 = EDGE_CURVE('',#3312,#3294,#3320,.T.);
#3320 = LINE('',#3321,#3322);
#3321 = CARTESIAN_POINT('',(2.22,-2.38,0.25));
#3322 = VECTOR('',#3323,1.);
#3323 = DIRECTION('',(0.,-1.,0.));
#3324 = FACE_BOUND('',#3325,.T.);
#3325 = EDGE_LOOP('',(#3326));
#3326 = ORIENTED_EDGE('',*,*,#3327,.T.);
#3327 = EDGE_CURVE('',#3328,#3328,#3330,.T.);
#3328 = VERTEX_POINT('',#3329);
#3329 = CARTESIAN_POINT('',(4.62,2.6,0.25));
#3330 = CIRCLE('',#3331,0.5);
#3331 = AXIS2_PLACEMENT_3D('',#3332,#3333,#3334);
#3332 = CARTESIAN_POINT('',(4.12,2.6,0.25));
#3333 = DIRECTION('',(0.,0.,1.));
#3334 = DIRECTION('',(1.,0.,-0.));
#3335 = FACE_BOUND('',#3336,.T.);
#3336 = EDGE_LOOP('',(#3337));
#3337 = ORIENTED_EDGE('',*,*,#3338,.T.);
#3338 = EDGE_CURVE('',#3339,#3339,#3341,.T.);
#3339 = VERTEX_POINT('',#3340);
#3340 = CARTESIAN_POINT('',(4.62,-5.08,0.25));
#3341 = CIRCLE('',#3342,0.5);
#3342 = AXIS2_PLACEMENT_3D('',#3343,#3344,#3345);
#3343 = CARTESIAN_POINT('',(4.12,-5.08,0.25));
#3344 = DIRECTION('',(0.,0.,1.));
#3345 = DIRECTION('',(1.,0.,-0.));
#3346 = FACE_BOUND('',#3347,.T.);
#3347 = EDGE_LOOP('',(#3348));
#3348 = ORIENTED_EDGE('',*,*,#3349,.T.);
#3349 = EDGE_CURVE('',#3350,#3350,#3352,.T.);
#3350 = VERTEX_POINT('',#3351);
#3351 = CARTESIAN_POINT('',(4.62,-12.76,0.25));
#3352 = CIRCLE('',#3353,0.5);
#3353 = AXIS2_PLACEMENT_3D('',#3354,#3355,#3356);
#3354 = CARTESIAN_POINT('',(4.12,-12.76,0.25));
#3355 = DIRECTION('',(0.,0.,1.));
#3356 = DIRECTION('',(1.,0.,-0.));
#3357 = PLANE('',#3358);
#3358 = AXIS2_PLACEMENT_3D('',#3359,#3360,#3361);
#3359 = CARTESIAN_POINT('',(1.318050752659,-5.08,0.25));
#3360 = DIRECTION('',(-0.,-0.,-1.));
#3361 = DIRECTION('',(-1.,0.,0.));
#3362 = ADVANCED_FACE('',(#3363),#3438,.T.);
#3363 = FACE_BOUND('',#3364,.T.);
#3364 = EDGE_LOOP('',(#3365,#3366,#3367,#3375,#3383,#3389,#3390,#3398,
    #3406,#3412,#3413,#3421,#3429,#3435,#3436,#3437));
#3365 = ORIENTED_EDGE('',*,*,#2804,.F.);
#3366 = ORIENTED_EDGE('',*,*,#2922,.T.);
#3367 = ORIENTED_EDGE('',*,*,#3368,.F.);
#3368 = EDGE_CURVE('',#3369,#2914,#3371,.T.);
#3369 = VERTEX_POINT('',#3370);
#3370 = CARTESIAN_POINT('',(5.695,-13.19301270189,8.75));
#3371 = LINE('',#3372,#3373);
#3372 = CARTESIAN_POINT('',(5.695,-13.19301270189,0.25));
#3373 = VECTOR('',#3374,1.);
#3374 = DIRECTION('',(-0.,-0.,-1.));
#3375 = ORIENTED_EDGE('',*,*,#3376,.F.);
#3376 = EDGE_CURVE('',#3377,#3369,#3379,.T.);
#3377 = VERTEX_POINT('',#3378);
#3378 = CARTESIAN_POINT('',(5.695,-12.3269872981,8.75));
#3379 = LINE('',#3380,#3381);
#3380 = CARTESIAN_POINT('',(5.695,-8.92,8.75));
#3381 = VECTOR('',#3382,1.);
#3382 = DIRECTION('',(0.,-1.,0.));
#3383 = ORIENTED_EDGE('',*,*,#3384,.T.);
#3384 = EDGE_CURVE('',#3377,#2897,#3385,.T.);
#3385 = LINE('',#3386,#3387);
#3386 = CARTESIAN_POINT('',(5.695,-12.3269872981,0.25));
#3387 = VECTOR('',#3388,1.);
#3388 = DIRECTION('',(-0.,-0.,-1.));
#3389 = ORIENTED_EDGE('',*,*,#2896,.T.);
#3390 = ORIENTED_EDGE('',*,*,#3391,.F.);
#3391 = EDGE_CURVE('',#3392,#2888,#3394,.T.);
#3392 = VERTEX_POINT('',#3393);
#3393 = CARTESIAN_POINT('',(5.695,-5.513012701892,8.75));
#3394 = LINE('',#3395,#3396);
#3395 = CARTESIAN_POINT('',(5.695,-5.513012701892,0.25));
#3396 = VECTOR('',#3397,1.);
#3397 = DIRECTION('',(-0.,-0.,-1.));
#3398 = ORIENTED_EDGE('',*,*,#3399,.F.);
#3399 = EDGE_CURVE('',#3400,#3392,#3402,.T.);
#3400 = VERTEX_POINT('',#3401);
#3401 = CARTESIAN_POINT('',(5.695,-4.646987298108,8.75));
#3402 = LINE('',#3403,#3404);
#3403 = CARTESIAN_POINT('',(5.695,-5.08,8.75));
#3404 = VECTOR('',#3405,1.);
#3405 = DIRECTION('',(0.,-1.,0.));
#3406 = ORIENTED_EDGE('',*,*,#3407,.T.);
#3407 = EDGE_CURVE('',#3400,#2871,#3408,.T.);
#3408 = LINE('',#3409,#3410);
#3409 = CARTESIAN_POINT('',(5.695,-4.646987298108,0.25));
#3410 = VECTOR('',#3411,1.);
#3411 = DIRECTION('',(-0.,-0.,-1.));
#3412 = ORIENTED_EDGE('',*,*,#2870,.T.);
#3413 = ORIENTED_EDGE('',*,*,#3414,.F.);
#3414 = EDGE_CURVE('',#3415,#2862,#3417,.T.);
#3415 = VERTEX_POINT('',#3416);
#3416 = CARTESIAN_POINT('',(5.695,2.166987298108,8.75));
#3417 = LINE('',#3418,#3419);
#3418 = CARTESIAN_POINT('',(5.695,2.166987298108,0.25));
#3419 = VECTOR('',#3420,1.);
#3420 = DIRECTION('',(-0.,-0.,-1.));
#3421 = ORIENTED_EDGE('',*,*,#3422,.F.);
#3422 = EDGE_CURVE('',#3423,#3415,#3425,.T.);
#3423 = VERTEX_POINT('',#3424);
#3424 = CARTESIAN_POINT('',(5.695,3.033012701892,8.75));
#3425 = LINE('',#3426,#3427);
#3426 = CARTESIAN_POINT('',(5.695,-1.24,8.75));
#3427 = VECTOR('',#3428,1.);
#3428 = DIRECTION('',(0.,-1.,0.));
#3429 = ORIENTED_EDGE('',*,*,#3430,.T.);
#3430 = EDGE_CURVE('',#3423,#2845,#3431,.T.);
#3431 = LINE('',#3432,#3433);
#3432 = CARTESIAN_POINT('',(5.695,3.033012701892,0.25));
#3433 = VECTOR('',#3434,1.);
#3434 = DIRECTION('',(-0.,-0.,-1.));
#3435 = ORIENTED_EDGE('',*,*,#2844,.T.);
#3436 = ORIENTED_EDGE('',*,*,#2524,.T.);
#3437 = ORIENTED_EDGE('',*,*,#2596,.F.);
#3438 = PLANE('',#3439);
#3439 = AXIS2_PLACEMENT_3D('',#3440,#3441,#3442);
#3440 = CARTESIAN_POINT('',(5.695,-5.08,4.675));
#3441 = DIRECTION('',(1.,0.,-4.975757007678E-32));
#3442 = DIRECTION('',(4.975757007678E-32,0.,1.));
#3443 = ADVANCED_FACE('',(#3444),#3478,.T.);
#3444 = FACE_BOUND('',#3445,.T.);
#3445 = EDGE_LOOP('',(#3446,#3447,#3448,#3456,#3464,#3472));
#3446 = ORIENTED_EDGE('',*,*,#2821,.F.);
#3447 = ORIENTED_EDGE('',*,*,#2558,.F.);
#3448 = ORIENTED_EDGE('',*,*,#3449,.T.);
#3449 = EDGE_CURVE('',#2551,#3450,#3452,.T.);
#3450 = VERTEX_POINT('',#3451);
#3451 = CARTESIAN_POINT('',(-0.48,3.94,6.75));
#3452 = LINE('',#3453,#3454);
#3453 = CARTESIAN_POINT('',(-0.48,6.35,6.75));
#3454 = VECTOR('',#3455,1.);
#3455 = DIRECTION('',(0.,-1.,0.));
#3456 = ORIENTED_EDGE('',*,*,#3457,.F.);
#3457 = EDGE_CURVE('',#3458,#3450,#3460,.T.);
#3458 = VERTEX_POINT('',#3459);
#3459 = CARTESIAN_POINT('',(-0.48,3.94,2.6));
#3460 = LINE('',#3461,#3462);
#3461 = CARTESIAN_POINT('',(-0.48,3.94,0.25));
#3462 = VECTOR('',#3463,1.);
#3463 = DIRECTION('',(0.,0.,1.));
#3464 = ORIENTED_EDGE('',*,*,#3465,.F.);
#3465 = EDGE_CURVE('',#3466,#3458,#3468,.T.);
#3466 = VERTEX_POINT('',#3467);
#3467 = CARTESIAN_POINT('',(-0.48,3.85,2.6));
#3468 = LINE('',#3469,#3470);
#3469 = CARTESIAN_POINT('',(-0.48,0.635,2.6));
#3470 = VECTOR('',#3471,1.);
#3471 = DIRECTION('',(0.,1.,0.));
#3472 = ORIENTED_EDGE('',*,*,#3473,.F.);
#3473 = EDGE_CURVE('',#2822,#3466,#3474,.T.);
#3474 = LINE('',#3475,#3476);
#3475 = CARTESIAN_POINT('',(-0.48,3.85,0.25));
#3476 = VECTOR('',#3477,1.);
#3477 = DIRECTION('',(0.,0.,1.));
#3478 = PLANE('',#3479);
#3479 = AXIS2_PLACEMENT_3D('',#3480,#3481,#3482);
#3480 = CARTESIAN_POINT('',(-0.48,6.35,0.25));
#3481 = DIRECTION('',(1.,0.,0.));
#3482 = DIRECTION('',(0.,-1.,0.));
#3483 = ADVANCED_FACE('',(#3484),#3502,.F.);
#3484 = FACE_BOUND('',#3485,.F.);
#3485 = EDGE_LOOP('',(#3486,#3487,#3495,#3501));
#3486 = ORIENTED_EDGE('',*,*,#3449,.T.);
#3487 = ORIENTED_EDGE('',*,*,#3488,.F.);
#3488 = EDGE_CURVE('',#3489,#3450,#3491,.T.);
#3489 = VERTEX_POINT('',#3490);
#3490 = CARTESIAN_POINT('',(3.02,3.94,6.75));
#3491 = LINE('',#3492,#3493);
#3492 = CARTESIAN_POINT('',(2.8575,3.94,6.75));
#3493 = VECTOR('',#3494,1.);
#3494 = DIRECTION('',(-1.,0.,0.));
#3495 = ORIENTED_EDGE('',*,*,#3496,.T.);
#3496 = EDGE_CURVE('',#3489,#2543,#3497,.T.);
#3497 = LINE('',#3498,#3499);
#3498 = CARTESIAN_POINT('',(3.02,3.85,6.75));
#3499 = VECTOR('',#3500,1.);
#3500 = DIRECTION('',(0.,1.,0.));
#3501 = ORIENTED_EDGE('',*,*,#2550,.F.);
#3502 = PLANE('',#3503);
#3503 = AXIS2_PLACEMENT_3D('',#3504,#3505,#3506);
#3504 = CARTESIAN_POINT('',(1.27,5.1,6.75));
#3505 = DIRECTION('',(0.,0.,1.));
#3506 = DIRECTION('',(1.,0.,-0.));
#3507 = ADVANCED_FACE('',(#3508),#3535,.T.);
#3508 = FACE_BOUND('',#3509,.T.);
#3509 = EDGE_LOOP('',(#3510,#3511,#3519,#3527,#3533,#3534));
#3510 = ORIENTED_EDGE('',*,*,#2837,.F.);
#3511 = ORIENTED_EDGE('',*,*,#3512,.T.);
#3512 = EDGE_CURVE('',#2830,#3513,#3515,.T.);
#3513 = VERTEX_POINT('',#3514);
#3514 = CARTESIAN_POINT('',(3.02,3.85,2.6));
#3515 = LINE('',#3516,#3517);
#3516 = CARTESIAN_POINT('',(3.02,3.85,0.25));
#3517 = VECTOR('',#3518,1.);
#3518 = DIRECTION('',(0.,0.,1.));
#3519 = ORIENTED_EDGE('',*,*,#3520,.F.);
#3520 = EDGE_CURVE('',#3521,#3513,#3523,.T.);
#3521 = VERTEX_POINT('',#3522);
#3522 = CARTESIAN_POINT('',(3.02,3.94,2.6));
#3523 = LINE('',#3524,#3525);
#3524 = CARTESIAN_POINT('',(3.02,-0.615,2.6));
#3525 = VECTOR('',#3526,1.);
#3526 = DIRECTION('',(0.,-1.,0.));
#3527 = ORIENTED_EDGE('',*,*,#3528,.F.);
#3528 = EDGE_CURVE('',#3489,#3521,#3529,.T.);
#3529 = LINE('',#3530,#3531);
#3530 = CARTESIAN_POINT('',(3.02,3.94,0.25));
#3531 = VECTOR('',#3532,1.);
#3532 = DIRECTION('',(-0.,-0.,-1.));
#3533 = ORIENTED_EDGE('',*,*,#3496,.T.);
#3534 = ORIENTED_EDGE('',*,*,#2542,.F.);
#3535 = PLANE('',#3536);
#3536 = AXIS2_PLACEMENT_3D('',#3537,#3538,#3539);
#3537 = CARTESIAN_POINT('',(3.02,3.85,0.25));
#3538 = DIRECTION('',(-1.,0.,0.));
#3539 = DIRECTION('',(0.,1.,0.));
#3540 = ADVANCED_FACE('',(#3541),#3559,.T.);
#3541 = FACE_BOUND('',#3542,.T.);
#3542 = EDGE_LOOP('',(#3543,#3551,#3557,#3558));
#3543 = ORIENTED_EDGE('',*,*,#3544,.F.);
#3544 = EDGE_CURVE('',#3545,#2637,#3547,.T.);
#3545 = VERTEX_POINT('',#3546);
#3546 = CARTESIAN_POINT('',(-1.905,-14.1,2.6));
#3547 = LINE('',#3548,#3549);
#3548 = CARTESIAN_POINT('',(-1.905,-14.1,0.25));
#3549 = VECTOR('',#3550,1.);
#3550 = DIRECTION('',(0.,0.,1.));
#3551 = ORIENTED_EDGE('',*,*,#3552,.T.);
#3552 = EDGE_CURVE('',#3545,#2734,#3553,.T.);
#3553 = LINE('',#3554,#3555);
#3554 = CARTESIAN_POINT('',(-1.905,-0.57,2.6));
#3555 = VECTOR('',#3556,1.);
#3556 = DIRECTION('',(0.,1.,0.));
#3557 = ORIENTED_EDGE('',*,*,#2733,.T.);
#3558 = ORIENTED_EDGE('',*,*,#2644,.T.);
#3559 = PLANE('',#3560);
#3560 = AXIS2_PLACEMENT_3D('',#3561,#3562,#3563);
#3561 = CARTESIAN_POINT('',(-1.905,3.94,0.25));
#3562 = DIRECTION('',(1.,0.,0.));
#3563 = DIRECTION('',(0.,-1.,0.));
#3564 = ADVANCED_FACE('',(#3565),#3615,.T.);
#3565 = FACE_BOUND('',#3566,.T.);
#3566 = EDGE_LOOP('',(#3567,#3575,#3583,#3591,#3599,#3607,#3613,#3614));
#3567 = ORIENTED_EDGE('',*,*,#3568,.F.);
#3568 = EDGE_CURVE('',#3569,#2629,#3571,.T.);
#3569 = VERTEX_POINT('',#3570);
#3570 = CARTESIAN_POINT('',(4.445,-14.1,2.6));
#3571 = LINE('',#3572,#3573);
#3572 = CARTESIAN_POINT('',(4.445,-14.1,0.25));
#3573 = VECTOR('',#3574,1.);
#3574 = DIRECTION('',(0.,0.,1.));
#3575 = ORIENTED_EDGE('',*,*,#3576,.T.);
#3576 = EDGE_CURVE('',#3569,#3577,#3579,.T.);
#3577 = VERTEX_POINT('',#3578);
#3578 = CARTESIAN_POINT('',(3.02,-14.1,2.6));
#3579 = LINE('',#3580,#3581);
#3580 = CARTESIAN_POINT('',(-0.3175,-14.1,2.6));
#3581 = VECTOR('',#3582,1.);
#3582 = DIRECTION('',(-1.,0.,0.));
#3583 = ORIENTED_EDGE('',*,*,#3584,.T.);
#3584 = EDGE_CURVE('',#3577,#3585,#3587,.T.);
#3585 = VERTEX_POINT('',#3586);
#3586 = CARTESIAN_POINT('',(3.02,-14.1,6.75));
#3587 = LINE('',#3588,#3589);
#3588 = CARTESIAN_POINT('',(3.02,-14.1,0.25));
#3589 = VECTOR('',#3590,1.);
#3590 = DIRECTION('',(0.,0.,1.));
#3591 = ORIENTED_EDGE('',*,*,#3592,.F.);
#3592 = EDGE_CURVE('',#3593,#3585,#3595,.T.);
#3593 = VERTEX_POINT('',#3594);
#3594 = CARTESIAN_POINT('',(-0.48,-14.1,6.75));
#3595 = LINE('',#3596,#3597);
#3596 = CARTESIAN_POINT('',(-0.3175,-14.1,6.75));
#3597 = VECTOR('',#3598,1.);
#3598 = DIRECTION('',(1.,0.,0.));
#3599 = ORIENTED_EDGE('',*,*,#3600,.T.);
#3600 = EDGE_CURVE('',#3593,#3601,#3603,.T.);
#3601 = VERTEX_POINT('',#3602);
#3602 = CARTESIAN_POINT('',(-0.48,-14.1,2.6));
#3603 = LINE('',#3604,#3605);
#3604 = CARTESIAN_POINT('',(-0.48,-14.1,0.25));
#3605 = VECTOR('',#3606,1.);
#3606 = DIRECTION('',(0.,0.,-1.));
#3607 = ORIENTED_EDGE('',*,*,#3608,.T.);
#3608 = EDGE_CURVE('',#3601,#3545,#3609,.T.);
#3609 = LINE('',#3610,#3611);
#3610 = CARTESIAN_POINT('',(-0.3175,-14.1,2.6));
#3611 = VECTOR('',#3612,1.);
#3612 = DIRECTION('',(-1.,0.,0.));
#3613 = ORIENTED_EDGE('',*,*,#3544,.T.);
#3614 = ORIENTED_EDGE('',*,*,#2636,.T.);
#3615 = PLANE('',#3616);
#3616 = AXIS2_PLACEMENT_3D('',#3617,#3618,#3619);
#3617 = CARTESIAN_POINT('',(-1.905,-14.1,0.25));
#3618 = DIRECTION('',(0.,1.,0.));
#3619 = DIRECTION('',(1.,0.,0.));
#3620 = ADVANCED_FACE('',(#3621),#3639,.T.);
#3621 = FACE_BOUND('',#3622,.T.);
#3622 = EDGE_LOOP('',(#3623,#3631,#3632,#3633));
#3623 = ORIENTED_EDGE('',*,*,#3624,.T.);
#3624 = EDGE_CURVE('',#3625,#3569,#3627,.T.);
#3625 = VERTEX_POINT('',#3626);
#3626 = CARTESIAN_POINT('',(4.445,3.94,2.6));
#3627 = LINE('',#3628,#3629);
#3628 = CARTESIAN_POINT('',(4.445,-9.59,2.6));
#3629 = VECTOR('',#3630,1.);
#3630 = DIRECTION('',(0.,-1.,0.));
#3631 = ORIENTED_EDGE('',*,*,#3568,.T.);
#3632 = ORIENTED_EDGE('',*,*,#2628,.T.);
#3633 = ORIENTED_EDGE('',*,*,#3634,.F.);
#3634 = EDGE_CURVE('',#3625,#2621,#3635,.T.);
#3635 = LINE('',#3636,#3637);
#3636 = CARTESIAN_POINT('',(4.445,3.94,0.25));
#3637 = VECTOR('',#3638,1.);
#3638 = DIRECTION('',(0.,0.,1.));
#3639 = PLANE('',#3640);
#3640 = AXIS2_PLACEMENT_3D('',#3641,#3642,#3643);
#3641 = CARTESIAN_POINT('',(4.445,-14.1,0.25));
#3642 = DIRECTION('',(-1.,0.,0.));
#3643 = DIRECTION('',(0.,1.,0.));
#3644 = ADVANCED_FACE('',(#3645),#3672,.T.);
#3645 = FACE_BOUND('',#3646,.T.);
#3646 = EDGE_LOOP('',(#3647,#3655,#3661,#3662,#3663,#3664,#3670,#3671));
#3647 = ORIENTED_EDGE('',*,*,#3648,.F.);
#3648 = EDGE_CURVE('',#3649,#2613,#3651,.T.);
#3649 = VERTEX_POINT('',#3650);
#3650 = CARTESIAN_POINT('',(-1.905,3.94,2.6));
#3651 = LINE('',#3652,#3653);
#3652 = CARTESIAN_POINT('',(-1.905,3.94,0.25));
#3653 = VECTOR('',#3654,1.);
#3654 = DIRECTION('',(0.,0.,1.));
#3655 = ORIENTED_EDGE('',*,*,#3656,.T.);
#3656 = EDGE_CURVE('',#3649,#3458,#3657,.T.);
#3657 = LINE('',#3658,#3659);
#3658 = CARTESIAN_POINT('',(2.8575,3.94,2.6));
#3659 = VECTOR('',#3660,1.);
#3660 = DIRECTION('',(1.,0.,0.));
#3661 = ORIENTED_EDGE('',*,*,#3457,.T.);
#3662 = ORIENTED_EDGE('',*,*,#3488,.F.);
#3663 = ORIENTED_EDGE('',*,*,#3528,.T.);
#3664 = ORIENTED_EDGE('',*,*,#3665,.T.);
#3665 = EDGE_CURVE('',#3521,#3625,#3666,.T.);
#3666 = LINE('',#3667,#3668);
#3667 = CARTESIAN_POINT('',(2.8575,3.94,2.6));
#3668 = VECTOR('',#3669,1.);
#3669 = DIRECTION('',(1.,0.,0.));
#3670 = ORIENTED_EDGE('',*,*,#3634,.T.);
#3671 = ORIENTED_EDGE('',*,*,#2620,.T.);
#3672 = PLANE('',#3673);
#3673 = AXIS2_PLACEMENT_3D('',#3674,#3675,#3676);
#3674 = CARTESIAN_POINT('',(4.445,3.94,0.25));
#3675 = DIRECTION('',(0.,-1.,0.));
#3676 = DIRECTION('',(-1.,0.,0.));
#3677 = ADVANCED_FACE('',(#3678),#3689,.T.);
#3678 = FACE_BOUND('',#3679,.T.);
#3679 = EDGE_LOOP('',(#3680,#3681,#3687,#3688));
#3680 = ORIENTED_EDGE('',*,*,#2690,.T.);
#3681 = ORIENTED_EDGE('',*,*,#3682,.T.);
#3682 = EDGE_CURVE('',#2683,#3649,#3683,.T.);
#3683 = LINE('',#3684,#3685);
#3684 = CARTESIAN_POINT('',(-1.905,-0.57,2.6));
#3685 = VECTOR('',#3686,1.);
#3686 = DIRECTION('',(0.,1.,0.));
#3687 = ORIENTED_EDGE('',*,*,#3648,.T.);
#3688 = ORIENTED_EDGE('',*,*,#2612,.T.);
#3689 = PLANE('',#3690);
#3690 = AXIS2_PLACEMENT_3D('',#3691,#3692,#3693);
#3691 = CARTESIAN_POINT('',(-1.905,3.94,0.25));
#3692 = DIRECTION('',(1.,0.,0.));
#3693 = DIRECTION('',(0.,-1.,0.));
#3694 = ADVANCED_FACE('',(#3695,#3742,#3776,#3810,#3844,#3878,#3912,
    #3946,#3980,#4014,#4048),#4082,.T.);
#3695 = FACE_BOUND('',#3696,.T.);
#3696 = EDGE_LOOP('',(#3697,#3698,#3699,#3707,#3715,#3721,#3722,#3723,
    #3724,#3725,#3731,#3732,#3733,#3734,#3735,#3741));
#3697 = ORIENTED_EDGE('',*,*,#3552,.F.);
#3698 = ORIENTED_EDGE('',*,*,#3608,.F.);
#3699 = ORIENTED_EDGE('',*,*,#3700,.T.);
#3700 = EDGE_CURVE('',#3601,#3701,#3703,.T.);
#3701 = VERTEX_POINT('',#3702);
#3702 = CARTESIAN_POINT('',(-0.48,-14.01,2.6));
#3703 = LINE('',#3704,#3705);
#3704 = CARTESIAN_POINT('',(-0.48,-9.545,2.6));
#3705 = VECTOR('',#3706,1.);
#3706 = DIRECTION('',(0.,1.,0.));
#3707 = ORIENTED_EDGE('',*,*,#3708,.T.);
#3708 = EDGE_CURVE('',#3701,#3709,#3711,.T.);
#3709 = VERTEX_POINT('',#3710);
#3710 = CARTESIAN_POINT('',(3.02,-14.01,2.6));
#3711 = LINE('',#3712,#3713);
#3712 = CARTESIAN_POINT('',(2.145,-14.01,2.6));
#3713 = VECTOR('',#3714,1.);
#3714 = DIRECTION('',(1.,0.,0.));
#3715 = ORIENTED_EDGE('',*,*,#3716,.T.);
#3716 = EDGE_CURVE('',#3709,#3577,#3717,.T.);
#3717 = LINE('',#3718,#3719);
#3718 = CARTESIAN_POINT('',(3.02,-10.795,2.6));
#3719 = VECTOR('',#3720,1.);
#3720 = DIRECTION('',(0.,-1.,0.));
#3721 = ORIENTED_EDGE('',*,*,#3576,.F.);
#3722 = ORIENTED_EDGE('',*,*,#3624,.F.);
#3723 = ORIENTED_EDGE('',*,*,#3665,.F.);
#3724 = ORIENTED_EDGE('',*,*,#3520,.T.);
#3725 = ORIENTED_EDGE('',*,*,#3726,.T.);
#3726 = EDGE_CURVE('',#3513,#3466,#3727,.T.);
#3727 = LINE('',#3728,#3729);
#3728 = CARTESIAN_POINT('',(0.395,3.85,2.6));
#3729 = VECTOR('',#3730,1.);
#3730 = DIRECTION('',(-1.,0.,0.));
#3731 = ORIENTED_EDGE('',*,*,#3465,.T.);
#3732 = ORIENTED_EDGE('',*,*,#3656,.F.);
#3733 = ORIENTED_EDGE('',*,*,#3682,.F.);
#3734 = ORIENTED_EDGE('',*,*,#2682,.T.);
#3735 = ORIENTED_EDGE('',*,*,#3736,.T.);
#3736 = EDGE_CURVE('',#2675,#2742,#3737,.T.);
#3737 = LINE('',#3738,#3739);
#3738 = CARTESIAN_POINT('',(-1.155,-6.205,2.6));
#3739 = VECTOR('',#3740,1.);
#3740 = DIRECTION('',(0.,-1.,0.));
#3741 = ORIENTED_EDGE('',*,*,#2741,.T.);
#3742 = FACE_BOUND('',#3743,.T.);
#3743 = EDGE_LOOP('',(#3744,#3754,#3762,#3770));
#3744 = ORIENTED_EDGE('',*,*,#3745,.T.);
#3745 = EDGE_CURVE('',#3746,#3748,#3750,.T.);
#3746 = VERTEX_POINT('',#3747);
#3747 = CARTESIAN_POINT('',(2.86,-4.76,2.6));
#3748 = VERTEX_POINT('',#3749);
#3749 = CARTESIAN_POINT('',(2.86,-5.4,2.6));
#3750 = LINE('',#3751,#3752);
#3751 = CARTESIAN_POINT('',(2.86,-5.24,2.6));
#3752 = VECTOR('',#3753,1.);
#3753 = DIRECTION('',(0.,-1.,0.));
#3754 = ORIENTED_EDGE('',*,*,#3755,.T.);
#3755 = EDGE_CURVE('',#3748,#3756,#3758,.T.);
#3756 = VERTEX_POINT('',#3757);
#3757 = CARTESIAN_POINT('',(2.22,-5.4,2.6));
#3758 = LINE('',#3759,#3760);
#3759 = CARTESIAN_POINT('',(1.745,-5.4,2.6));
#3760 = VECTOR('',#3761,1.);
#3761 = DIRECTION('',(-1.,0.,0.));
#3762 = ORIENTED_EDGE('',*,*,#3763,.T.);
#3763 = EDGE_CURVE('',#3756,#3764,#3766,.T.);
#3764 = VERTEX_POINT('',#3765);
#3765 = CARTESIAN_POINT('',(2.22,-4.76,2.6));
#3766 = LINE('',#3767,#3768);
#3767 = CARTESIAN_POINT('',(2.22,-4.92,2.6));
#3768 = VECTOR('',#3769,1.);
#3769 = DIRECTION('',(0.,1.,0.));
#3770 = ORIENTED_EDGE('',*,*,#3771,.T.);
#3771 = EDGE_CURVE('',#3764,#3746,#3772,.T.);
#3772 = LINE('',#3773,#3774);
#3773 = CARTESIAN_POINT('',(2.065,-4.76,2.6));
#3774 = VECTOR('',#3775,1.);
#3775 = DIRECTION('',(1.,0.,0.));
#3776 = FACE_BOUND('',#3777,.T.);
#3777 = EDGE_LOOP('',(#3778,#3788,#3796,#3804));
#3778 = ORIENTED_EDGE('',*,*,#3779,.T.);
#3779 = EDGE_CURVE('',#3780,#3782,#3784,.T.);
#3780 = VERTEX_POINT('',#3781);
#3781 = CARTESIAN_POINT('',(2.86,-7.94,2.6));
#3782 = VERTEX_POINT('',#3783);
#3783 = CARTESIAN_POINT('',(2.22,-7.94,2.6));
#3784 = LINE('',#3785,#3786);
#3785 = CARTESIAN_POINT('',(1.745,-7.94,2.6));
#3786 = VECTOR('',#3787,1.);
#3787 = DIRECTION('',(-1.,0.,0.));
#3788 = ORIENTED_EDGE('',*,*,#3789,.T.);
#3789 = EDGE_CURVE('',#3782,#3790,#3792,.T.);
#3790 = VERTEX_POINT('',#3791);
#3791 = CARTESIAN_POINT('',(2.22,-7.3,2.6));
#3792 = LINE('',#3793,#3794);
#3793 = CARTESIAN_POINT('',(2.22,-6.19,2.6));
#3794 = VECTOR('',#3795,1.);
#3795 = DIRECTION('',(0.,1.,0.));
#3796 = ORIENTED_EDGE('',*,*,#3797,.T.);
#3797 = EDGE_CURVE('',#3790,#3798,#3800,.T.);
#3798 = VERTEX_POINT('',#3799);
#3799 = CARTESIAN_POINT('',(2.86,-7.3,2.6));
#3800 = LINE('',#3801,#3802);
#3801 = CARTESIAN_POINT('',(2.065,-7.3,2.6));
#3802 = VECTOR('',#3803,1.);
#3803 = DIRECTION('',(1.,0.,0.));
#3804 = ORIENTED_EDGE('',*,*,#3805,.T.);
#3805 = EDGE_CURVE('',#3798,#3780,#3806,.T.);
#3806 = LINE('',#3807,#3808);
#3807 = CARTESIAN_POINT('',(2.86,-6.51,2.6));
#3808 = VECTOR('',#3809,1.);
#3809 = DIRECTION('',(0.,-1.,0.));
#3810 = FACE_BOUND('',#3811,.T.);
#3811 = EDGE_LOOP('',(#3812,#3822,#3830,#3838));
#3812 = ORIENTED_EDGE('',*,*,#3813,.T.);
#3813 = EDGE_CURVE('',#3814,#3816,#3818,.T.);
#3814 = VERTEX_POINT('',#3815);
#3815 = CARTESIAN_POINT('',(0.32,-7.94,2.6));
#3816 = VERTEX_POINT('',#3817);
#3817 = CARTESIAN_POINT('',(-0.32,-7.94,2.6));
#3818 = LINE('',#3819,#3820);
#3819 = CARTESIAN_POINT('',(0.475,-7.94,2.6));
#3820 = VECTOR('',#3821,1.);
#3821 = DIRECTION('',(-1.,0.,0.));
#3822 = ORIENTED_EDGE('',*,*,#3823,.T.);
#3823 = EDGE_CURVE('',#3816,#3824,#3826,.T.);
#3824 = VERTEX_POINT('',#3825);
#3825 = CARTESIAN_POINT('',(-0.32,-7.3,2.6));
#3826 = LINE('',#3827,#3828);
#3827 = CARTESIAN_POINT('',(-0.32,-6.19,2.6));
#3828 = VECTOR('',#3829,1.);
#3829 = DIRECTION('',(0.,1.,0.));
#3830 = ORIENTED_EDGE('',*,*,#3831,.T.);
#3831 = EDGE_CURVE('',#3824,#3832,#3834,.T.);
#3832 = VERTEX_POINT('',#3833);
#3833 = CARTESIAN_POINT('',(0.32,-7.3,2.6));
#3834 = LINE('',#3835,#3836);
#3835 = CARTESIAN_POINT('',(0.795,-7.3,2.6));
#3836 = VECTOR('',#3837,1.);
#3837 = DIRECTION('',(1.,0.,0.));
#3838 = ORIENTED_EDGE('',*,*,#3839,.T.);
#3839 = EDGE_CURVE('',#3832,#3814,#3840,.T.);
#3840 = LINE('',#3841,#3842);
#3841 = CARTESIAN_POINT('',(0.32,-6.51,2.6));
#3842 = VECTOR('',#3843,1.);
#3843 = DIRECTION('',(0.,-1.,0.));
#3844 = FACE_BOUND('',#3845,.T.);
#3845 = EDGE_LOOP('',(#3846,#3856,#3864,#3872));
#3846 = ORIENTED_EDGE('',*,*,#3847,.T.);
#3847 = EDGE_CURVE('',#3848,#3850,#3852,.T.);
#3848 = VERTEX_POINT('',#3849);
#3849 = CARTESIAN_POINT('',(0.32,-5.4,2.6));
#3850 = VERTEX_POINT('',#3851);
#3851 = CARTESIAN_POINT('',(-0.32,-5.4,2.6));
#3852 = LINE('',#3853,#3854);
#3853 = CARTESIAN_POINT('',(0.475,-5.4,2.6));
#3854 = VECTOR('',#3855,1.);
#3855 = DIRECTION('',(-1.,0.,0.));
#3856 = ORIENTED_EDGE('',*,*,#3857,.T.);
#3857 = EDGE_CURVE('',#3850,#3858,#3860,.T.);
#3858 = VERTEX_POINT('',#3859);
#3859 = CARTESIAN_POINT('',(-0.32,-4.76,2.6));
#3860 = LINE('',#3861,#3862);
#3861 = CARTESIAN_POINT('',(-0.32,-4.92,2.6));
#3862 = VECTOR('',#3863,1.);
#3863 = DIRECTION('',(0.,1.,0.));
#3864 = ORIENTED_EDGE('',*,*,#3865,.T.);
#3865 = EDGE_CURVE('',#3858,#3866,#3868,.T.);
#3866 = VERTEX_POINT('',#3867);
#3867 = CARTESIAN_POINT('',(0.32,-4.76,2.6));
#3868 = LINE('',#3869,#3870);
#3869 = CARTESIAN_POINT('',(0.795,-4.76,2.6));
#3870 = VECTOR('',#3871,1.);
#3871 = DIRECTION('',(1.,0.,0.));
#3872 = ORIENTED_EDGE('',*,*,#3873,.T.);
#3873 = EDGE_CURVE('',#3866,#3848,#3874,.T.);
#3874 = LINE('',#3875,#3876);
#3875 = CARTESIAN_POINT('',(0.32,-5.24,2.6));
#3876 = VECTOR('',#3877,1.);
#3877 = DIRECTION('',(0.,-1.,0.));
#3878 = FACE_BOUND('',#3879,.T.);
#3879 = EDGE_LOOP('',(#3880,#3890,#3898,#3906));
#3880 = ORIENTED_EDGE('',*,*,#3881,.T.);
#3881 = EDGE_CURVE('',#3882,#3884,#3886,.T.);
#3882 = VERTEX_POINT('',#3883);
#3883 = CARTESIAN_POINT('',(0.32,-10.48,2.6));
#3884 = VERTEX_POINT('',#3885);
#3885 = CARTESIAN_POINT('',(-0.32,-10.48,2.6));
#3886 = LINE('',#3887,#3888);
#3887 = CARTESIAN_POINT('',(0.475,-10.48,2.6));
#3888 = VECTOR('',#3889,1.);
#3889 = DIRECTION('',(-1.,0.,0.));
#3890 = ORIENTED_EDGE('',*,*,#3891,.T.);
#3891 = EDGE_CURVE('',#3884,#3892,#3894,.T.);
#3892 = VERTEX_POINT('',#3893);
#3893 = CARTESIAN_POINT('',(-0.32,-9.84,2.6));
#3894 = LINE('',#3895,#3896);
#3895 = CARTESIAN_POINT('',(-0.32,-7.46,2.6));
#3896 = VECTOR('',#3897,1.);
#3897 = DIRECTION('',(0.,1.,0.));
#3898 = ORIENTED_EDGE('',*,*,#3899,.T.);
#3899 = EDGE_CURVE('',#3892,#3900,#3902,.T.);
#3900 = VERTEX_POINT('',#3901);
#3901 = CARTESIAN_POINT('',(0.32,-9.84,2.6));
#3902 = LINE('',#3903,#3904);
#3903 = CARTESIAN_POINT('',(0.795,-9.84,2.6));
#3904 = VECTOR('',#3905,1.);
#3905 = DIRECTION('',(1.,0.,0.));
#3906 = ORIENTED_EDGE('',*,*,#3907,.T.);
#3907 = EDGE_CURVE('',#3900,#3882,#3908,.T.);
#3908 = LINE('',#3909,#3910);
#3909 = CARTESIAN_POINT('',(0.32,-7.78,2.6));
#3910 = VECTOR('',#3911,1.);
#3911 = DIRECTION('',(0.,-1.,0.));
#3912 = FACE_BOUND('',#3913,.T.);
#3913 = EDGE_LOOP('',(#3914,#3924,#3932,#3940));
#3914 = ORIENTED_EDGE('',*,*,#3915,.T.);
#3915 = EDGE_CURVE('',#3916,#3918,#3920,.T.);
#3916 = VERTEX_POINT('',#3917);
#3917 = CARTESIAN_POINT('',(2.86,-10.48,2.6));
#3918 = VERTEX_POINT('',#3919);
#3919 = CARTESIAN_POINT('',(2.22,-10.48,2.6));
#3920 = LINE('',#3921,#3922);
#3921 = CARTESIAN_POINT('',(1.745,-10.48,2.6));
#3922 = VECTOR('',#3923,1.);
#3923 = DIRECTION('',(-1.,0.,0.));
#3924 = ORIENTED_EDGE('',*,*,#3925,.T.);
#3925 = EDGE_CURVE('',#3918,#3926,#3928,.T.);
#3926 = VERTEX_POINT('',#3927);
#3927 = CARTESIAN_POINT('',(2.22,-9.84,2.6));
#3928 = LINE('',#3929,#3930);
#3929 = CARTESIAN_POINT('',(2.22,-7.46,2.6));
#3930 = VECTOR('',#3931,1.);
#3931 = DIRECTION('',(0.,1.,0.));
#3932 = ORIENTED_EDGE('',*,*,#3933,.T.);
#3933 = EDGE_CURVE('',#3926,#3934,#3936,.T.);
#3934 = VERTEX_POINT('',#3935);
#3935 = CARTESIAN_POINT('',(2.86,-9.84,2.6));
#3936 = LINE('',#3937,#3938);
#3937 = CARTESIAN_POINT('',(2.065,-9.84,2.6));
#3938 = VECTOR('',#3939,1.);
#3939 = DIRECTION('',(1.,0.,0.));
#3940 = ORIENTED_EDGE('',*,*,#3941,.T.);
#3941 = EDGE_CURVE('',#3934,#3916,#3942,.T.);
#3942 = LINE('',#3943,#3944);
#3943 = CARTESIAN_POINT('',(2.86,-7.78,2.6));
#3944 = VECTOR('',#3945,1.);
#3945 = DIRECTION('',(0.,-1.,0.));
#3946 = FACE_BOUND('',#3947,.T.);
#3947 = EDGE_LOOP('',(#3948,#3958,#3966,#3974));
#3948 = ORIENTED_EDGE('',*,*,#3949,.T.);
#3949 = EDGE_CURVE('',#3950,#3952,#3954,.T.);
#3950 = VERTEX_POINT('',#3951);
#3951 = CARTESIAN_POINT('',(-0.32,0.32,2.6));
#3952 = VERTEX_POINT('',#3953);
#3953 = CARTESIAN_POINT('',(0.32,0.32,2.6));
#3954 = LINE('',#3955,#3956);
#3955 = CARTESIAN_POINT('',(0.795,0.32,2.6));
#3956 = VECTOR('',#3957,1.);
#3957 = DIRECTION('',(1.,0.,0.));
#3958 = ORIENTED_EDGE('',*,*,#3959,.T.);
#3959 = EDGE_CURVE('',#3952,#3960,#3962,.T.);
#3960 = VERTEX_POINT('',#3961);
#3961 = CARTESIAN_POINT('',(0.32,-0.32,2.6));
#3962 = LINE('',#3963,#3964);
#3963 = CARTESIAN_POINT('',(0.32,-2.7,2.6));
#3964 = VECTOR('',#3965,1.);
#3965 = DIRECTION('',(0.,-1.,0.));
#3966 = ORIENTED_EDGE('',*,*,#3967,.T.);
#3967 = EDGE_CURVE('',#3960,#3968,#3970,.T.);
#3968 = VERTEX_POINT('',#3969);
#3969 = CARTESIAN_POINT('',(-0.32,-0.32,2.6));
#3970 = LINE('',#3971,#3972);
#3971 = CARTESIAN_POINT('',(0.475,-0.32,2.6));
#3972 = VECTOR('',#3973,1.);
#3973 = DIRECTION('',(-1.,0.,0.));
#3974 = ORIENTED_EDGE('',*,*,#3975,.T.);
#3975 = EDGE_CURVE('',#3968,#3950,#3976,.T.);
#3976 = LINE('',#3977,#3978);
#3977 = CARTESIAN_POINT('',(-0.32,-2.38,2.6));
#3978 = VECTOR('',#3979,1.);
#3979 = DIRECTION('',(0.,1.,0.));
#3980 = FACE_BOUND('',#3981,.T.);
#3981 = EDGE_LOOP('',(#3982,#3992,#4000,#4008));
#3982 = ORIENTED_EDGE('',*,*,#3983,.T.);
#3983 = EDGE_CURVE('',#3984,#3986,#3988,.T.);
#3984 = VERTEX_POINT('',#3985);
#3985 = CARTESIAN_POINT('',(2.22,0.32,2.6));
#3986 = VERTEX_POINT('',#3987);
#3987 = CARTESIAN_POINT('',(2.86,0.32,2.6));
#3988 = LINE('',#3989,#3990);
#3989 = CARTESIAN_POINT('',(2.065,0.32,2.6));
#3990 = VECTOR('',#3991,1.);
#3991 = DIRECTION('',(1.,0.,0.));
#3992 = ORIENTED_EDGE('',*,*,#3993,.T.);
#3993 = EDGE_CURVE('',#3986,#3994,#3996,.T.);
#3994 = VERTEX_POINT('',#3995);
#3995 = CARTESIAN_POINT('',(2.86,-0.32,2.6));
#3996 = LINE('',#3997,#3998);
#3997 = CARTESIAN_POINT('',(2.86,-2.7,2.6));
#3998 = VECTOR('',#3999,1.);
#3999 = DIRECTION('',(0.,-1.,0.));
#4000 = ORIENTED_EDGE('',*,*,#4001,.T.);
#4001 = EDGE_CURVE('',#3994,#4002,#4004,.T.);
#4002 = VERTEX_POINT('',#4003);
#4003 = CARTESIAN_POINT('',(2.22,-0.32,2.6));
#4004 = LINE('',#4005,#4006);
#4005 = CARTESIAN_POINT('',(1.745,-0.32,2.6));
#4006 = VECTOR('',#4007,1.);
#4007 = DIRECTION('',(-1.,0.,0.));
#4008 = ORIENTED_EDGE('',*,*,#4009,.T.);
#4009 = EDGE_CURVE('',#4002,#3984,#4010,.T.);
#4010 = LINE('',#4011,#4012);
#4011 = CARTESIAN_POINT('',(2.22,-2.38,2.6));
#4012 = VECTOR('',#4013,1.);
#4013 = DIRECTION('',(0.,1.,0.));
#4014 = FACE_BOUND('',#4015,.T.);
#4015 = EDGE_LOOP('',(#4016,#4026,#4034,#4042));
#4016 = ORIENTED_EDGE('',*,*,#4017,.T.);
#4017 = EDGE_CURVE('',#4018,#4020,#4022,.T.);
#4018 = VERTEX_POINT('',#4019);
#4019 = CARTESIAN_POINT('',(2.86,-2.86,2.6));
#4020 = VERTEX_POINT('',#4021);
#4021 = CARTESIAN_POINT('',(2.22,-2.86,2.6));
#4022 = LINE('',#4023,#4024);
#4023 = CARTESIAN_POINT('',(1.745,-2.86,2.6));
#4024 = VECTOR('',#4025,1.);
#4025 = DIRECTION('',(-1.,0.,0.));
#4026 = ORIENTED_EDGE('',*,*,#4027,.T.);
#4027 = EDGE_CURVE('',#4020,#4028,#4030,.T.);
#4028 = VERTEX_POINT('',#4029);
#4029 = CARTESIAN_POINT('',(2.22,-2.22,2.6));
#4030 = LINE('',#4031,#4032);
#4031 = CARTESIAN_POINT('',(2.22,-3.65,2.6));
#4032 = VECTOR('',#4033,1.);
#4033 = DIRECTION('',(0.,1.,0.));
#4034 = ORIENTED_EDGE('',*,*,#4035,.T.);
#4035 = EDGE_CURVE('',#4028,#4036,#4038,.T.);
#4036 = VERTEX_POINT('',#4037);
#4037 = CARTESIAN_POINT('',(2.86,-2.22,2.6));
#4038 = LINE('',#4039,#4040);
#4039 = CARTESIAN_POINT('',(2.065,-2.22,2.6));
#4040 = VECTOR('',#4041,1.);
#4041 = DIRECTION('',(1.,0.,0.));
#4042 = ORIENTED_EDGE('',*,*,#4043,.T.);
#4043 = EDGE_CURVE('',#4036,#4018,#4044,.T.);
#4044 = LINE('',#4045,#4046);
#4045 = CARTESIAN_POINT('',(2.86,-3.97,2.6));
#4046 = VECTOR('',#4047,1.);
#4047 = DIRECTION('',(0.,-1.,0.));
#4048 = FACE_BOUND('',#4049,.T.);
#4049 = EDGE_LOOP('',(#4050,#4060,#4068,#4076));
#4050 = ORIENTED_EDGE('',*,*,#4051,.T.);
#4051 = EDGE_CURVE('',#4052,#4054,#4056,.T.);
#4052 = VERTEX_POINT('',#4053);
#4053 = CARTESIAN_POINT('',(-0.32,-2.86,2.6));
#4054 = VERTEX_POINT('',#4055);
#4055 = CARTESIAN_POINT('',(-0.32,-2.22,2.6));
#4056 = LINE('',#4057,#4058);
#4057 = CARTESIAN_POINT('',(-0.32,-3.65,2.6));
#4058 = VECTOR('',#4059,1.);
#4059 = DIRECTION('',(0.,1.,0.));
#4060 = ORIENTED_EDGE('',*,*,#4061,.T.);
#4061 = EDGE_CURVE('',#4054,#4062,#4064,.T.);
#4062 = VERTEX_POINT('',#4063);
#4063 = CARTESIAN_POINT('',(0.32,-2.22,2.6));
#4064 = LINE('',#4065,#4066);
#4065 = CARTESIAN_POINT('',(0.795,-2.22,2.6));
#4066 = VECTOR('',#4067,1.);
#4067 = DIRECTION('',(1.,0.,0.));
#4068 = ORIENTED_EDGE('',*,*,#4069,.T.);
#4069 = EDGE_CURVE('',#4062,#4070,#4072,.T.);
#4070 = VERTEX_POINT('',#4071);
#4071 = CARTESIAN_POINT('',(0.32,-2.86,2.6));
#4072 = LINE('',#4073,#4074);
#4073 = CARTESIAN_POINT('',(0.32,-3.97,2.6));
#4074 = VECTOR('',#4075,1.);
#4075 = DIRECTION('',(0.,-1.,0.));
#4076 = ORIENTED_EDGE('',*,*,#4077,.T.);
#4077 = EDGE_CURVE('',#4070,#4052,#4078,.T.);
#4078 = LINE('',#4079,#4080);
#4079 = CARTESIAN_POINT('',(0.475,-2.86,2.6));
#4080 = VECTOR('',#4081,1.);
#4081 = DIRECTION('',(-1.,0.,0.));
#4082 = PLANE('',#4083);
#4083 = AXIS2_PLACEMENT_3D('',#4084,#4085,#4086);
#4084 = CARTESIAN_POINT('',(1.27,-5.08,2.6));
#4085 = DIRECTION('',(0.,0.,1.));
#4086 = DIRECTION('',(1.,0.,-0.));
#4087 = ADVANCED_FACE('',(#4088),#4094,.T.);
#4088 = FACE_BOUND('',#4089,.T.);
#4089 = EDGE_LOOP('',(#4090,#4091,#4092,#4093));
#4090 = ORIENTED_EDGE('',*,*,#2715,.F.);
#4091 = ORIENTED_EDGE('',*,*,#2749,.T.);
#4092 = ORIENTED_EDGE('',*,*,#3736,.F.);
#4093 = ORIENTED_EDGE('',*,*,#2674,.F.);
#4094 = PLANE('',#4095);
#4095 = AXIS2_PLACEMENT_3D('',#4096,#4097,#4098);
#4096 = CARTESIAN_POINT('',(-1.155,-7.33,2.1));
#4097 = DIRECTION('',(-1.,0.,0.));
#4098 = DIRECTION('',(0.,1.,0.));
#4099 = ADVANCED_FACE('',(#4100),#4118,.T.);
#4100 = FACE_BOUND('',#4101,.T.);
#4101 = EDGE_LOOP('',(#4102,#4103,#4104,#4110,#4111,#4112));
#4102 = ORIENTED_EDGE('',*,*,#2929,.F.);
#4103 = ORIENTED_EDGE('',*,*,#2788,.F.);
#4104 = ORIENTED_EDGE('',*,*,#4105,.T.);
#4105 = EDGE_CURVE('',#2781,#3585,#4106,.T.);
#4106 = LINE('',#4107,#4108);
#4107 = CARTESIAN_POINT('',(3.02,-16.51,6.75));
#4108 = VECTOR('',#4109,1.);
#4109 = DIRECTION('',(0.,1.,0.));
#4110 = ORIENTED_EDGE('',*,*,#3584,.F.);
#4111 = ORIENTED_EDGE('',*,*,#3716,.F.);
#4112 = ORIENTED_EDGE('',*,*,#4113,.F.);
#4113 = EDGE_CURVE('',#2930,#3709,#4114,.T.);
#4114 = LINE('',#4115,#4116);
#4115 = CARTESIAN_POINT('',(3.02,-14.01,0.25));
#4116 = VECTOR('',#4117,1.);
#4117 = DIRECTION('',(0.,0.,1.));
#4118 = PLANE('',#4119);
#4119 = AXIS2_PLACEMENT_3D('',#4120,#4121,#4122);
#4120 = CARTESIAN_POINT('',(3.02,-16.51,0.25));
#4121 = DIRECTION('',(-1.,0.,0.));
#4122 = DIRECTION('',(0.,1.,0.));
#4123 = ADVANCED_FACE('',(#4124),#4135,.F.);
#4124 = FACE_BOUND('',#4125,.F.);
#4125 = EDGE_LOOP('',(#4126,#4132,#4133,#4134));
#4126 = ORIENTED_EDGE('',*,*,#4127,.T.);
#4127 = EDGE_CURVE('',#3593,#2773,#4128,.T.);
#4128 = LINE('',#4129,#4130);
#4129 = CARTESIAN_POINT('',(-0.48,-14.01,6.75));
#4130 = VECTOR('',#4131,1.);
#4131 = DIRECTION('',(0.,-1.,0.));
#4132 = ORIENTED_EDGE('',*,*,#2780,.F.);
#4133 = ORIENTED_EDGE('',*,*,#4105,.T.);
#4134 = ORIENTED_EDGE('',*,*,#3592,.F.);
#4135 = PLANE('',#4136);
#4136 = AXIS2_PLACEMENT_3D('',#4137,#4138,#4139);
#4137 = CARTESIAN_POINT('',(1.27,-15.26,6.75));
#4138 = DIRECTION('',(0.,0.,1.));
#4139 = DIRECTION('',(1.,0.,-0.));
#4140 = ADVANCED_FACE('',(#4141),#4154,.T.);
#4141 = FACE_BOUND('',#4142,.T.);
#4142 = EDGE_LOOP('',(#4143,#4144,#4150,#4151,#4152,#4153));
#4143 = ORIENTED_EDGE('',*,*,#2945,.F.);
#4144 = ORIENTED_EDGE('',*,*,#4145,.T.);
#4145 = EDGE_CURVE('',#2938,#3701,#4146,.T.);
#4146 = LINE('',#4147,#4148);
#4147 = CARTESIAN_POINT('',(-0.48,-14.01,0.25));
#4148 = VECTOR('',#4149,1.);
#4149 = DIRECTION('',(0.,0.,1.));
#4150 = ORIENTED_EDGE('',*,*,#3700,.F.);
#4151 = ORIENTED_EDGE('',*,*,#3600,.F.);
#4152 = ORIENTED_EDGE('',*,*,#4127,.T.);
#4153 = ORIENTED_EDGE('',*,*,#2772,.F.);
#4154 = PLANE('',#4155);
#4155 = AXIS2_PLACEMENT_3D('',#4156,#4157,#4158);
#4156 = CARTESIAN_POINT('',(-0.48,-14.01,0.25));
#4157 = DIRECTION('',(1.,0.,0.));
#4158 = DIRECTION('',(0.,-1.,0.));
#4159 = ADVANCED_FACE('',(#4160),#4166,.T.);
#4160 = FACE_BOUND('',#4161,.T.);
#4161 = EDGE_LOOP('',(#4162,#4163,#4164,#4165));
#4162 = ORIENTED_EDGE('',*,*,#2829,.F.);
#4163 = ORIENTED_EDGE('',*,*,#3473,.T.);
#4164 = ORIENTED_EDGE('',*,*,#3726,.F.);
#4165 = ORIENTED_EDGE('',*,*,#3512,.F.);
#4166 = PLANE('',#4167);
#4167 = AXIS2_PLACEMENT_3D('',#4168,#4169,#4170);
#4168 = CARTESIAN_POINT('',(-0.48,3.85,0.25));
#4169 = DIRECTION('',(0.,1.,0.));
#4170 = DIRECTION('',(1.,0.,0.));
#4171 = ADVANCED_FACE('',(#4172),#4178,.T.);
#4172 = FACE_BOUND('',#4173,.T.);
#4173 = EDGE_LOOP('',(#4174,#4175,#4176,#4177));
#4174 = ORIENTED_EDGE('',*,*,#2937,.F.);
#4175 = ORIENTED_EDGE('',*,*,#4113,.T.);
#4176 = ORIENTED_EDGE('',*,*,#3708,.F.);
#4177 = ORIENTED_EDGE('',*,*,#4145,.F.);
#4178 = PLANE('',#4179);
#4179 = AXIS2_PLACEMENT_3D('',#4180,#4181,#4182);
#4180 = CARTESIAN_POINT('',(3.02,-14.01,0.25));
#4181 = DIRECTION('',(0.,-1.,0.));
#4182 = DIRECTION('',(-1.,0.,0.));
#4183 = ADVANCED_FACE('',(#4184),#4206,.T.);
#4184 = FACE_BOUND('',#4185,.T.);
#4185 = EDGE_LOOP('',(#4186,#4187,#4188,#4189,#4198,#4205));
#4186 = ORIENTED_EDGE('',*,*,#2861,.T.);
#4187 = ORIENTED_EDGE('',*,*,#2852,.T.);
#4188 = ORIENTED_EDGE('',*,*,#3430,.F.);
#4189 = ORIENTED_EDGE('',*,*,#4190,.F.);
#4190 = EDGE_CURVE('',#4191,#3423,#4193,.T.);
#4191 = VERTEX_POINT('',#4192);
#4192 = CARTESIAN_POINT('',(5.945,2.6,8.75));
#4193 = CIRCLE('',#4194,0.5);
#4194 = AXIS2_PLACEMENT_3D('',#4195,#4196,#4197);
#4195 = CARTESIAN_POINT('',(5.445,2.6,8.75));
#4196 = DIRECTION('',(0.,0.,1.));
#4197 = DIRECTION('',(1.,0.,-0.));
#4198 = ORIENTED_EDGE('',*,*,#4199,.F.);
#4199 = EDGE_CURVE('',#3415,#4191,#4200,.T.);
#4200 = CIRCLE('',#4201,0.5);
#4201 = AXIS2_PLACEMENT_3D('',#4202,#4203,#4204);
#4202 = CARTESIAN_POINT('',(5.445,2.6,8.75));
#4203 = DIRECTION('',(0.,0.,1.));
#4204 = DIRECTION('',(1.,0.,-0.));
#4205 = ORIENTED_EDGE('',*,*,#3414,.T.);
#4206 = CYLINDRICAL_SURFACE('',#4207,0.5);
#4207 = AXIS2_PLACEMENT_3D('',#4208,#4209,#4210);
#4208 = CARTESIAN_POINT('',(5.445,2.6,0.25));
#4209 = DIRECTION('',(-0.,-0.,-1.));
#4210 = DIRECTION('',(1.,0.,0.));
#4211 = ADVANCED_FACE('',(#4212),#4234,.T.);
#4212 = FACE_BOUND('',#4213,.T.);
#4213 = EDGE_LOOP('',(#4214,#4215,#4216,#4217,#4226,#4233));
#4214 = ORIENTED_EDGE('',*,*,#2913,.T.);
#4215 = ORIENTED_EDGE('',*,*,#2904,.T.);
#4216 = ORIENTED_EDGE('',*,*,#3384,.F.);
#4217 = ORIENTED_EDGE('',*,*,#4218,.F.);
#4218 = EDGE_CURVE('',#4219,#3377,#4221,.T.);
#4219 = VERTEX_POINT('',#4220);
#4220 = CARTESIAN_POINT('',(5.945,-12.76,8.75));
#4221 = CIRCLE('',#4222,0.5);
#4222 = AXIS2_PLACEMENT_3D('',#4223,#4224,#4225);
#4223 = CARTESIAN_POINT('',(5.445,-12.76,8.75));
#4224 = DIRECTION('',(0.,0.,1.));
#4225 = DIRECTION('',(1.,0.,-0.));
#4226 = ORIENTED_EDGE('',*,*,#4227,.F.);
#4227 = EDGE_CURVE('',#3369,#4219,#4228,.T.);
#4228 = CIRCLE('',#4229,0.5);
#4229 = AXIS2_PLACEMENT_3D('',#4230,#4231,#4232);
#4230 = CARTESIAN_POINT('',(5.445,-12.76,8.75));
#4231 = DIRECTION('',(0.,0.,1.));
#4232 = DIRECTION('',(1.,0.,-0.));
#4233 = ORIENTED_EDGE('',*,*,#3368,.T.);
#4234 = CYLINDRICAL_SURFACE('',#4235,0.5);
#4235 = AXIS2_PLACEMENT_3D('',#4236,#4237,#4238);
#4236 = CARTESIAN_POINT('',(5.445,-12.76,0.25));
#4237 = DIRECTION('',(-0.,-0.,-1.));
#4238 = DIRECTION('',(1.,0.,0.));
#4239 = ADVANCED_FACE('',(#4240),#4262,.T.);
#4240 = FACE_BOUND('',#4241,.T.);
#4241 = EDGE_LOOP('',(#4242,#4243,#4244,#4245,#4254,#4261));
#4242 = ORIENTED_EDGE('',*,*,#2887,.T.);
#4243 = ORIENTED_EDGE('',*,*,#2878,.T.);
#4244 = ORIENTED_EDGE('',*,*,#3407,.F.);
#4245 = ORIENTED_EDGE('',*,*,#4246,.F.);
#4246 = EDGE_CURVE('',#4247,#3400,#4249,.T.);
#4247 = VERTEX_POINT('',#4248);
#4248 = CARTESIAN_POINT('',(5.945,-5.08,8.75));
#4249 = CIRCLE('',#4250,0.5);
#4250 = AXIS2_PLACEMENT_3D('',#4251,#4252,#4253);
#4251 = CARTESIAN_POINT('',(5.445,-5.08,8.75));
#4252 = DIRECTION('',(0.,0.,1.));
#4253 = DIRECTION('',(1.,0.,-0.));
#4254 = ORIENTED_EDGE('',*,*,#4255,.F.);
#4255 = EDGE_CURVE('',#3392,#4247,#4256,.T.);
#4256 = CIRCLE('',#4257,0.5);
#4257 = AXIS2_PLACEMENT_3D('',#4258,#4259,#4260);
#4258 = CARTESIAN_POINT('',(5.445,-5.08,8.75));
#4259 = DIRECTION('',(0.,0.,1.));
#4260 = DIRECTION('',(1.,0.,-0.));
#4261 = ORIENTED_EDGE('',*,*,#3391,.T.);
#4262 = CYLINDRICAL_SURFACE('',#4263,0.5);
#4263 = AXIS2_PLACEMENT_3D('',#4264,#4265,#4266);
#4264 = CARTESIAN_POINT('',(5.445,-5.08,0.25));
#4265 = DIRECTION('',(-0.,-0.,-1.));
#4266 = DIRECTION('',(1.,0.,0.));
#4267 = ADVANCED_FACE('',(#4268),#4293,.F.);
#4268 = FACE_BOUND('',#4269,.F.);
#4269 = EDGE_LOOP('',(#4270,#4280,#4286,#4287));
#4270 = ORIENTED_EDGE('',*,*,#4271,.F.);
#4271 = EDGE_CURVE('',#4272,#4274,#4276,.T.);
#4272 = VERTEX_POINT('',#4273);
#4273 = CARTESIAN_POINT('',(0.32,-9.84,-2.8));
#4274 = VERTEX_POINT('',#4275);
#4275 = CARTESIAN_POINT('',(-0.32,-9.84,-2.8));
#4276 = LINE('',#4277,#4278);
#4277 = CARTESIAN_POINT('',(0.32,-9.84,-2.8));
#4278 = VECTOR('',#4279,1.);
#4279 = DIRECTION('',(-1.,0.,0.));
#4280 = ORIENTED_EDGE('',*,*,#4281,.T.);
#4281 = EDGE_CURVE('',#4272,#2955,#4282,.T.);
#4282 = LINE('',#4283,#4284);
#4283 = CARTESIAN_POINT('',(0.32,-9.84,-3.));
#4284 = VECTOR('',#4285,1.);
#4285 = DIRECTION('',(0.,0.,1.));
#4286 = ORIENTED_EDGE('',*,*,#2954,.T.);
#4287 = ORIENTED_EDGE('',*,*,#4288,.F.);
#4288 = EDGE_CURVE('',#4274,#2957,#4289,.T.);
#4289 = LINE('',#4290,#4291);
#4290 = CARTESIAN_POINT('',(-0.32,-9.84,-3.));
#4291 = VECTOR('',#4292,1.);
#4292 = DIRECTION('',(0.,0.,1.));
#4293 = PLANE('',#4294);
#4294 = AXIS2_PLACEMENT_3D('',#4295,#4296,#4297);
#4295 = CARTESIAN_POINT('',(0.32,-9.84,-3.));
#4296 = DIRECTION('',(0.,-1.,0.));
#4297 = DIRECTION('',(-1.,0.,0.));
#4298 = ADVANCED_FACE('',(#4299),#4317,.F.);
#4299 = FACE_BOUND('',#4300,.F.);
#4300 = EDGE_LOOP('',(#4301,#4309,#4315,#4316));
#4301 = ORIENTED_EDGE('',*,*,#4302,.F.);
#4302 = EDGE_CURVE('',#4303,#4272,#4305,.T.);
#4303 = VERTEX_POINT('',#4304);
#4304 = CARTESIAN_POINT('',(0.32,-10.48,-2.8));
#4305 = LINE('',#4306,#4307);
#4306 = CARTESIAN_POINT('',(0.32,-10.48,-2.8));
#4307 = VECTOR('',#4308,1.);
#4308 = DIRECTION('',(0.,1.,0.));
#4309 = ORIENTED_EDGE('',*,*,#4310,.T.);
#4310 = EDGE_CURVE('',#4303,#2973,#4311,.T.);
#4311 = LINE('',#4312,#4313);
#4312 = CARTESIAN_POINT('',(0.32,-10.48,-3.));
#4313 = VECTOR('',#4314,1.);
#4314 = DIRECTION('',(0.,0.,1.));
#4315 = ORIENTED_EDGE('',*,*,#2980,.T.);
#4316 = ORIENTED_EDGE('',*,*,#4281,.F.);
#4317 = PLANE('',#4318);
#4318 = AXIS2_PLACEMENT_3D('',#4319,#4320,#4321);
#4319 = CARTESIAN_POINT('',(0.32,-10.48,-3.));
#4320 = DIRECTION('',(-1.,0.,0.));
#4321 = DIRECTION('',(0.,1.,0.));
#4322 = ADVANCED_FACE('',(#4323),#4341,.F.);
#4323 = FACE_BOUND('',#4324,.F.);
#4324 = EDGE_LOOP('',(#4325,#4333,#4339,#4340));
#4325 = ORIENTED_EDGE('',*,*,#4326,.F.);
#4326 = EDGE_CURVE('',#4327,#4303,#4329,.T.);
#4327 = VERTEX_POINT('',#4328);
#4328 = CARTESIAN_POINT('',(-0.32,-10.48,-2.8));
#4329 = LINE('',#4330,#4331);
#4330 = CARTESIAN_POINT('',(-0.32,-10.48,-2.8));
#4331 = VECTOR('',#4332,1.);
#4332 = DIRECTION('',(1.,0.,0.));
#4333 = ORIENTED_EDGE('',*,*,#4334,.T.);
#4334 = EDGE_CURVE('',#4327,#2965,#4335,.T.);
#4335 = LINE('',#4336,#4337);
#4336 = CARTESIAN_POINT('',(-0.32,-10.48,-3.));
#4337 = VECTOR('',#4338,1.);
#4338 = DIRECTION('',(0.,0.,1.));
#4339 = ORIENTED_EDGE('',*,*,#2972,.T.);
#4340 = ORIENTED_EDGE('',*,*,#4310,.F.);
#4341 = PLANE('',#4342);
#4342 = AXIS2_PLACEMENT_3D('',#4343,#4344,#4345);
#4343 = CARTESIAN_POINT('',(-0.32,-10.48,-3.));
#4344 = DIRECTION('',(0.,1.,0.));
#4345 = DIRECTION('',(1.,0.,0.));
#4346 = ADVANCED_FACE('',(#4347),#4358,.F.);
#4347 = FACE_BOUND('',#4348,.F.);
#4348 = EDGE_LOOP('',(#4349,#4355,#4356,#4357));
#4349 = ORIENTED_EDGE('',*,*,#4350,.F.);
#4350 = EDGE_CURVE('',#4274,#4327,#4351,.T.);
#4351 = LINE('',#4352,#4353);
#4352 = CARTESIAN_POINT('',(-0.32,-9.84,-2.8));
#4353 = VECTOR('',#4354,1.);
#4354 = DIRECTION('',(0.,-1.,0.));
#4355 = ORIENTED_EDGE('',*,*,#4288,.T.);
#4356 = ORIENTED_EDGE('',*,*,#2964,.T.);
#4357 = ORIENTED_EDGE('',*,*,#4334,.F.);
#4358 = PLANE('',#4359);
#4359 = AXIS2_PLACEMENT_3D('',#4360,#4361,#4362);
#4360 = CARTESIAN_POINT('',(-0.32,-9.84,-3.));
#4361 = DIRECTION('',(1.,0.,0.));
#4362 = DIRECTION('',(0.,-1.,0.));
#4363 = ADVANCED_FACE('',(#4364),#4383,.T.);
#4364 = FACE_BOUND('',#4365,.T.);
#4365 = EDGE_LOOP('',(#4366,#4367,#4375,#4382));
#4366 = ORIENTED_EDGE('',*,*,#2988,.F.);
#4367 = ORIENTED_EDGE('',*,*,#4368,.T.);
#4368 = EDGE_CURVE('',#2989,#4369,#4371,.T.);
#4369 = VERTEX_POINT('',#4370);
#4370 = CARTESIAN_POINT('',(-1.08,-12.76,0.));
#4371 = LINE('',#4372,#4373);
#4372 = CARTESIAN_POINT('',(-1.08,-12.76,0.25));
#4373 = VECTOR('',#4374,1.);
#4374 = DIRECTION('',(-0.,-0.,-1.));
#4375 = ORIENTED_EDGE('',*,*,#4376,.T.);
#4376 = EDGE_CURVE('',#4369,#4369,#4377,.T.);
#4377 = CIRCLE('',#4378,0.5);
#4378 = AXIS2_PLACEMENT_3D('',#4379,#4380,#4381);
#4379 = CARTESIAN_POINT('',(-1.58,-12.76,0.));
#4380 = DIRECTION('',(0.,0.,1.));
#4381 = DIRECTION('',(1.,0.,-0.));
#4382 = ORIENTED_EDGE('',*,*,#4368,.F.);
#4383 = CYLINDRICAL_SURFACE('',#4384,0.5);
#4384 = AXIS2_PLACEMENT_3D('',#4385,#4386,#4387);
#4385 = CARTESIAN_POINT('',(-1.58,-12.76,0.25));
#4386 = DIRECTION('',(0.,0.,1.));
#4387 = DIRECTION('',(1.,0.,-0.));
#4388 = ADVANCED_FACE('',(#4389),#4414,.F.);
#4389 = FACE_BOUND('',#4390,.F.);
#4390 = EDGE_LOOP('',(#4391,#4401,#4407,#4408));
#4391 = ORIENTED_EDGE('',*,*,#4392,.F.);
#4392 = EDGE_CURVE('',#4393,#4395,#4397,.T.);
#4393 = VERTEX_POINT('',#4394);
#4394 = CARTESIAN_POINT('',(2.22,-4.76,-2.8));
#4395 = VERTEX_POINT('',#4396);
#4396 = CARTESIAN_POINT('',(2.22,-5.4,-2.8));
#4397 = LINE('',#4398,#4399);
#4398 = CARTESIAN_POINT('',(2.22,-4.76,-2.8));
#4399 = VECTOR('',#4400,1.);
#4400 = DIRECTION('',(0.,-1.,0.));
#4401 = ORIENTED_EDGE('',*,*,#4402,.T.);
#4402 = EDGE_CURVE('',#4393,#3000,#4403,.T.);
#4403 = LINE('',#4404,#4405);
#4404 = CARTESIAN_POINT('',(2.22,-4.76,-3.));
#4405 = VECTOR('',#4406,1.);
#4406 = DIRECTION('',(0.,0.,1.));
#4407 = ORIENTED_EDGE('',*,*,#2999,.T.);
#4408 = ORIENTED_EDGE('',*,*,#4409,.F.);
#4409 = EDGE_CURVE('',#4395,#3002,#4410,.T.);
#4410 = LINE('',#4411,#4412);
#4411 = CARTESIAN_POINT('',(2.22,-5.4,-3.));
#4412 = VECTOR('',#4413,1.);
#4413 = DIRECTION('',(0.,0.,1.));
#4414 = PLANE('',#4415);
#4415 = AXIS2_PLACEMENT_3D('',#4416,#4417,#4418);
#4416 = CARTESIAN_POINT('',(2.22,-4.76,-3.));
#4417 = DIRECTION('',(1.,0.,0.));
#4418 = DIRECTION('',(0.,-1.,0.));
#4419 = ADVANCED_FACE('',(#4420),#4438,.F.);
#4420 = FACE_BOUND('',#4421,.F.);
#4421 = EDGE_LOOP('',(#4422,#4430,#4436,#4437));
#4422 = ORIENTED_EDGE('',*,*,#4423,.F.);
#4423 = EDGE_CURVE('',#4424,#4393,#4426,.T.);
#4424 = VERTEX_POINT('',#4425);
#4425 = CARTESIAN_POINT('',(2.86,-4.76,-2.8));
#4426 = LINE('',#4427,#4428);
#4427 = CARTESIAN_POINT('',(2.86,-4.76,-2.8));
#4428 = VECTOR('',#4429,1.);
#4429 = DIRECTION('',(-1.,0.,0.));
#4430 = ORIENTED_EDGE('',*,*,#4431,.T.);
#4431 = EDGE_CURVE('',#4424,#3018,#4432,.T.);
#4432 = LINE('',#4433,#4434);
#4433 = CARTESIAN_POINT('',(2.86,-4.76,-3.));
#4434 = VECTOR('',#4435,1.);
#4435 = DIRECTION('',(0.,0.,1.));
#4436 = ORIENTED_EDGE('',*,*,#3025,.T.);
#4437 = ORIENTED_EDGE('',*,*,#4402,.F.);
#4438 = PLANE('',#4439);
#4439 = AXIS2_PLACEMENT_3D('',#4440,#4441,#4442);
#4440 = CARTESIAN_POINT('',(2.86,-4.76,-3.));
#4441 = DIRECTION('',(0.,-1.,0.));
#4442 = DIRECTION('',(-1.,0.,0.));
#4443 = ADVANCED_FACE('',(#4444),#4462,.F.);
#4444 = FACE_BOUND('',#4445,.F.);
#4445 = EDGE_LOOP('',(#4446,#4454,#4460,#4461));
#4446 = ORIENTED_EDGE('',*,*,#4447,.F.);
#4447 = EDGE_CURVE('',#4448,#4424,#4450,.T.);
#4448 = VERTEX_POINT('',#4449);
#4449 = CARTESIAN_POINT('',(2.86,-5.4,-2.8));
#4450 = LINE('',#4451,#4452);
#4451 = CARTESIAN_POINT('',(2.86,-5.4,-2.8));
#4452 = VECTOR('',#4453,1.);
#4453 = DIRECTION('',(0.,1.,0.));
#4454 = ORIENTED_EDGE('',*,*,#4455,.T.);
#4455 = EDGE_CURVE('',#4448,#3010,#4456,.T.);
#4456 = LINE('',#4457,#4458);
#4457 = CARTESIAN_POINT('',(2.86,-5.4,-3.));
#4458 = VECTOR('',#4459,1.);
#4459 = DIRECTION('',(0.,0.,1.));
#4460 = ORIENTED_EDGE('',*,*,#3017,.T.);
#4461 = ORIENTED_EDGE('',*,*,#4431,.F.);
#4462 = PLANE('',#4463);
#4463 = AXIS2_PLACEMENT_3D('',#4464,#4465,#4466);
#4464 = CARTESIAN_POINT('',(2.86,-5.4,-3.));
#4465 = DIRECTION('',(-1.,0.,0.));
#4466 = DIRECTION('',(0.,1.,0.));
#4467 = ADVANCED_FACE('',(#4468),#4479,.F.);
#4468 = FACE_BOUND('',#4469,.F.);
#4469 = EDGE_LOOP('',(#4470,#4476,#4477,#4478));
#4470 = ORIENTED_EDGE('',*,*,#4471,.F.);
#4471 = EDGE_CURVE('',#4395,#4448,#4472,.T.);
#4472 = LINE('',#4473,#4474);
#4473 = CARTESIAN_POINT('',(2.22,-5.4,-2.8));
#4474 = VECTOR('',#4475,1.);
#4475 = DIRECTION('',(1.,0.,0.));
#4476 = ORIENTED_EDGE('',*,*,#4409,.T.);
#4477 = ORIENTED_EDGE('',*,*,#3009,.T.);
#4478 = ORIENTED_EDGE('',*,*,#4455,.F.);
#4479 = PLANE('',#4480);
#4480 = AXIS2_PLACEMENT_3D('',#4481,#4482,#4483);
#4481 = CARTESIAN_POINT('',(2.22,-5.4,-3.));
#4482 = DIRECTION('',(0.,1.,0.));
#4483 = DIRECTION('',(1.,0.,0.));
#4484 = ADVANCED_FACE('',(#4485),#4510,.F.);
#4485 = FACE_BOUND('',#4486,.F.);
#4486 = EDGE_LOOP('',(#4487,#4497,#4503,#4504));
#4487 = ORIENTED_EDGE('',*,*,#4488,.F.);
#4488 = EDGE_CURVE('',#4489,#4491,#4493,.T.);
#4489 = VERTEX_POINT('',#4490);
#4490 = CARTESIAN_POINT('',(2.86,-7.3,-2.8));
#4491 = VERTEX_POINT('',#4492);
#4492 = CARTESIAN_POINT('',(2.22,-7.3,-2.8));
#4493 = LINE('',#4494,#4495);
#4494 = CARTESIAN_POINT('',(2.86,-7.3,-2.8));
#4495 = VECTOR('',#4496,1.);
#4496 = DIRECTION('',(-1.,0.,0.));
#4497 = ORIENTED_EDGE('',*,*,#4498,.T.);
#4498 = EDGE_CURVE('',#4489,#3034,#4499,.T.);
#4499 = LINE('',#4500,#4501);
#4500 = CARTESIAN_POINT('',(2.86,-7.3,-3.));
#4501 = VECTOR('',#4502,1.);
#4502 = DIRECTION('',(0.,0.,1.));
#4503 = ORIENTED_EDGE('',*,*,#3033,.T.);
#4504 = ORIENTED_EDGE('',*,*,#4505,.F.);
#4505 = EDGE_CURVE('',#4491,#3036,#4506,.T.);
#4506 = LINE('',#4507,#4508);
#4507 = CARTESIAN_POINT('',(2.22,-7.3,-3.));
#4508 = VECTOR('',#4509,1.);
#4509 = DIRECTION('',(0.,0.,1.));
#4510 = PLANE('',#4511);
#4511 = AXIS2_PLACEMENT_3D('',#4512,#4513,#4514);
#4512 = CARTESIAN_POINT('',(2.86,-7.3,-3.));
#4513 = DIRECTION('',(0.,-1.,0.));
#4514 = DIRECTION('',(-1.,0.,0.));
#4515 = ADVANCED_FACE('',(#4516),#4534,.F.);
#4516 = FACE_BOUND('',#4517,.F.);
#4517 = EDGE_LOOP('',(#4518,#4526,#4532,#4533));
#4518 = ORIENTED_EDGE('',*,*,#4519,.F.);
#4519 = EDGE_CURVE('',#4520,#4489,#4522,.T.);
#4520 = VERTEX_POINT('',#4521);
#4521 = CARTESIAN_POINT('',(2.86,-7.94,-2.8));
#4522 = LINE('',#4523,#4524);
#4523 = CARTESIAN_POINT('',(2.86,-7.94,-2.8));
#4524 = VECTOR('',#4525,1.);
#4525 = DIRECTION('',(0.,1.,0.));
#4526 = ORIENTED_EDGE('',*,*,#4527,.T.);
#4527 = EDGE_CURVE('',#4520,#3052,#4528,.T.);
#4528 = LINE('',#4529,#4530);
#4529 = CARTESIAN_POINT('',(2.86,-7.94,-3.));
#4530 = VECTOR('',#4531,1.);
#4531 = DIRECTION('',(0.,0.,1.));
#4532 = ORIENTED_EDGE('',*,*,#3059,.T.);
#4533 = ORIENTED_EDGE('',*,*,#4498,.F.);
#4534 = PLANE('',#4535);
#4535 = AXIS2_PLACEMENT_3D('',#4536,#4537,#4538);
#4536 = CARTESIAN_POINT('',(2.86,-7.94,-3.));
#4537 = DIRECTION('',(-1.,0.,0.));
#4538 = DIRECTION('',(0.,1.,0.));
#4539 = ADVANCED_FACE('',(#4540),#4558,.F.);
#4540 = FACE_BOUND('',#4541,.F.);
#4541 = EDGE_LOOP('',(#4542,#4550,#4556,#4557));
#4542 = ORIENTED_EDGE('',*,*,#4543,.F.);
#4543 = EDGE_CURVE('',#4544,#4520,#4546,.T.);
#4544 = VERTEX_POINT('',#4545);
#4545 = CARTESIAN_POINT('',(2.22,-7.94,-2.8));
#4546 = LINE('',#4547,#4548);
#4547 = CARTESIAN_POINT('',(2.22,-7.94,-2.8));
#4548 = VECTOR('',#4549,1.);
#4549 = DIRECTION('',(1.,0.,0.));
#4550 = ORIENTED_EDGE('',*,*,#4551,.T.);
#4551 = EDGE_CURVE('',#4544,#3044,#4552,.T.);
#4552 = LINE('',#4553,#4554);
#4553 = CARTESIAN_POINT('',(2.22,-7.94,-3.));
#4554 = VECTOR('',#4555,1.);
#4555 = DIRECTION('',(0.,0.,1.));
#4556 = ORIENTED_EDGE('',*,*,#3051,.T.);
#4557 = ORIENTED_EDGE('',*,*,#4527,.F.);
#4558 = PLANE('',#4559);
#4559 = AXIS2_PLACEMENT_3D('',#4560,#4561,#4562);
#4560 = CARTESIAN_POINT('',(2.22,-7.94,-3.));
#4561 = DIRECTION('',(0.,1.,0.));
#4562 = DIRECTION('',(1.,0.,0.));
#4563 = ADVANCED_FACE('',(#4564),#4575,.F.);
#4564 = FACE_BOUND('',#4565,.F.);
#4565 = EDGE_LOOP('',(#4566,#4572,#4573,#4574));
#4566 = ORIENTED_EDGE('',*,*,#4567,.F.);
#4567 = EDGE_CURVE('',#4491,#4544,#4568,.T.);
#4568 = LINE('',#4569,#4570);
#4569 = CARTESIAN_POINT('',(2.22,-7.3,-2.8));
#4570 = VECTOR('',#4571,1.);
#4571 = DIRECTION('',(0.,-1.,0.));
#4572 = ORIENTED_EDGE('',*,*,#4505,.T.);
#4573 = ORIENTED_EDGE('',*,*,#3043,.T.);
#4574 = ORIENTED_EDGE('',*,*,#4551,.F.);
#4575 = PLANE('',#4576);
#4576 = AXIS2_PLACEMENT_3D('',#4577,#4578,#4579);
#4577 = CARTESIAN_POINT('',(2.22,-7.3,-3.));
#4578 = DIRECTION('',(1.,0.,0.));
#4579 = DIRECTION('',(0.,-1.,0.));
#4580 = ADVANCED_FACE('',(#4581),#4606,.F.);
#4581 = FACE_BOUND('',#4582,.F.);
#4582 = EDGE_LOOP('',(#4583,#4593,#4599,#4600));
#4583 = ORIENTED_EDGE('',*,*,#4584,.F.);
#4584 = EDGE_CURVE('',#4585,#4587,#4589,.T.);
#4585 = VERTEX_POINT('',#4586);
#4586 = CARTESIAN_POINT('',(2.86,-9.84,-2.8));
#4587 = VERTEX_POINT('',#4588);
#4588 = CARTESIAN_POINT('',(2.22,-9.84,-2.8));
#4589 = LINE('',#4590,#4591);
#4590 = CARTESIAN_POINT('',(2.86,-9.84,-2.8));
#4591 = VECTOR('',#4592,1.);
#4592 = DIRECTION('',(-1.,0.,0.));
#4593 = ORIENTED_EDGE('',*,*,#4594,.T.);
#4594 = EDGE_CURVE('',#4585,#3068,#4595,.T.);
#4595 = LINE('',#4596,#4597);
#4596 = CARTESIAN_POINT('',(2.86,-9.84,-3.));
#4597 = VECTOR('',#4598,1.);
#4598 = DIRECTION('',(0.,0.,1.));
#4599 = ORIENTED_EDGE('',*,*,#3067,.T.);
#4600 = ORIENTED_EDGE('',*,*,#4601,.F.);
#4601 = EDGE_CURVE('',#4587,#3070,#4602,.T.);
#4602 = LINE('',#4603,#4604);
#4603 = CARTESIAN_POINT('',(2.22,-9.84,-3.));
#4604 = VECTOR('',#4605,1.);
#4605 = DIRECTION('',(0.,0.,1.));
#4606 = PLANE('',#4607);
#4607 = AXIS2_PLACEMENT_3D('',#4608,#4609,#4610);
#4608 = CARTESIAN_POINT('',(2.86,-9.84,-3.));
#4609 = DIRECTION('',(0.,-1.,0.));
#4610 = DIRECTION('',(-1.,0.,0.));
#4611 = ADVANCED_FACE('',(#4612),#4630,.F.);
#4612 = FACE_BOUND('',#4613,.F.);
#4613 = EDGE_LOOP('',(#4614,#4622,#4628,#4629));
#4614 = ORIENTED_EDGE('',*,*,#4615,.F.);
#4615 = EDGE_CURVE('',#4616,#4585,#4618,.T.);
#4616 = VERTEX_POINT('',#4617);
#4617 = CARTESIAN_POINT('',(2.86,-10.48,-2.8));
#4618 = LINE('',#4619,#4620);
#4619 = CARTESIAN_POINT('',(2.86,-10.48,-2.8));
#4620 = VECTOR('',#4621,1.);
#4621 = DIRECTION('',(0.,1.,0.));
#4622 = ORIENTED_EDGE('',*,*,#4623,.T.);
#4623 = EDGE_CURVE('',#4616,#3086,#4624,.T.);
#4624 = LINE('',#4625,#4626);
#4625 = CARTESIAN_POINT('',(2.86,-10.48,-3.));
#4626 = VECTOR('',#4627,1.);
#4627 = DIRECTION('',(0.,0.,1.));
#4628 = ORIENTED_EDGE('',*,*,#3093,.T.);
#4629 = ORIENTED_EDGE('',*,*,#4594,.F.);
#4630 = PLANE('',#4631);
#4631 = AXIS2_PLACEMENT_3D('',#4632,#4633,#4634);
#4632 = CARTESIAN_POINT('',(2.86,-10.48,-3.));
#4633 = DIRECTION('',(-1.,0.,0.));
#4634 = DIRECTION('',(0.,1.,0.));
#4635 = ADVANCED_FACE('',(#4636),#4654,.F.);
#4636 = FACE_BOUND('',#4637,.F.);
#4637 = EDGE_LOOP('',(#4638,#4646,#4652,#4653));
#4638 = ORIENTED_EDGE('',*,*,#4639,.F.);
#4639 = EDGE_CURVE('',#4640,#4616,#4642,.T.);
#4640 = VERTEX_POINT('',#4641);
#4641 = CARTESIAN_POINT('',(2.22,-10.48,-2.8));
#4642 = LINE('',#4643,#4644);
#4643 = CARTESIAN_POINT('',(2.22,-10.48,-2.8));
#4644 = VECTOR('',#4645,1.);
#4645 = DIRECTION('',(1.,0.,0.));
#4646 = ORIENTED_EDGE('',*,*,#4647,.T.);
#4647 = EDGE_CURVE('',#4640,#3078,#4648,.T.);
#4648 = LINE('',#4649,#4650);
#4649 = CARTESIAN_POINT('',(2.22,-10.48,-3.));
#4650 = VECTOR('',#4651,1.);
#4651 = DIRECTION('',(0.,0.,1.));
#4652 = ORIENTED_EDGE('',*,*,#3085,.T.);
#4653 = ORIENTED_EDGE('',*,*,#4623,.F.);
#4654 = PLANE('',#4655);
#4655 = AXIS2_PLACEMENT_3D('',#4656,#4657,#4658);
#4656 = CARTESIAN_POINT('',(2.22,-10.48,-3.));
#4657 = DIRECTION('',(0.,1.,0.));
#4658 = DIRECTION('',(1.,0.,0.));
#4659 = ADVANCED_FACE('',(#4660),#4671,.F.);
#4660 = FACE_BOUND('',#4661,.F.);
#4661 = EDGE_LOOP('',(#4662,#4668,#4669,#4670));
#4662 = ORIENTED_EDGE('',*,*,#4663,.F.);
#4663 = EDGE_CURVE('',#4587,#4640,#4664,.T.);
#4664 = LINE('',#4665,#4666);
#4665 = CARTESIAN_POINT('',(2.22,-9.84,-2.8));
#4666 = VECTOR('',#4667,1.);
#4667 = DIRECTION('',(0.,-1.,0.));
#4668 = ORIENTED_EDGE('',*,*,#4601,.T.);
#4669 = ORIENTED_EDGE('',*,*,#3077,.T.);
#4670 = ORIENTED_EDGE('',*,*,#4647,.F.);
#4671 = PLANE('',#4672);
#4672 = AXIS2_PLACEMENT_3D('',#4673,#4674,#4675);
#4673 = CARTESIAN_POINT('',(2.22,-9.84,-3.));
#4674 = DIRECTION('',(1.,0.,0.));
#4675 = DIRECTION('',(0.,-1.,0.));
#4676 = ADVANCED_FACE('',(#4677),#4702,.F.);
#4677 = FACE_BOUND('',#4678,.F.);
#4678 = EDGE_LOOP('',(#4679,#4689,#4695,#4696));
#4679 = ORIENTED_EDGE('',*,*,#4680,.F.);
#4680 = EDGE_CURVE('',#4681,#4683,#4685,.T.);
#4681 = VERTEX_POINT('',#4682);
#4682 = CARTESIAN_POINT('',(0.32,-4.76,-2.8));
#4683 = VERTEX_POINT('',#4684);
#4684 = CARTESIAN_POINT('',(-0.32,-4.76,-2.8));
#4685 = LINE('',#4686,#4687);
#4686 = CARTESIAN_POINT('',(0.32,-4.76,-2.8));
#4687 = VECTOR('',#4688,1.);
#4688 = DIRECTION('',(-1.,0.,0.));
#4689 = ORIENTED_EDGE('',*,*,#4690,.T.);
#4690 = EDGE_CURVE('',#4681,#3102,#4691,.T.);
#4691 = LINE('',#4692,#4693);
#4692 = CARTESIAN_POINT('',(0.32,-4.76,-3.));
#4693 = VECTOR('',#4694,1.);
#4694 = DIRECTION('',(0.,0.,1.));
#4695 = ORIENTED_EDGE('',*,*,#3101,.T.);
#4696 = ORIENTED_EDGE('',*,*,#4697,.F.);
#4697 = EDGE_CURVE('',#4683,#3104,#4698,.T.);
#4698 = LINE('',#4699,#4700);
#4699 = CARTESIAN_POINT('',(-0.32,-4.76,-3.));
#4700 = VECTOR('',#4701,1.);
#4701 = DIRECTION('',(0.,0.,1.));
#4702 = PLANE('',#4703);
#4703 = AXIS2_PLACEMENT_3D('',#4704,#4705,#4706);
#4704 = CARTESIAN_POINT('',(0.32,-4.76,-3.));
#4705 = DIRECTION('',(0.,-1.,0.));
#4706 = DIRECTION('',(-1.,0.,0.));
#4707 = ADVANCED_FACE('',(#4708),#4726,.F.);
#4708 = FACE_BOUND('',#4709,.F.);
#4709 = EDGE_LOOP('',(#4710,#4718,#4724,#4725));
#4710 = ORIENTED_EDGE('',*,*,#4711,.F.);
#4711 = EDGE_CURVE('',#4712,#4681,#4714,.T.);
#4712 = VERTEX_POINT('',#4713);
#4713 = CARTESIAN_POINT('',(0.32,-5.4,-2.8));
#4714 = LINE('',#4715,#4716);
#4715 = CARTESIAN_POINT('',(0.32,-5.4,-2.8));
#4716 = VECTOR('',#4717,1.);
#4717 = DIRECTION('',(0.,1.,0.));
#4718 = ORIENTED_EDGE('',*,*,#4719,.T.);
#4719 = EDGE_CURVE('',#4712,#3120,#4720,.T.);
#4720 = LINE('',#4721,#4722);
#4721 = CARTESIAN_POINT('',(0.32,-5.4,-3.));
#4722 = VECTOR('',#4723,1.);
#4723 = DIRECTION('',(0.,0.,1.));
#4724 = ORIENTED_EDGE('',*,*,#3127,.T.);
#4725 = ORIENTED_EDGE('',*,*,#4690,.F.);
#4726 = PLANE('',#4727);
#4727 = AXIS2_PLACEMENT_3D('',#4728,#4729,#4730);
#4728 = CARTESIAN_POINT('',(0.32,-5.4,-3.));
#4729 = DIRECTION('',(-1.,0.,0.));
#4730 = DIRECTION('',(0.,1.,0.));
#4731 = ADVANCED_FACE('',(#4732),#4750,.F.);
#4732 = FACE_BOUND('',#4733,.F.);
#4733 = EDGE_LOOP('',(#4734,#4742,#4748,#4749));
#4734 = ORIENTED_EDGE('',*,*,#4735,.F.);
#4735 = EDGE_CURVE('',#4736,#4712,#4738,.T.);
#4736 = VERTEX_POINT('',#4737);
#4737 = CARTESIAN_POINT('',(-0.32,-5.4,-2.8));
#4738 = LINE('',#4739,#4740);
#4739 = CARTESIAN_POINT('',(-0.32,-5.4,-2.8));
#4740 = VECTOR('',#4741,1.);
#4741 = DIRECTION('',(1.,0.,0.));
#4742 = ORIENTED_EDGE('',*,*,#4743,.T.);
#4743 = EDGE_CURVE('',#4736,#3112,#4744,.T.);
#4744 = LINE('',#4745,#4746);
#4745 = CARTESIAN_POINT('',(-0.32,-5.4,-3.));
#4746 = VECTOR('',#4747,1.);
#4747 = DIRECTION('',(0.,0.,1.));
#4748 = ORIENTED_EDGE('',*,*,#3119,.T.);
#4749 = ORIENTED_EDGE('',*,*,#4719,.F.);
#4750 = PLANE('',#4751);
#4751 = AXIS2_PLACEMENT_3D('',#4752,#4753,#4754);
#4752 = CARTESIAN_POINT('',(-0.32,-5.4,-3.));
#4753 = DIRECTION('',(0.,1.,0.));
#4754 = DIRECTION('',(1.,0.,0.));
#4755 = ADVANCED_FACE('',(#4756),#4767,.F.);
#4756 = FACE_BOUND('',#4757,.F.);
#4757 = EDGE_LOOP('',(#4758,#4764,#4765,#4766));
#4758 = ORIENTED_EDGE('',*,*,#4759,.F.);
#4759 = EDGE_CURVE('',#4683,#4736,#4760,.T.);
#4760 = LINE('',#4761,#4762);
#4761 = CARTESIAN_POINT('',(-0.32,-4.76,-2.8));
#4762 = VECTOR('',#4763,1.);
#4763 = DIRECTION('',(0.,-1.,0.));
#4764 = ORIENTED_EDGE('',*,*,#4697,.T.);
#4765 = ORIENTED_EDGE('',*,*,#3111,.T.);
#4766 = ORIENTED_EDGE('',*,*,#4743,.F.);
#4767 = PLANE('',#4768);
#4768 = AXIS2_PLACEMENT_3D('',#4769,#4770,#4771);
#4769 = CARTESIAN_POINT('',(-0.32,-4.76,-3.));
#4770 = DIRECTION('',(1.,0.,0.));
#4771 = DIRECTION('',(0.,-1.,0.));
#4772 = ADVANCED_FACE('',(#4773),#4798,.F.);
#4773 = FACE_BOUND('',#4774,.F.);
#4774 = EDGE_LOOP('',(#4775,#4785,#4791,#4792));
#4775 = ORIENTED_EDGE('',*,*,#4776,.F.);
#4776 = EDGE_CURVE('',#4777,#4779,#4781,.T.);
#4777 = VERTEX_POINT('',#4778);
#4778 = CARTESIAN_POINT('',(0.32,-7.3,-2.8));
#4779 = VERTEX_POINT('',#4780);
#4780 = CARTESIAN_POINT('',(-0.32,-7.3,-2.8));
#4781 = LINE('',#4782,#4783);
#4782 = CARTESIAN_POINT('',(0.32,-7.3,-2.8));
#4783 = VECTOR('',#4784,1.);
#4784 = DIRECTION('',(-1.,0.,0.));
#4785 = ORIENTED_EDGE('',*,*,#4786,.T.);
#4786 = EDGE_CURVE('',#4777,#3136,#4787,.T.);
#4787 = LINE('',#4788,#4789);
#4788 = CARTESIAN_POINT('',(0.32,-7.3,-3.));
#4789 = VECTOR('',#4790,1.);
#4790 = DIRECTION('',(0.,0.,1.));
#4791 = ORIENTED_EDGE('',*,*,#3135,.T.);
#4792 = ORIENTED_EDGE('',*,*,#4793,.F.);
#4793 = EDGE_CURVE('',#4779,#3138,#4794,.T.);
#4794 = LINE('',#4795,#4796);
#4795 = CARTESIAN_POINT('',(-0.32,-7.3,-3.));
#4796 = VECTOR('',#4797,1.);
#4797 = DIRECTION('',(0.,0.,1.));
#4798 = PLANE('',#4799);
#4799 = AXIS2_PLACEMENT_3D('',#4800,#4801,#4802);
#4800 = CARTESIAN_POINT('',(0.32,-7.3,-3.));
#4801 = DIRECTION('',(0.,-1.,0.));
#4802 = DIRECTION('',(-1.,0.,0.));
#4803 = ADVANCED_FACE('',(#4804),#4822,.F.);
#4804 = FACE_BOUND('',#4805,.F.);
#4805 = EDGE_LOOP('',(#4806,#4814,#4820,#4821));
#4806 = ORIENTED_EDGE('',*,*,#4807,.F.);
#4807 = EDGE_CURVE('',#4808,#4777,#4810,.T.);
#4808 = VERTEX_POINT('',#4809);
#4809 = CARTESIAN_POINT('',(0.32,-7.94,-2.8));
#4810 = LINE('',#4811,#4812);
#4811 = CARTESIAN_POINT('',(0.32,-7.94,-2.8));
#4812 = VECTOR('',#4813,1.);
#4813 = DIRECTION('',(0.,1.,0.));
#4814 = ORIENTED_EDGE('',*,*,#4815,.T.);
#4815 = EDGE_CURVE('',#4808,#3154,#4816,.T.);
#4816 = LINE('',#4817,#4818);
#4817 = CARTESIAN_POINT('',(0.32,-7.94,-3.));
#4818 = VECTOR('',#4819,1.);
#4819 = DIRECTION('',(0.,0.,1.));
#4820 = ORIENTED_EDGE('',*,*,#3161,.T.);
#4821 = ORIENTED_EDGE('',*,*,#4786,.F.);
#4822 = PLANE('',#4823);
#4823 = AXIS2_PLACEMENT_3D('',#4824,#4825,#4826);
#4824 = CARTESIAN_POINT('',(0.32,-7.94,-3.));
#4825 = DIRECTION('',(-1.,0.,0.));
#4826 = DIRECTION('',(0.,1.,0.));
#4827 = ADVANCED_FACE('',(#4828),#4846,.F.);
#4828 = FACE_BOUND('',#4829,.F.);
#4829 = EDGE_LOOP('',(#4830,#4838,#4844,#4845));
#4830 = ORIENTED_EDGE('',*,*,#4831,.F.);
#4831 = EDGE_CURVE('',#4832,#4808,#4834,.T.);
#4832 = VERTEX_POINT('',#4833);
#4833 = CARTESIAN_POINT('',(-0.32,-7.94,-2.8));
#4834 = LINE('',#4835,#4836);
#4835 = CARTESIAN_POINT('',(-0.32,-7.94,-2.8));
#4836 = VECTOR('',#4837,1.);
#4837 = DIRECTION('',(1.,0.,0.));
#4838 = ORIENTED_EDGE('',*,*,#4839,.T.);
#4839 = EDGE_CURVE('',#4832,#3146,#4840,.T.);
#4840 = LINE('',#4841,#4842);
#4841 = CARTESIAN_POINT('',(-0.32,-7.94,-3.));
#4842 = VECTOR('',#4843,1.);
#4843 = DIRECTION('',(0.,0.,1.));
#4844 = ORIENTED_EDGE('',*,*,#3153,.T.);
#4845 = ORIENTED_EDGE('',*,*,#4815,.F.);
#4846 = PLANE('',#4847);
#4847 = AXIS2_PLACEMENT_3D('',#4848,#4849,#4850);
#4848 = CARTESIAN_POINT('',(-0.32,-7.94,-3.));
#4849 = DIRECTION('',(0.,1.,0.));
#4850 = DIRECTION('',(1.,0.,0.));
#4851 = ADVANCED_FACE('',(#4852),#4863,.F.);
#4852 = FACE_BOUND('',#4853,.F.);
#4853 = EDGE_LOOP('',(#4854,#4860,#4861,#4862));
#4854 = ORIENTED_EDGE('',*,*,#4855,.F.);
#4855 = EDGE_CURVE('',#4779,#4832,#4856,.T.);
#4856 = LINE('',#4857,#4858);
#4857 = CARTESIAN_POINT('',(-0.32,-7.3,-2.8));
#4858 = VECTOR('',#4859,1.);
#4859 = DIRECTION('',(0.,-1.,0.));
#4860 = ORIENTED_EDGE('',*,*,#4793,.T.);
#4861 = ORIENTED_EDGE('',*,*,#3145,.T.);
#4862 = ORIENTED_EDGE('',*,*,#4839,.F.);
#4863 = PLANE('',#4864);
#4864 = AXIS2_PLACEMENT_3D('',#4865,#4866,#4867);
#4865 = CARTESIAN_POINT('',(-0.32,-7.3,-3.));
#4866 = DIRECTION('',(1.,0.,0.));
#4867 = DIRECTION('',(0.,-1.,0.));
#4868 = ADVANCED_FACE('',(#4869),#4888,.T.);
#4869 = FACE_BOUND('',#4870,.T.);
#4870 = EDGE_LOOP('',(#4871,#4872,#4880,#4887));
#4871 = ORIENTED_EDGE('',*,*,#3169,.F.);
#4872 = ORIENTED_EDGE('',*,*,#4873,.T.);
#4873 = EDGE_CURVE('',#3170,#4874,#4876,.T.);
#4874 = VERTEX_POINT('',#4875);
#4875 = CARTESIAN_POINT('',(-1.08,-5.08,0.));
#4876 = LINE('',#4877,#4878);
#4877 = CARTESIAN_POINT('',(-1.08,-5.08,0.25));
#4878 = VECTOR('',#4879,1.);
#4879 = DIRECTION('',(-0.,-0.,-1.));
#4880 = ORIENTED_EDGE('',*,*,#4881,.T.);
#4881 = EDGE_CURVE('',#4874,#4874,#4882,.T.);
#4882 = CIRCLE('',#4883,0.5);
#4883 = AXIS2_PLACEMENT_3D('',#4884,#4885,#4886);
#4884 = CARTESIAN_POINT('',(-1.58,-5.08,0.));
#4885 = DIRECTION('',(0.,0.,1.));
#4886 = DIRECTION('',(1.,0.,-0.));
#4887 = ORIENTED_EDGE('',*,*,#4873,.F.);
#4888 = CYLINDRICAL_SURFACE('',#4889,0.5);
#4889 = AXIS2_PLACEMENT_3D('',#4890,#4891,#4892);
#4890 = CARTESIAN_POINT('',(-1.58,-5.08,0.25));
#4891 = DIRECTION('',(0.,0.,1.));
#4892 = DIRECTION('',(1.,0.,-0.));
#4893 = ADVANCED_FACE('',(#4894),#4913,.T.);
#4894 = FACE_BOUND('',#4895,.T.);
#4895 = EDGE_LOOP('',(#4896,#4897,#4905,#4912));
#4896 = ORIENTED_EDGE('',*,*,#3180,.F.);
#4897 = ORIENTED_EDGE('',*,*,#4898,.T.);
#4898 = EDGE_CURVE('',#3181,#4899,#4901,.T.);
#4899 = VERTEX_POINT('',#4900);
#4900 = CARTESIAN_POINT('',(-1.08,2.6,0.));
#4901 = LINE('',#4902,#4903);
#4902 = CARTESIAN_POINT('',(-1.08,2.6,0.25));
#4903 = VECTOR('',#4904,1.);
#4904 = DIRECTION('',(-0.,-0.,-1.));
#4905 = ORIENTED_EDGE('',*,*,#4906,.T.);
#4906 = EDGE_CURVE('',#4899,#4899,#4907,.T.);
#4907 = CIRCLE('',#4908,0.5);
#4908 = AXIS2_PLACEMENT_3D('',#4909,#4910,#4911);
#4909 = CARTESIAN_POINT('',(-1.58,2.6,0.));
#4910 = DIRECTION('',(0.,0.,1.));
#4911 = DIRECTION('',(1.,0.,-0.));
#4912 = ORIENTED_EDGE('',*,*,#4898,.F.);
#4913 = CYLINDRICAL_SURFACE('',#4914,0.5);
#4914 = AXIS2_PLACEMENT_3D('',#4915,#4916,#4917);
#4915 = CARTESIAN_POINT('',(-1.58,2.6,0.25));
#4916 = DIRECTION('',(0.,0.,1.));
#4917 = DIRECTION('',(1.,0.,-0.));
#4918 = ADVANCED_FACE('',(#4919),#4944,.F.);
#4919 = FACE_BOUND('',#4920,.F.);
#4920 = EDGE_LOOP('',(#4921,#4931,#4937,#4938));
#4921 = ORIENTED_EDGE('',*,*,#4922,.F.);
#4922 = EDGE_CURVE('',#4923,#4925,#4927,.T.);
#4923 = VERTEX_POINT('',#4924);
#4924 = CARTESIAN_POINT('',(-0.32,-0.32,-2.8));
#4925 = VERTEX_POINT('',#4926);
#4926 = CARTESIAN_POINT('',(0.32,-0.32,-2.8));
#4927 = LINE('',#4928,#4929);
#4928 = CARTESIAN_POINT('',(-0.32,-0.32,-2.8));
#4929 = VECTOR('',#4930,1.);
#4930 = DIRECTION('',(1.,0.,0.));
#4931 = ORIENTED_EDGE('',*,*,#4932,.T.);
#4932 = EDGE_CURVE('',#4923,#3192,#4933,.T.);
#4933 = LINE('',#4934,#4935);
#4934 = CARTESIAN_POINT('',(-0.32,-0.32,-3.));
#4935 = VECTOR('',#4936,1.);
#4936 = DIRECTION('',(0.,0.,1.));
#4937 = ORIENTED_EDGE('',*,*,#3191,.T.);
#4938 = ORIENTED_EDGE('',*,*,#4939,.F.);
#4939 = EDGE_CURVE('',#4925,#3194,#4940,.T.);
#4940 = LINE('',#4941,#4942);
#4941 = CARTESIAN_POINT('',(0.32,-0.32,-3.));
#4942 = VECTOR('',#4943,1.);
#4943 = DIRECTION('',(0.,0.,1.));
#4944 = PLANE('',#4945);
#4945 = AXIS2_PLACEMENT_3D('',#4946,#4947,#4948);
#4946 = CARTESIAN_POINT('',(-0.32,-0.32,-3.));
#4947 = DIRECTION('',(0.,1.,0.));
#4948 = DIRECTION('',(1.,0.,0.));
#4949 = ADVANCED_FACE('',(#4950),#4968,.F.);
#4950 = FACE_BOUND('',#4951,.F.);
#4951 = EDGE_LOOP('',(#4952,#4960,#4966,#4967));
#4952 = ORIENTED_EDGE('',*,*,#4953,.F.);
#4953 = EDGE_CURVE('',#4954,#4923,#4956,.T.);
#4954 = VERTEX_POINT('',#4955);
#4955 = CARTESIAN_POINT('',(-0.32,0.32,-2.8));
#4956 = LINE('',#4957,#4958);
#4957 = CARTESIAN_POINT('',(-0.32,0.32,-2.8));
#4958 = VECTOR('',#4959,1.);
#4959 = DIRECTION('',(0.,-1.,0.));
#4960 = ORIENTED_EDGE('',*,*,#4961,.T.);
#4961 = EDGE_CURVE('',#4954,#3210,#4962,.T.);
#4962 = LINE('',#4963,#4964);
#4963 = CARTESIAN_POINT('',(-0.32,0.32,-3.));
#4964 = VECTOR('',#4965,1.);
#4965 = DIRECTION('',(0.,0.,1.));
#4966 = ORIENTED_EDGE('',*,*,#3217,.T.);
#4967 = ORIENTED_EDGE('',*,*,#4932,.F.);
#4968 = PLANE('',#4969);
#4969 = AXIS2_PLACEMENT_3D('',#4970,#4971,#4972);
#4970 = CARTESIAN_POINT('',(-0.32,0.32,-3.));
#4971 = DIRECTION('',(1.,0.,0.));
#4972 = DIRECTION('',(0.,-1.,0.));
#4973 = ADVANCED_FACE('',(#4974),#4992,.F.);
#4974 = FACE_BOUND('',#4975,.F.);
#4975 = EDGE_LOOP('',(#4976,#4984,#4990,#4991));
#4976 = ORIENTED_EDGE('',*,*,#4977,.F.);
#4977 = EDGE_CURVE('',#4978,#4954,#4980,.T.);
#4978 = VERTEX_POINT('',#4979);
#4979 = CARTESIAN_POINT('',(0.32,0.32,-2.8));
#4980 = LINE('',#4981,#4982);
#4981 = CARTESIAN_POINT('',(0.32,0.32,-2.8));
#4982 = VECTOR('',#4983,1.);
#4983 = DIRECTION('',(-1.,0.,0.));
#4984 = ORIENTED_EDGE('',*,*,#4985,.T.);
#4985 = EDGE_CURVE('',#4978,#3202,#4986,.T.);
#4986 = LINE('',#4987,#4988);
#4987 = CARTESIAN_POINT('',(0.32,0.32,-3.));
#4988 = VECTOR('',#4989,1.);
#4989 = DIRECTION('',(0.,0.,1.));
#4990 = ORIENTED_EDGE('',*,*,#3209,.T.);
#4991 = ORIENTED_EDGE('',*,*,#4961,.F.);
#4992 = PLANE('',#4993);
#4993 = AXIS2_PLACEMENT_3D('',#4994,#4995,#4996);
#4994 = CARTESIAN_POINT('',(0.32,0.32,-3.));
#4995 = DIRECTION('',(0.,-1.,0.));
#4996 = DIRECTION('',(-1.,0.,0.));
#4997 = ADVANCED_FACE('',(#4998),#5009,.F.);
#4998 = FACE_BOUND('',#4999,.F.);
#4999 = EDGE_LOOP('',(#5000,#5006,#5007,#5008));
#5000 = ORIENTED_EDGE('',*,*,#5001,.F.);
#5001 = EDGE_CURVE('',#4925,#4978,#5002,.T.);
#5002 = LINE('',#5003,#5004);
#5003 = CARTESIAN_POINT('',(0.32,-0.32,-2.8));
#5004 = VECTOR('',#5005,1.);
#5005 = DIRECTION('',(0.,1.,0.));
#5006 = ORIENTED_EDGE('',*,*,#4939,.T.);
#5007 = ORIENTED_EDGE('',*,*,#3201,.T.);
#5008 = ORIENTED_EDGE('',*,*,#4985,.F.);
#5009 = PLANE('',#5010);
#5010 = AXIS2_PLACEMENT_3D('',#5011,#5012,#5013);
#5011 = CARTESIAN_POINT('',(0.32,-0.32,-3.));
#5012 = DIRECTION('',(-1.,0.,0.));
#5013 = DIRECTION('',(0.,1.,0.));
#5014 = ADVANCED_FACE('',(#5015),#5040,.F.);
#5015 = FACE_BOUND('',#5016,.F.);
#5016 = EDGE_LOOP('',(#5017,#5027,#5033,#5034));
#5017 = ORIENTED_EDGE('',*,*,#5018,.F.);
#5018 = EDGE_CURVE('',#5019,#5021,#5023,.T.);
#5019 = VERTEX_POINT('',#5020);
#5020 = CARTESIAN_POINT('',(2.86,-2.22,-2.8));
#5021 = VERTEX_POINT('',#5022);
#5022 = CARTESIAN_POINT('',(2.22,-2.22,-2.8));
#5023 = LINE('',#5024,#5025);
#5024 = CARTESIAN_POINT('',(2.86,-2.22,-2.8));
#5025 = VECTOR('',#5026,1.);
#5026 = DIRECTION('',(-1.,0.,0.));
#5027 = ORIENTED_EDGE('',*,*,#5028,.T.);
#5028 = EDGE_CURVE('',#5019,#3226,#5029,.T.);
#5029 = LINE('',#5030,#5031);
#5030 = CARTESIAN_POINT('',(2.86,-2.22,-3.));
#5031 = VECTOR('',#5032,1.);
#5032 = DIRECTION('',(0.,0.,1.));
#5033 = ORIENTED_EDGE('',*,*,#3225,.T.);
#5034 = ORIENTED_EDGE('',*,*,#5035,.F.);
#5035 = EDGE_CURVE('',#5021,#3228,#5036,.T.);
#5036 = LINE('',#5037,#5038);
#5037 = CARTESIAN_POINT('',(2.22,-2.22,-3.));
#5038 = VECTOR('',#5039,1.);
#5039 = DIRECTION('',(0.,0.,1.));
#5040 = PLANE('',#5041);
#5041 = AXIS2_PLACEMENT_3D('',#5042,#5043,#5044);
#5042 = CARTESIAN_POINT('',(2.86,-2.22,-3.));
#5043 = DIRECTION('',(0.,-1.,0.));
#5044 = DIRECTION('',(-1.,0.,0.));
#5045 = ADVANCED_FACE('',(#5046),#5064,.F.);
#5046 = FACE_BOUND('',#5047,.F.);
#5047 = EDGE_LOOP('',(#5048,#5056,#5062,#5063));
#5048 = ORIENTED_EDGE('',*,*,#5049,.F.);
#5049 = EDGE_CURVE('',#5050,#5019,#5052,.T.);
#5050 = VERTEX_POINT('',#5051);
#5051 = CARTESIAN_POINT('',(2.86,-2.86,-2.8));
#5052 = LINE('',#5053,#5054);
#5053 = CARTESIAN_POINT('',(2.86,-2.86,-2.8));
#5054 = VECTOR('',#5055,1.);
#5055 = DIRECTION('',(0.,1.,0.));
#5056 = ORIENTED_EDGE('',*,*,#5057,.T.);
#5057 = EDGE_CURVE('',#5050,#3244,#5058,.T.);
#5058 = LINE('',#5059,#5060);
#5059 = CARTESIAN_POINT('',(2.86,-2.86,-3.));
#5060 = VECTOR('',#5061,1.);
#5061 = DIRECTION('',(0.,0.,1.));
#5062 = ORIENTED_EDGE('',*,*,#3251,.T.);
#5063 = ORIENTED_EDGE('',*,*,#5028,.F.);
#5064 = PLANE('',#5065);
#5065 = AXIS2_PLACEMENT_3D('',#5066,#5067,#5068);
#5066 = CARTESIAN_POINT('',(2.86,-2.86,-3.));
#5067 = DIRECTION('',(-1.,0.,0.));
#5068 = DIRECTION('',(0.,1.,0.));
#5069 = ADVANCED_FACE('',(#5070),#5088,.F.);
#5070 = FACE_BOUND('',#5071,.F.);
#5071 = EDGE_LOOP('',(#5072,#5080,#5086,#5087));
#5072 = ORIENTED_EDGE('',*,*,#5073,.F.);
#5073 = EDGE_CURVE('',#5074,#5050,#5076,.T.);
#5074 = VERTEX_POINT('',#5075);
#5075 = CARTESIAN_POINT('',(2.22,-2.86,-2.8));
#5076 = LINE('',#5077,#5078);
#5077 = CARTESIAN_POINT('',(2.22,-2.86,-2.8));
#5078 = VECTOR('',#5079,1.);
#5079 = DIRECTION('',(1.,0.,0.));
#5080 = ORIENTED_EDGE('',*,*,#5081,.T.);
#5081 = EDGE_CURVE('',#5074,#3236,#5082,.T.);
#5082 = LINE('',#5083,#5084);
#5083 = CARTESIAN_POINT('',(2.22,-2.86,-3.));
#5084 = VECTOR('',#5085,1.);
#5085 = DIRECTION('',(0.,0.,1.));
#5086 = ORIENTED_EDGE('',*,*,#3243,.T.);
#5087 = ORIENTED_EDGE('',*,*,#5057,.F.);
#5088 = PLANE('',#5089);
#5089 = AXIS2_PLACEMENT_3D('',#5090,#5091,#5092);
#5090 = CARTESIAN_POINT('',(2.22,-2.86,-3.));
#5091 = DIRECTION('',(0.,1.,0.));
#5092 = DIRECTION('',(1.,0.,0.));
#5093 = ADVANCED_FACE('',(#5094),#5105,.F.);
#5094 = FACE_BOUND('',#5095,.F.);
#5095 = EDGE_LOOP('',(#5096,#5102,#5103,#5104));
#5096 = ORIENTED_EDGE('',*,*,#5097,.F.);
#5097 = EDGE_CURVE('',#5021,#5074,#5098,.T.);
#5098 = LINE('',#5099,#5100);
#5099 = CARTESIAN_POINT('',(2.22,-2.22,-2.8));
#5100 = VECTOR('',#5101,1.);
#5101 = DIRECTION('',(0.,-1.,0.));
#5102 = ORIENTED_EDGE('',*,*,#5035,.T.);
#5103 = ORIENTED_EDGE('',*,*,#3235,.T.);
#5104 = ORIENTED_EDGE('',*,*,#5081,.F.);
#5105 = PLANE('',#5106);
#5106 = AXIS2_PLACEMENT_3D('',#5107,#5108,#5109);
#5107 = CARTESIAN_POINT('',(2.22,-2.22,-3.));
#5108 = DIRECTION('',(1.,0.,0.));
#5109 = DIRECTION('',(0.,-1.,0.));
#5110 = ADVANCED_FACE('',(#5111),#5136,.F.);
#5111 = FACE_BOUND('',#5112,.F.);
#5112 = EDGE_LOOP('',(#5113,#5123,#5129,#5130));
#5113 = ORIENTED_EDGE('',*,*,#5114,.F.);
#5114 = EDGE_CURVE('',#5115,#5117,#5119,.T.);
#5115 = VERTEX_POINT('',#5116);
#5116 = CARTESIAN_POINT('',(0.32,-2.86,-2.8));
#5117 = VERTEX_POINT('',#5118);
#5118 = CARTESIAN_POINT('',(0.32,-2.22,-2.8));
#5119 = LINE('',#5120,#5121);
#5120 = CARTESIAN_POINT('',(0.32,-2.86,-2.8));
#5121 = VECTOR('',#5122,1.);
#5122 = DIRECTION('',(0.,1.,0.));
#5123 = ORIENTED_EDGE('',*,*,#5124,.T.);
#5124 = EDGE_CURVE('',#5115,#3260,#5125,.T.);
#5125 = LINE('',#5126,#5127);
#5126 = CARTESIAN_POINT('',(0.32,-2.86,-3.));
#5127 = VECTOR('',#5128,1.);
#5128 = DIRECTION('',(0.,0.,1.));
#5129 = ORIENTED_EDGE('',*,*,#3259,.T.);
#5130 = ORIENTED_EDGE('',*,*,#5131,.F.);
#5131 = EDGE_CURVE('',#5117,#3262,#5132,.T.);
#5132 = LINE('',#5133,#5134);
#5133 = CARTESIAN_POINT('',(0.32,-2.22,-3.));
#5134 = VECTOR('',#5135,1.);
#5135 = DIRECTION('',(0.,0.,1.));
#5136 = PLANE('',#5137);
#5137 = AXIS2_PLACEMENT_3D('',#5138,#5139,#5140);
#5138 = CARTESIAN_POINT('',(0.32,-2.86,-3.));
#5139 = DIRECTION('',(-1.,0.,0.));
#5140 = DIRECTION('',(0.,1.,0.));
#5141 = ADVANCED_FACE('',(#5142),#5160,.F.);
#5142 = FACE_BOUND('',#5143,.F.);
#5143 = EDGE_LOOP('',(#5144,#5152,#5158,#5159));
#5144 = ORIENTED_EDGE('',*,*,#5145,.F.);
#5145 = EDGE_CURVE('',#5146,#5115,#5148,.T.);
#5146 = VERTEX_POINT('',#5147);
#5147 = CARTESIAN_POINT('',(-0.32,-2.86,-2.8));
#5148 = LINE('',#5149,#5150);
#5149 = CARTESIAN_POINT('',(-0.32,-2.86,-2.8));
#5150 = VECTOR('',#5151,1.);
#5151 = DIRECTION('',(1.,0.,0.));
#5152 = ORIENTED_EDGE('',*,*,#5153,.T.);
#5153 = EDGE_CURVE('',#5146,#3278,#5154,.T.);
#5154 = LINE('',#5155,#5156);
#5155 = CARTESIAN_POINT('',(-0.32,-2.86,-3.));
#5156 = VECTOR('',#5157,1.);
#5157 = DIRECTION('',(0.,0.,1.));
#5158 = ORIENTED_EDGE('',*,*,#3285,.T.);
#5159 = ORIENTED_EDGE('',*,*,#5124,.F.);
#5160 = PLANE('',#5161);
#5161 = AXIS2_PLACEMENT_3D('',#5162,#5163,#5164);
#5162 = CARTESIAN_POINT('',(-0.32,-2.86,-3.));
#5163 = DIRECTION('',(0.,1.,0.));
#5164 = DIRECTION('',(1.,0.,0.));
#5165 = ADVANCED_FACE('',(#5166),#5184,.F.);
#5166 = FACE_BOUND('',#5167,.F.);
#5167 = EDGE_LOOP('',(#5168,#5176,#5182,#5183));
#5168 = ORIENTED_EDGE('',*,*,#5169,.F.);
#5169 = EDGE_CURVE('',#5170,#5146,#5172,.T.);
#5170 = VERTEX_POINT('',#5171);
#5171 = CARTESIAN_POINT('',(-0.32,-2.22,-2.8));
#5172 = LINE('',#5173,#5174);
#5173 = CARTESIAN_POINT('',(-0.32,-2.22,-2.8));
#5174 = VECTOR('',#5175,1.);
#5175 = DIRECTION('',(0.,-1.,0.));
#5176 = ORIENTED_EDGE('',*,*,#5177,.T.);
#5177 = EDGE_CURVE('',#5170,#3270,#5178,.T.);
#5178 = LINE('',#5179,#5180);
#5179 = CARTESIAN_POINT('',(-0.32,-2.22,-3.));
#5180 = VECTOR('',#5181,1.);
#5181 = DIRECTION('',(0.,0.,1.));
#5182 = ORIENTED_EDGE('',*,*,#3277,.T.);
#5183 = ORIENTED_EDGE('',*,*,#5153,.F.);
#5184 = PLANE('',#5185);
#5185 = AXIS2_PLACEMENT_3D('',#5186,#5187,#5188);
#5186 = CARTESIAN_POINT('',(-0.32,-2.22,-3.));
#5187 = DIRECTION('',(1.,0.,0.));
#5188 = DIRECTION('',(0.,-1.,0.));
#5189 = ADVANCED_FACE('',(#5190),#5201,.F.);
#5190 = FACE_BOUND('',#5191,.F.);
#5191 = EDGE_LOOP('',(#5192,#5198,#5199,#5200));
#5192 = ORIENTED_EDGE('',*,*,#5193,.F.);
#5193 = EDGE_CURVE('',#5117,#5170,#5194,.T.);
#5194 = LINE('',#5195,#5196);
#5195 = CARTESIAN_POINT('',(0.32,-2.22,-2.8));
#5196 = VECTOR('',#5197,1.);
#5197 = DIRECTION('',(-1.,0.,0.));
#5198 = ORIENTED_EDGE('',*,*,#5131,.T.);
#5199 = ORIENTED_EDGE('',*,*,#3269,.T.);
#5200 = ORIENTED_EDGE('',*,*,#5177,.F.);
#5201 = PLANE('',#5202);
#5202 = AXIS2_PLACEMENT_3D('',#5203,#5204,#5205);
#5203 = CARTESIAN_POINT('',(0.32,-2.22,-3.));
#5204 = DIRECTION('',(0.,-1.,0.));
#5205 = DIRECTION('',(-1.,0.,0.));
#5206 = ADVANCED_FACE('',(#5207),#5232,.F.);
#5207 = FACE_BOUND('',#5208,.F.);
#5208 = EDGE_LOOP('',(#5209,#5219,#5225,#5226));
#5209 = ORIENTED_EDGE('',*,*,#5210,.F.);
#5210 = EDGE_CURVE('',#5211,#5213,#5215,.T.);
#5211 = VERTEX_POINT('',#5212);
#5212 = CARTESIAN_POINT('',(2.22,-0.32,-2.8));
#5213 = VERTEX_POINT('',#5214);
#5214 = CARTESIAN_POINT('',(2.86,-0.32,-2.8));
#5215 = LINE('',#5216,#5217);
#5216 = CARTESIAN_POINT('',(2.22,-0.32,-2.8));
#5217 = VECTOR('',#5218,1.);
#5218 = DIRECTION('',(1.,0.,0.));
#5219 = ORIENTED_EDGE('',*,*,#5220,.T.);
#5220 = EDGE_CURVE('',#5211,#3294,#5221,.T.);
#5221 = LINE('',#5222,#5223);
#5222 = CARTESIAN_POINT('',(2.22,-0.32,-3.));
#5223 = VECTOR('',#5224,1.);
#5224 = DIRECTION('',(0.,0.,1.));
#5225 = ORIENTED_EDGE('',*,*,#3293,.T.);
#5226 = ORIENTED_EDGE('',*,*,#5227,.F.);
#5227 = EDGE_CURVE('',#5213,#3296,#5228,.T.);
#5228 = LINE('',#5229,#5230);
#5229 = CARTESIAN_POINT('',(2.86,-0.32,-3.));
#5230 = VECTOR('',#5231,1.);
#5231 = DIRECTION('',(0.,0.,1.));
#5232 = PLANE('',#5233);
#5233 = AXIS2_PLACEMENT_3D('',#5234,#5235,#5236);
#5234 = CARTESIAN_POINT('',(2.22,-0.32,-3.));
#5235 = DIRECTION('',(0.,1.,0.));
#5236 = DIRECTION('',(1.,0.,0.));
#5237 = ADVANCED_FACE('',(#5238),#5256,.F.);
#5238 = FACE_BOUND('',#5239,.F.);
#5239 = EDGE_LOOP('',(#5240,#5248,#5254,#5255));
#5240 = ORIENTED_EDGE('',*,*,#5241,.F.);
#5241 = EDGE_CURVE('',#5242,#5211,#5244,.T.);
#5242 = VERTEX_POINT('',#5243);
#5243 = CARTESIAN_POINT('',(2.22,0.32,-2.8));
#5244 = LINE('',#5245,#5246);
#5245 = CARTESIAN_POINT('',(2.22,0.32,-2.8));
#5246 = VECTOR('',#5247,1.);
#5247 = DIRECTION('',(0.,-1.,0.));
#5248 = ORIENTED_EDGE('',*,*,#5249,.T.);
#5249 = EDGE_CURVE('',#5242,#3312,#5250,.T.);
#5250 = LINE('',#5251,#5252);
#5251 = CARTESIAN_POINT('',(2.22,0.32,-3.));
#5252 = VECTOR('',#5253,1.);
#5253 = DIRECTION('',(0.,0.,1.));
#5254 = ORIENTED_EDGE('',*,*,#3319,.T.);
#5255 = ORIENTED_EDGE('',*,*,#5220,.F.);
#5256 = PLANE('',#5257);
#5257 = AXIS2_PLACEMENT_3D('',#5258,#5259,#5260);
#5258 = CARTESIAN_POINT('',(2.22,0.32,-3.));
#5259 = DIRECTION('',(1.,0.,0.));
#5260 = DIRECTION('',(0.,-1.,0.));
#5261 = ADVANCED_FACE('',(#5262),#5280,.F.);
#5262 = FACE_BOUND('',#5263,.F.);
#5263 = EDGE_LOOP('',(#5264,#5272,#5278,#5279));
#5264 = ORIENTED_EDGE('',*,*,#5265,.F.);
#5265 = EDGE_CURVE('',#5266,#5242,#5268,.T.);
#5266 = VERTEX_POINT('',#5267);
#5267 = CARTESIAN_POINT('',(2.86,0.32,-2.8));
#5268 = LINE('',#5269,#5270);
#5269 = CARTESIAN_POINT('',(2.86,0.32,-2.8));
#5270 = VECTOR('',#5271,1.);
#5271 = DIRECTION('',(-1.,0.,0.));
#5272 = ORIENTED_EDGE('',*,*,#5273,.T.);
#5273 = EDGE_CURVE('',#5266,#3304,#5274,.T.);
#5274 = LINE('',#5275,#5276);
#5275 = CARTESIAN_POINT('',(2.86,0.32,-3.));
#5276 = VECTOR('',#5277,1.);
#5277 = DIRECTION('',(0.,0.,1.));
#5278 = ORIENTED_EDGE('',*,*,#3311,.T.);
#5279 = ORIENTED_EDGE('',*,*,#5249,.F.);
#5280 = PLANE('',#5281);
#5281 = AXIS2_PLACEMENT_3D('',#5282,#5283,#5284);
#5282 = CARTESIAN_POINT('',(2.86,0.32,-3.));
#5283 = DIRECTION('',(0.,-1.,0.));
#5284 = DIRECTION('',(-1.,0.,0.));
#5285 = ADVANCED_FACE('',(#5286),#5297,.F.);
#5286 = FACE_BOUND('',#5287,.F.);
#5287 = EDGE_LOOP('',(#5288,#5294,#5295,#5296));
#5288 = ORIENTED_EDGE('',*,*,#5289,.F.);
#5289 = EDGE_CURVE('',#5213,#5266,#5290,.T.);
#5290 = LINE('',#5291,#5292);
#5291 = CARTESIAN_POINT('',(2.86,-0.32,-2.8));
#5292 = VECTOR('',#5293,1.);
#5293 = DIRECTION('',(0.,1.,0.));
#5294 = ORIENTED_EDGE('',*,*,#5227,.T.);
#5295 = ORIENTED_EDGE('',*,*,#3303,.T.);
#5296 = ORIENTED_EDGE('',*,*,#5273,.F.);
#5297 = PLANE('',#5298);
#5298 = AXIS2_PLACEMENT_3D('',#5299,#5300,#5301);
#5299 = CARTESIAN_POINT('',(2.86,-0.32,-3.));
#5300 = DIRECTION('',(-1.,0.,0.));
#5301 = DIRECTION('',(0.,1.,0.));
#5302 = ADVANCED_FACE('',(#5303),#5322,.T.);
#5303 = FACE_BOUND('',#5304,.T.);
#5304 = EDGE_LOOP('',(#5305,#5306,#5314,#5321));
#5305 = ORIENTED_EDGE('',*,*,#3327,.F.);
#5306 = ORIENTED_EDGE('',*,*,#5307,.T.);
#5307 = EDGE_CURVE('',#3328,#5308,#5310,.T.);
#5308 = VERTEX_POINT('',#5309);
#5309 = CARTESIAN_POINT('',(4.62,2.6,0.));
#5310 = LINE('',#5311,#5312);
#5311 = CARTESIAN_POINT('',(4.62,2.6,0.25));
#5312 = VECTOR('',#5313,1.);
#5313 = DIRECTION('',(-0.,-0.,-1.));
#5314 = ORIENTED_EDGE('',*,*,#5315,.T.);
#5315 = EDGE_CURVE('',#5308,#5308,#5316,.T.);
#5316 = CIRCLE('',#5317,0.5);
#5317 = AXIS2_PLACEMENT_3D('',#5318,#5319,#5320);
#5318 = CARTESIAN_POINT('',(4.12,2.6,0.));
#5319 = DIRECTION('',(0.,0.,1.));
#5320 = DIRECTION('',(1.,0.,-0.));
#5321 = ORIENTED_EDGE('',*,*,#5307,.F.);
#5322 = CYLINDRICAL_SURFACE('',#5323,0.5);
#5323 = AXIS2_PLACEMENT_3D('',#5324,#5325,#5326);
#5324 = CARTESIAN_POINT('',(4.12,2.6,0.25));
#5325 = DIRECTION('',(0.,0.,1.));
#5326 = DIRECTION('',(1.,0.,-0.));
#5327 = ADVANCED_FACE('',(#5328),#5347,.T.);
#5328 = FACE_BOUND('',#5329,.T.);
#5329 = EDGE_LOOP('',(#5330,#5331,#5339,#5346));
#5330 = ORIENTED_EDGE('',*,*,#3338,.F.);
#5331 = ORIENTED_EDGE('',*,*,#5332,.T.);
#5332 = EDGE_CURVE('',#3339,#5333,#5335,.T.);
#5333 = VERTEX_POINT('',#5334);
#5334 = CARTESIAN_POINT('',(4.62,-5.08,0.));
#5335 = LINE('',#5336,#5337);
#5336 = CARTESIAN_POINT('',(4.62,-5.08,0.25));
#5337 = VECTOR('',#5338,1.);
#5338 = DIRECTION('',(-0.,-0.,-1.));
#5339 = ORIENTED_EDGE('',*,*,#5340,.T.);
#5340 = EDGE_CURVE('',#5333,#5333,#5341,.T.);
#5341 = CIRCLE('',#5342,0.5);
#5342 = AXIS2_PLACEMENT_3D('',#5343,#5344,#5345);
#5343 = CARTESIAN_POINT('',(4.12,-5.08,0.));
#5344 = DIRECTION('',(0.,0.,1.));
#5345 = DIRECTION('',(1.,0.,-0.));
#5346 = ORIENTED_EDGE('',*,*,#5332,.F.);
#5347 = CYLINDRICAL_SURFACE('',#5348,0.5);
#5348 = AXIS2_PLACEMENT_3D('',#5349,#5350,#5351);
#5349 = CARTESIAN_POINT('',(4.12,-5.08,0.25));
#5350 = DIRECTION('',(0.,0.,1.));
#5351 = DIRECTION('',(1.,0.,-0.));
#5352 = ADVANCED_FACE('',(#5353),#5372,.T.);
#5353 = FACE_BOUND('',#5354,.T.);
#5354 = EDGE_LOOP('',(#5355,#5356,#5364,#5371));
#5355 = ORIENTED_EDGE('',*,*,#3349,.F.);
#5356 = ORIENTED_EDGE('',*,*,#5357,.T.);
#5357 = EDGE_CURVE('',#3350,#5358,#5360,.T.);
#5358 = VERTEX_POINT('',#5359);
#5359 = CARTESIAN_POINT('',(4.62,-12.76,0.));
#5360 = LINE('',#5361,#5362);
#5361 = CARTESIAN_POINT('',(4.62,-12.76,0.25));
#5362 = VECTOR('',#5363,1.);
#5363 = DIRECTION('',(-0.,-0.,-1.));
#5364 = ORIENTED_EDGE('',*,*,#5365,.T.);
#5365 = EDGE_CURVE('',#5358,#5358,#5366,.T.);
#5366 = CIRCLE('',#5367,0.5);
#5367 = AXIS2_PLACEMENT_3D('',#5368,#5369,#5370);
#5368 = CARTESIAN_POINT('',(4.12,-12.76,0.));
#5369 = DIRECTION('',(0.,0.,1.));
#5370 = DIRECTION('',(1.,0.,-0.));
#5371 = ORIENTED_EDGE('',*,*,#5357,.F.);
#5372 = CYLINDRICAL_SURFACE('',#5373,0.5);
#5373 = AXIS2_PLACEMENT_3D('',#5374,#5375,#5376);
#5374 = CARTESIAN_POINT('',(4.12,-12.76,0.25));
#5375 = DIRECTION('',(0.,0.,1.));
#5376 = DIRECTION('',(1.,0.,-0.));
#5377 = ADVANCED_FACE('',(#5378),#5383,.T.);
#5378 = FACE_BOUND('',#5379,.T.);
#5379 = EDGE_LOOP('',(#5380,#5381,#5382));
#5380 = ORIENTED_EDGE('',*,*,#4199,.T.);
#5381 = ORIENTED_EDGE('',*,*,#4190,.T.);
#5382 = ORIENTED_EDGE('',*,*,#3422,.T.);
#5383 = PLANE('',#5384);
#5384 = AXIS2_PLACEMENT_3D('',#5385,#5386,#5387);
#5385 = CARTESIAN_POINT('',(5.445,2.6,8.75));
#5386 = DIRECTION('',(0.,0.,1.));
#5387 = DIRECTION('',(1.,0.,-0.));
#5388 = ADVANCED_FACE('',(#5389),#5394,.T.);
#5389 = FACE_BOUND('',#5390,.T.);
#5390 = EDGE_LOOP('',(#5391,#5392,#5393));
#5391 = ORIENTED_EDGE('',*,*,#4255,.T.);
#5392 = ORIENTED_EDGE('',*,*,#4246,.T.);
#5393 = ORIENTED_EDGE('',*,*,#3399,.T.);
#5394 = PLANE('',#5395);
#5395 = AXIS2_PLACEMENT_3D('',#5396,#5397,#5398);
#5396 = CARTESIAN_POINT('',(5.445,-5.08,8.75));
#5397 = DIRECTION('',(0.,0.,1.));
#5398 = DIRECTION('',(1.,0.,-0.));
#5399 = ADVANCED_FACE('',(#5400),#5405,.T.);
#5400 = FACE_BOUND('',#5401,.T.);
#5401 = EDGE_LOOP('',(#5402,#5403,#5404));
#5402 = ORIENTED_EDGE('',*,*,#4227,.T.);
#5403 = ORIENTED_EDGE('',*,*,#4218,.T.);
#5404 = ORIENTED_EDGE('',*,*,#3376,.T.);
#5405 = PLANE('',#5406);
#5406 = AXIS2_PLACEMENT_3D('',#5407,#5408,#5409);
#5407 = CARTESIAN_POINT('',(5.445,-12.76,8.75));
#5408 = DIRECTION('',(0.,0.,1.));
#5409 = DIRECTION('',(1.,0.,-0.));
#5410 = ADVANCED_FACE('',(#5411),#5436,.F.);
#5411 = FACE_BOUND('',#5412,.F.);
#5412 = EDGE_LOOP('',(#5413,#5414,#5422,#5430));
#5413 = ORIENTED_EDGE('',*,*,#3745,.T.);
#5414 = ORIENTED_EDGE('',*,*,#5415,.T.);
#5415 = EDGE_CURVE('',#3748,#5416,#5418,.T.);
#5416 = VERTEX_POINT('',#5417);
#5417 = CARTESIAN_POINT('',(2.86,-5.4,7.8));
#5418 = LINE('',#5419,#5420);
#5419 = CARTESIAN_POINT('',(2.86,-5.4,-3.));
#5420 = VECTOR('',#5421,1.);
#5421 = DIRECTION('',(0.,0.,1.));
#5422 = ORIENTED_EDGE('',*,*,#5423,.T.);
#5423 = EDGE_CURVE('',#5416,#5424,#5426,.T.);
#5424 = VERTEX_POINT('',#5425);
#5425 = CARTESIAN_POINT('',(2.86,-4.76,7.8));
#5426 = LINE('',#5427,#5428);
#5427 = CARTESIAN_POINT('',(2.86,-5.4,7.8));
#5428 = VECTOR('',#5429,1.);
#5429 = DIRECTION('',(0.,1.,0.));
#5430 = ORIENTED_EDGE('',*,*,#5431,.F.);
#5431 = EDGE_CURVE('',#3746,#5424,#5432,.T.);
#5432 = LINE('',#5433,#5434);
#5433 = CARTESIAN_POINT('',(2.86,-4.76,-3.));
#5434 = VECTOR('',#5435,1.);
#5435 = DIRECTION('',(0.,0.,1.));
#5436 = PLANE('',#5437);
#5437 = AXIS2_PLACEMENT_3D('',#5438,#5439,#5440);
#5438 = CARTESIAN_POINT('',(2.86,-5.4,-3.));
#5439 = DIRECTION('',(-1.,0.,0.));
#5440 = DIRECTION('',(0.,1.,0.));
#5441 = ADVANCED_FACE('',(#5442),#5460,.F.);
#5442 = FACE_BOUND('',#5443,.F.);
#5443 = EDGE_LOOP('',(#5444,#5445,#5446,#5454));
#5444 = ORIENTED_EDGE('',*,*,#3771,.T.);
#5445 = ORIENTED_EDGE('',*,*,#5431,.T.);
#5446 = ORIENTED_EDGE('',*,*,#5447,.T.);
#5447 = EDGE_CURVE('',#5424,#5448,#5450,.T.);
#5448 = VERTEX_POINT('',#5449);
#5449 = CARTESIAN_POINT('',(2.22,-4.76,7.8));
#5450 = LINE('',#5451,#5452);
#5451 = CARTESIAN_POINT('',(2.86,-4.76,7.8));
#5452 = VECTOR('',#5453,1.);
#5453 = DIRECTION('',(-1.,0.,0.));
#5454 = ORIENTED_EDGE('',*,*,#5455,.F.);
#5455 = EDGE_CURVE('',#3764,#5448,#5456,.T.);
#5456 = LINE('',#5457,#5458);
#5457 = CARTESIAN_POINT('',(2.22,-4.76,-3.));
#5458 = VECTOR('',#5459,1.);
#5459 = DIRECTION('',(0.,0.,1.));
#5460 = PLANE('',#5461);
#5461 = AXIS2_PLACEMENT_3D('',#5462,#5463,#5464);
#5462 = CARTESIAN_POINT('',(2.86,-4.76,-3.));
#5463 = DIRECTION('',(0.,-1.,0.));
#5464 = DIRECTION('',(-1.,0.,0.));
#5465 = ADVANCED_FACE('',(#5466),#5484,.F.);
#5466 = FACE_BOUND('',#5467,.F.);
#5467 = EDGE_LOOP('',(#5468,#5469,#5470,#5478));
#5468 = ORIENTED_EDGE('',*,*,#3763,.T.);
#5469 = ORIENTED_EDGE('',*,*,#5455,.T.);
#5470 = ORIENTED_EDGE('',*,*,#5471,.T.);
#5471 = EDGE_CURVE('',#5448,#5472,#5474,.T.);
#5472 = VERTEX_POINT('',#5473);
#5473 = CARTESIAN_POINT('',(2.22,-5.4,7.8));
#5474 = LINE('',#5475,#5476);
#5475 = CARTESIAN_POINT('',(2.22,-4.76,7.8));
#5476 = VECTOR('',#5477,1.);
#5477 = DIRECTION('',(0.,-1.,0.));
#5478 = ORIENTED_EDGE('',*,*,#5479,.F.);
#5479 = EDGE_CURVE('',#3756,#5472,#5480,.T.);
#5480 = LINE('',#5481,#5482);
#5481 = CARTESIAN_POINT('',(2.22,-5.4,-3.));
#5482 = VECTOR('',#5483,1.);
#5483 = DIRECTION('',(0.,0.,1.));
#5484 = PLANE('',#5485);
#5485 = AXIS2_PLACEMENT_3D('',#5486,#5487,#5488);
#5486 = CARTESIAN_POINT('',(2.22,-4.76,-3.));
#5487 = DIRECTION('',(1.,0.,0.));
#5488 = DIRECTION('',(0.,-1.,0.));
#5489 = ADVANCED_FACE('',(#5490),#5501,.F.);
#5490 = FACE_BOUND('',#5491,.F.);
#5491 = EDGE_LOOP('',(#5492,#5493,#5494,#5500));
#5492 = ORIENTED_EDGE('',*,*,#3755,.T.);
#5493 = ORIENTED_EDGE('',*,*,#5479,.T.);
#5494 = ORIENTED_EDGE('',*,*,#5495,.T.);
#5495 = EDGE_CURVE('',#5472,#5416,#5496,.T.);
#5496 = LINE('',#5497,#5498);
#5497 = CARTESIAN_POINT('',(2.22,-5.4,7.8));
#5498 = VECTOR('',#5499,1.);
#5499 = DIRECTION('',(1.,0.,0.));
#5500 = ORIENTED_EDGE('',*,*,#5415,.F.);
#5501 = PLANE('',#5502);
#5502 = AXIS2_PLACEMENT_3D('',#5503,#5504,#5505);
#5503 = CARTESIAN_POINT('',(2.22,-5.4,-3.));
#5504 = DIRECTION('',(0.,1.,0.));
#5505 = DIRECTION('',(1.,0.,0.));
#5506 = ADVANCED_FACE('',(#5507),#5532,.F.);
#5507 = FACE_BOUND('',#5508,.F.);
#5508 = EDGE_LOOP('',(#5509,#5510,#5518,#5526));
#5509 = ORIENTED_EDGE('',*,*,#3779,.T.);
#5510 = ORIENTED_EDGE('',*,*,#5511,.T.);
#5511 = EDGE_CURVE('',#3782,#5512,#5514,.T.);
#5512 = VERTEX_POINT('',#5513);
#5513 = CARTESIAN_POINT('',(2.22,-7.94,7.8));
#5514 = LINE('',#5515,#5516);
#5515 = CARTESIAN_POINT('',(2.22,-7.94,-3.));
#5516 = VECTOR('',#5517,1.);
#5517 = DIRECTION('',(0.,0.,1.));
#5518 = ORIENTED_EDGE('',*,*,#5519,.T.);
#5519 = EDGE_CURVE('',#5512,#5520,#5522,.T.);
#5520 = VERTEX_POINT('',#5521);
#5521 = CARTESIAN_POINT('',(2.86,-7.94,7.8));
#5522 = LINE('',#5523,#5524);
#5523 = CARTESIAN_POINT('',(2.22,-7.94,7.8));
#5524 = VECTOR('',#5525,1.);
#5525 = DIRECTION('',(1.,0.,0.));
#5526 = ORIENTED_EDGE('',*,*,#5527,.F.);
#5527 = EDGE_CURVE('',#3780,#5520,#5528,.T.);
#5528 = LINE('',#5529,#5530);
#5529 = CARTESIAN_POINT('',(2.86,-7.94,-3.));
#5530 = VECTOR('',#5531,1.);
#5531 = DIRECTION('',(0.,0.,1.));
#5532 = PLANE('',#5533);
#5533 = AXIS2_PLACEMENT_3D('',#5534,#5535,#5536);
#5534 = CARTESIAN_POINT('',(2.22,-7.94,-3.));
#5535 = DIRECTION('',(0.,1.,0.));
#5536 = DIRECTION('',(1.,0.,0.));
#5537 = ADVANCED_FACE('',(#5538),#5556,.F.);
#5538 = FACE_BOUND('',#5539,.F.);
#5539 = EDGE_LOOP('',(#5540,#5541,#5542,#5550));
#5540 = ORIENTED_EDGE('',*,*,#3805,.T.);
#5541 = ORIENTED_EDGE('',*,*,#5527,.T.);
#5542 = ORIENTED_EDGE('',*,*,#5543,.T.);
#5543 = EDGE_CURVE('',#5520,#5544,#5546,.T.);
#5544 = VERTEX_POINT('',#5545);
#5545 = CARTESIAN_POINT('',(2.86,-7.3,7.8));
#5546 = LINE('',#5547,#5548);
#5547 = CARTESIAN_POINT('',(2.86,-7.94,7.8));
#5548 = VECTOR('',#5549,1.);
#5549 = DIRECTION('',(0.,1.,0.));
#5550 = ORIENTED_EDGE('',*,*,#5551,.F.);
#5551 = EDGE_CURVE('',#3798,#5544,#5552,.T.);
#5552 = LINE('',#5553,#5554);
#5553 = CARTESIAN_POINT('',(2.86,-7.3,-3.));
#5554 = VECTOR('',#5555,1.);
#5555 = DIRECTION('',(0.,0.,1.));
#5556 = PLANE('',#5557);
#5557 = AXIS2_PLACEMENT_3D('',#5558,#5559,#5560);
#5558 = CARTESIAN_POINT('',(2.86,-7.94,-3.));
#5559 = DIRECTION('',(-1.,0.,0.));
#5560 = DIRECTION('',(0.,1.,0.));
#5561 = ADVANCED_FACE('',(#5562),#5580,.F.);
#5562 = FACE_BOUND('',#5563,.F.);
#5563 = EDGE_LOOP('',(#5564,#5565,#5566,#5574));
#5564 = ORIENTED_EDGE('',*,*,#3797,.T.);
#5565 = ORIENTED_EDGE('',*,*,#5551,.T.);
#5566 = ORIENTED_EDGE('',*,*,#5567,.T.);
#5567 = EDGE_CURVE('',#5544,#5568,#5570,.T.);
#5568 = VERTEX_POINT('',#5569);
#5569 = CARTESIAN_POINT('',(2.22,-7.3,7.8));
#5570 = LINE('',#5571,#5572);
#5571 = CARTESIAN_POINT('',(2.86,-7.3,7.8));
#5572 = VECTOR('',#5573,1.);
#5573 = DIRECTION('',(-1.,0.,0.));
#5574 = ORIENTED_EDGE('',*,*,#5575,.F.);
#5575 = EDGE_CURVE('',#3790,#5568,#5576,.T.);
#5576 = LINE('',#5577,#5578);
#5577 = CARTESIAN_POINT('',(2.22,-7.3,-3.));
#5578 = VECTOR('',#5579,1.);
#5579 = DIRECTION('',(0.,0.,1.));
#5580 = PLANE('',#5581);
#5581 = AXIS2_PLACEMENT_3D('',#5582,#5583,#5584);
#5582 = CARTESIAN_POINT('',(2.86,-7.3,-3.));
#5583 = DIRECTION('',(0.,-1.,0.));
#5584 = DIRECTION('',(-1.,0.,0.));
#5585 = ADVANCED_FACE('',(#5586),#5597,.F.);
#5586 = FACE_BOUND('',#5587,.F.);
#5587 = EDGE_LOOP('',(#5588,#5589,#5590,#5596));
#5588 = ORIENTED_EDGE('',*,*,#3789,.T.);
#5589 = ORIENTED_EDGE('',*,*,#5575,.T.);
#5590 = ORIENTED_EDGE('',*,*,#5591,.T.);
#5591 = EDGE_CURVE('',#5568,#5512,#5592,.T.);
#5592 = LINE('',#5593,#5594);
#5593 = CARTESIAN_POINT('',(2.22,-7.3,7.8));
#5594 = VECTOR('',#5595,1.);
#5595 = DIRECTION('',(0.,-1.,0.));
#5596 = ORIENTED_EDGE('',*,*,#5511,.F.);
#5597 = PLANE('',#5598);
#5598 = AXIS2_PLACEMENT_3D('',#5599,#5600,#5601);
#5599 = CARTESIAN_POINT('',(2.22,-7.3,-3.));
#5600 = DIRECTION('',(1.,0.,0.));
#5601 = DIRECTION('',(0.,-1.,0.));
#5602 = ADVANCED_FACE('',(#5603),#5628,.F.);
#5603 = FACE_BOUND('',#5604,.F.);
#5604 = EDGE_LOOP('',(#5605,#5606,#5614,#5622));
#5605 = ORIENTED_EDGE('',*,*,#3813,.T.);
#5606 = ORIENTED_EDGE('',*,*,#5607,.T.);
#5607 = EDGE_CURVE('',#3816,#5608,#5610,.T.);
#5608 = VERTEX_POINT('',#5609);
#5609 = CARTESIAN_POINT('',(-0.32,-7.94,7.8));
#5610 = LINE('',#5611,#5612);
#5611 = CARTESIAN_POINT('',(-0.32,-7.94,-3.));
#5612 = VECTOR('',#5613,1.);
#5613 = DIRECTION('',(0.,0.,1.));
#5614 = ORIENTED_EDGE('',*,*,#5615,.T.);
#5615 = EDGE_CURVE('',#5608,#5616,#5618,.T.);
#5616 = VERTEX_POINT('',#5617);
#5617 = CARTESIAN_POINT('',(0.32,-7.94,7.8));
#5618 = LINE('',#5619,#5620);
#5619 = CARTESIAN_POINT('',(-0.32,-7.94,7.8));
#5620 = VECTOR('',#5621,1.);
#5621 = DIRECTION('',(1.,0.,0.));
#5622 = ORIENTED_EDGE('',*,*,#5623,.F.);
#5623 = EDGE_CURVE('',#3814,#5616,#5624,.T.);
#5624 = LINE('',#5625,#5626);
#5625 = CARTESIAN_POINT('',(0.32,-7.94,-3.));
#5626 = VECTOR('',#5627,1.);
#5627 = DIRECTION('',(0.,0.,1.));
#5628 = PLANE('',#5629);
#5629 = AXIS2_PLACEMENT_3D('',#5630,#5631,#5632);
#5630 = CARTESIAN_POINT('',(-0.32,-7.94,-3.));
#5631 = DIRECTION('',(0.,1.,0.));
#5632 = DIRECTION('',(1.,0.,0.));
#5633 = ADVANCED_FACE('',(#5634),#5652,.F.);
#5634 = FACE_BOUND('',#5635,.F.);
#5635 = EDGE_LOOP('',(#5636,#5637,#5638,#5646));
#5636 = ORIENTED_EDGE('',*,*,#3839,.T.);
#5637 = ORIENTED_EDGE('',*,*,#5623,.T.);
#5638 = ORIENTED_EDGE('',*,*,#5639,.T.);
#5639 = EDGE_CURVE('',#5616,#5640,#5642,.T.);
#5640 = VERTEX_POINT('',#5641);
#5641 = CARTESIAN_POINT('',(0.32,-7.3,7.8));
#5642 = LINE('',#5643,#5644);
#5643 = CARTESIAN_POINT('',(0.32,-7.94,7.8));
#5644 = VECTOR('',#5645,1.);
#5645 = DIRECTION('',(0.,1.,0.));
#5646 = ORIENTED_EDGE('',*,*,#5647,.F.);
#5647 = EDGE_CURVE('',#3832,#5640,#5648,.T.);
#5648 = LINE('',#5649,#5650);
#5649 = CARTESIAN_POINT('',(0.32,-7.3,-3.));
#5650 = VECTOR('',#5651,1.);
#5651 = DIRECTION('',(0.,0.,1.));
#5652 = PLANE('',#5653);
#5653 = AXIS2_PLACEMENT_3D('',#5654,#5655,#5656);
#5654 = CARTESIAN_POINT('',(0.32,-7.94,-3.));
#5655 = DIRECTION('',(-1.,0.,0.));
#5656 = DIRECTION('',(0.,1.,0.));
#5657 = ADVANCED_FACE('',(#5658),#5676,.F.);
#5658 = FACE_BOUND('',#5659,.F.);
#5659 = EDGE_LOOP('',(#5660,#5661,#5662,#5670));
#5660 = ORIENTED_EDGE('',*,*,#3831,.T.);
#5661 = ORIENTED_EDGE('',*,*,#5647,.T.);
#5662 = ORIENTED_EDGE('',*,*,#5663,.T.);
#5663 = EDGE_CURVE('',#5640,#5664,#5666,.T.);
#5664 = VERTEX_POINT('',#5665);
#5665 = CARTESIAN_POINT('',(-0.32,-7.3,7.8));
#5666 = LINE('',#5667,#5668);
#5667 = CARTESIAN_POINT('',(0.32,-7.3,7.8));
#5668 = VECTOR('',#5669,1.);
#5669 = DIRECTION('',(-1.,0.,0.));
#5670 = ORIENTED_EDGE('',*,*,#5671,.F.);
#5671 = EDGE_CURVE('',#3824,#5664,#5672,.T.);
#5672 = LINE('',#5673,#5674);
#5673 = CARTESIAN_POINT('',(-0.32,-7.3,-3.));
#5674 = VECTOR('',#5675,1.);
#5675 = DIRECTION('',(0.,0.,1.));
#5676 = PLANE('',#5677);
#5677 = AXIS2_PLACEMENT_3D('',#5678,#5679,#5680);
#5678 = CARTESIAN_POINT('',(0.32,-7.3,-3.));
#5679 = DIRECTION('',(0.,-1.,0.));
#5680 = DIRECTION('',(-1.,0.,0.));
#5681 = ADVANCED_FACE('',(#5682),#5693,.F.);
#5682 = FACE_BOUND('',#5683,.F.);
#5683 = EDGE_LOOP('',(#5684,#5685,#5686,#5692));
#5684 = ORIENTED_EDGE('',*,*,#3823,.T.);
#5685 = ORIENTED_EDGE('',*,*,#5671,.T.);
#5686 = ORIENTED_EDGE('',*,*,#5687,.T.);
#5687 = EDGE_CURVE('',#5664,#5608,#5688,.T.);
#5688 = LINE('',#5689,#5690);
#5689 = CARTESIAN_POINT('',(-0.32,-7.3,7.8));
#5690 = VECTOR('',#5691,1.);
#5691 = DIRECTION('',(0.,-1.,0.));
#5692 = ORIENTED_EDGE('',*,*,#5607,.F.);
#5693 = PLANE('',#5694);
#5694 = AXIS2_PLACEMENT_3D('',#5695,#5696,#5697);
#5695 = CARTESIAN_POINT('',(-0.32,-7.3,-3.));
#5696 = DIRECTION('',(1.,0.,0.));
#5697 = DIRECTION('',(0.,-1.,0.));
#5698 = ADVANCED_FACE('',(#5699),#5724,.F.);
#5699 = FACE_BOUND('',#5700,.F.);
#5700 = EDGE_LOOP('',(#5701,#5702,#5710,#5718));
#5701 = ORIENTED_EDGE('',*,*,#3847,.T.);
#5702 = ORIENTED_EDGE('',*,*,#5703,.T.);
#5703 = EDGE_CURVE('',#3850,#5704,#5706,.T.);
#5704 = VERTEX_POINT('',#5705);
#5705 = CARTESIAN_POINT('',(-0.32,-5.4,7.8));
#5706 = LINE('',#5707,#5708);
#5707 = CARTESIAN_POINT('',(-0.32,-5.4,-3.));
#5708 = VECTOR('',#5709,1.);
#5709 = DIRECTION('',(0.,0.,1.));
#5710 = ORIENTED_EDGE('',*,*,#5711,.T.);
#5711 = EDGE_CURVE('',#5704,#5712,#5714,.T.);
#5712 = VERTEX_POINT('',#5713);
#5713 = CARTESIAN_POINT('',(0.32,-5.4,7.8));
#5714 = LINE('',#5715,#5716);
#5715 = CARTESIAN_POINT('',(-0.32,-5.4,7.8));
#5716 = VECTOR('',#5717,1.);
#5717 = DIRECTION('',(1.,0.,0.));
#5718 = ORIENTED_EDGE('',*,*,#5719,.F.);
#5719 = EDGE_CURVE('',#3848,#5712,#5720,.T.);
#5720 = LINE('',#5721,#5722);
#5721 = CARTESIAN_POINT('',(0.32,-5.4,-3.));
#5722 = VECTOR('',#5723,1.);
#5723 = DIRECTION('',(0.,0.,1.));
#5724 = PLANE('',#5725);
#5725 = AXIS2_PLACEMENT_3D('',#5726,#5727,#5728);
#5726 = CARTESIAN_POINT('',(-0.32,-5.4,-3.));
#5727 = DIRECTION('',(0.,1.,0.));
#5728 = DIRECTION('',(1.,0.,0.));
#5729 = ADVANCED_FACE('',(#5730),#5748,.F.);
#5730 = FACE_BOUND('',#5731,.F.);
#5731 = EDGE_LOOP('',(#5732,#5733,#5734,#5742));
#5732 = ORIENTED_EDGE('',*,*,#3873,.T.);
#5733 = ORIENTED_EDGE('',*,*,#5719,.T.);
#5734 = ORIENTED_EDGE('',*,*,#5735,.T.);
#5735 = EDGE_CURVE('',#5712,#5736,#5738,.T.);
#5736 = VERTEX_POINT('',#5737);
#5737 = CARTESIAN_POINT('',(0.32,-4.76,7.8));
#5738 = LINE('',#5739,#5740);
#5739 = CARTESIAN_POINT('',(0.32,-5.4,7.8));
#5740 = VECTOR('',#5741,1.);
#5741 = DIRECTION('',(0.,1.,0.));
#5742 = ORIENTED_EDGE('',*,*,#5743,.F.);
#5743 = EDGE_CURVE('',#3866,#5736,#5744,.T.);
#5744 = LINE('',#5745,#5746);
#5745 = CARTESIAN_POINT('',(0.32,-4.76,-3.));
#5746 = VECTOR('',#5747,1.);
#5747 = DIRECTION('',(0.,0.,1.));
#5748 = PLANE('',#5749);
#5749 = AXIS2_PLACEMENT_3D('',#5750,#5751,#5752);
#5750 = CARTESIAN_POINT('',(0.32,-5.4,-3.));
#5751 = DIRECTION('',(-1.,0.,0.));
#5752 = DIRECTION('',(0.,1.,0.));
#5753 = ADVANCED_FACE('',(#5754),#5772,.F.);
#5754 = FACE_BOUND('',#5755,.F.);
#5755 = EDGE_LOOP('',(#5756,#5757,#5758,#5766));
#5756 = ORIENTED_EDGE('',*,*,#3865,.T.);
#5757 = ORIENTED_EDGE('',*,*,#5743,.T.);
#5758 = ORIENTED_EDGE('',*,*,#5759,.T.);
#5759 = EDGE_CURVE('',#5736,#5760,#5762,.T.);
#5760 = VERTEX_POINT('',#5761);
#5761 = CARTESIAN_POINT('',(-0.32,-4.76,7.8));
#5762 = LINE('',#5763,#5764);
#5763 = CARTESIAN_POINT('',(0.32,-4.76,7.8));
#5764 = VECTOR('',#5765,1.);
#5765 = DIRECTION('',(-1.,0.,0.));
#5766 = ORIENTED_EDGE('',*,*,#5767,.F.);
#5767 = EDGE_CURVE('',#3858,#5760,#5768,.T.);
#5768 = LINE('',#5769,#5770);
#5769 = CARTESIAN_POINT('',(-0.32,-4.76,-3.));
#5770 = VECTOR('',#5771,1.);
#5771 = DIRECTION('',(0.,0.,1.));
#5772 = PLANE('',#5773);
#5773 = AXIS2_PLACEMENT_3D('',#5774,#5775,#5776);
#5774 = CARTESIAN_POINT('',(0.32,-4.76,-3.));
#5775 = DIRECTION('',(0.,-1.,0.));
#5776 = DIRECTION('',(-1.,0.,0.));
#5777 = ADVANCED_FACE('',(#5778),#5789,.F.);
#5778 = FACE_BOUND('',#5779,.F.);
#5779 = EDGE_LOOP('',(#5780,#5781,#5782,#5788));
#5780 = ORIENTED_EDGE('',*,*,#3857,.T.);
#5781 = ORIENTED_EDGE('',*,*,#5767,.T.);
#5782 = ORIENTED_EDGE('',*,*,#5783,.T.);
#5783 = EDGE_CURVE('',#5760,#5704,#5784,.T.);
#5784 = LINE('',#5785,#5786);
#5785 = CARTESIAN_POINT('',(-0.32,-4.76,7.8));
#5786 = VECTOR('',#5787,1.);
#5787 = DIRECTION('',(0.,-1.,0.));
#5788 = ORIENTED_EDGE('',*,*,#5703,.F.);
#5789 = PLANE('',#5790);
#5790 = AXIS2_PLACEMENT_3D('',#5791,#5792,#5793);
#5791 = CARTESIAN_POINT('',(-0.32,-4.76,-3.));
#5792 = DIRECTION('',(1.,0.,0.));
#5793 = DIRECTION('',(0.,-1.,0.));
#5794 = ADVANCED_FACE('',(#5795),#5820,.F.);
#5795 = FACE_BOUND('',#5796,.F.);
#5796 = EDGE_LOOP('',(#5797,#5798,#5806,#5814));
#5797 = ORIENTED_EDGE('',*,*,#3881,.T.);
#5798 = ORIENTED_EDGE('',*,*,#5799,.T.);
#5799 = EDGE_CURVE('',#3884,#5800,#5802,.T.);
#5800 = VERTEX_POINT('',#5801);
#5801 = CARTESIAN_POINT('',(-0.32,-10.48,7.8));
#5802 = LINE('',#5803,#5804);
#5803 = CARTESIAN_POINT('',(-0.32,-10.48,-3.));
#5804 = VECTOR('',#5805,1.);
#5805 = DIRECTION('',(0.,0.,1.));
#5806 = ORIENTED_EDGE('',*,*,#5807,.T.);
#5807 = EDGE_CURVE('',#5800,#5808,#5810,.T.);
#5808 = VERTEX_POINT('',#5809);
#5809 = CARTESIAN_POINT('',(0.32,-10.48,7.8));
#5810 = LINE('',#5811,#5812);
#5811 = CARTESIAN_POINT('',(-0.32,-10.48,7.8));
#5812 = VECTOR('',#5813,1.);
#5813 = DIRECTION('',(1.,0.,0.));
#5814 = ORIENTED_EDGE('',*,*,#5815,.F.);
#5815 = EDGE_CURVE('',#3882,#5808,#5816,.T.);
#5816 = LINE('',#5817,#5818);
#5817 = CARTESIAN_POINT('',(0.32,-10.48,-3.));
#5818 = VECTOR('',#5819,1.);
#5819 = DIRECTION('',(0.,0.,1.));
#5820 = PLANE('',#5821);
#5821 = AXIS2_PLACEMENT_3D('',#5822,#5823,#5824);
#5822 = CARTESIAN_POINT('',(-0.32,-10.48,-3.));
#5823 = DIRECTION('',(0.,1.,0.));
#5824 = DIRECTION('',(1.,0.,0.));
#5825 = ADVANCED_FACE('',(#5826),#5844,.F.);
#5826 = FACE_BOUND('',#5827,.F.);
#5827 = EDGE_LOOP('',(#5828,#5829,#5830,#5838));
#5828 = ORIENTED_EDGE('',*,*,#3907,.T.);
#5829 = ORIENTED_EDGE('',*,*,#5815,.T.);
#5830 = ORIENTED_EDGE('',*,*,#5831,.T.);
#5831 = EDGE_CURVE('',#5808,#5832,#5834,.T.);
#5832 = VERTEX_POINT('',#5833);
#5833 = CARTESIAN_POINT('',(0.32,-9.84,7.8));
#5834 = LINE('',#5835,#5836);
#5835 = CARTESIAN_POINT('',(0.32,-10.48,7.8));
#5836 = VECTOR('',#5837,1.);
#5837 = DIRECTION('',(0.,1.,0.));
#5838 = ORIENTED_EDGE('',*,*,#5839,.F.);
#5839 = EDGE_CURVE('',#3900,#5832,#5840,.T.);
#5840 = LINE('',#5841,#5842);
#5841 = CARTESIAN_POINT('',(0.32,-9.84,-3.));
#5842 = VECTOR('',#5843,1.);
#5843 = DIRECTION('',(0.,0.,1.));
#5844 = PLANE('',#5845);
#5845 = AXIS2_PLACEMENT_3D('',#5846,#5847,#5848);
#5846 = CARTESIAN_POINT('',(0.32,-10.48,-3.));
#5847 = DIRECTION('',(-1.,0.,0.));
#5848 = DIRECTION('',(0.,1.,0.));
#5849 = ADVANCED_FACE('',(#5850),#5868,.F.);
#5850 = FACE_BOUND('',#5851,.F.);
#5851 = EDGE_LOOP('',(#5852,#5853,#5854,#5862));
#5852 = ORIENTED_EDGE('',*,*,#3899,.T.);
#5853 = ORIENTED_EDGE('',*,*,#5839,.T.);
#5854 = ORIENTED_EDGE('',*,*,#5855,.T.);
#5855 = EDGE_CURVE('',#5832,#5856,#5858,.T.);
#5856 = VERTEX_POINT('',#5857);
#5857 = CARTESIAN_POINT('',(-0.32,-9.84,7.8));
#5858 = LINE('',#5859,#5860);
#5859 = CARTESIAN_POINT('',(0.32,-9.84,7.8));
#5860 = VECTOR('',#5861,1.);
#5861 = DIRECTION('',(-1.,0.,0.));
#5862 = ORIENTED_EDGE('',*,*,#5863,.F.);
#5863 = EDGE_CURVE('',#3892,#5856,#5864,.T.);
#5864 = LINE('',#5865,#5866);
#5865 = CARTESIAN_POINT('',(-0.32,-9.84,-3.));
#5866 = VECTOR('',#5867,1.);
#5867 = DIRECTION('',(0.,0.,1.));
#5868 = PLANE('',#5869);
#5869 = AXIS2_PLACEMENT_3D('',#5870,#5871,#5872);
#5870 = CARTESIAN_POINT('',(0.32,-9.84,-3.));
#5871 = DIRECTION('',(0.,-1.,0.));
#5872 = DIRECTION('',(-1.,0.,0.));
#5873 = ADVANCED_FACE('',(#5874),#5885,.F.);
#5874 = FACE_BOUND('',#5875,.F.);
#5875 = EDGE_LOOP('',(#5876,#5877,#5878,#5884));
#5876 = ORIENTED_EDGE('',*,*,#3891,.T.);
#5877 = ORIENTED_EDGE('',*,*,#5863,.T.);
#5878 = ORIENTED_EDGE('',*,*,#5879,.T.);
#5879 = EDGE_CURVE('',#5856,#5800,#5880,.T.);
#5880 = LINE('',#5881,#5882);
#5881 = CARTESIAN_POINT('',(-0.32,-9.84,7.8));
#5882 = VECTOR('',#5883,1.);
#5883 = DIRECTION('',(0.,-1.,0.));
#5884 = ORIENTED_EDGE('',*,*,#5799,.F.);
#5885 = PLANE('',#5886);
#5886 = AXIS2_PLACEMENT_3D('',#5887,#5888,#5889);
#5887 = CARTESIAN_POINT('',(-0.32,-9.84,-3.));
#5888 = DIRECTION('',(1.,0.,0.));
#5889 = DIRECTION('',(0.,-1.,0.));
#5890 = ADVANCED_FACE('',(#5891),#5916,.F.);
#5891 = FACE_BOUND('',#5892,.F.);
#5892 = EDGE_LOOP('',(#5893,#5894,#5902,#5910));
#5893 = ORIENTED_EDGE('',*,*,#3915,.T.);
#5894 = ORIENTED_EDGE('',*,*,#5895,.T.);
#5895 = EDGE_CURVE('',#3918,#5896,#5898,.T.);
#5896 = VERTEX_POINT('',#5897);
#5897 = CARTESIAN_POINT('',(2.22,-10.48,7.8));
#5898 = LINE('',#5899,#5900);
#5899 = CARTESIAN_POINT('',(2.22,-10.48,-3.));
#5900 = VECTOR('',#5901,1.);
#5901 = DIRECTION('',(0.,0.,1.));
#5902 = ORIENTED_EDGE('',*,*,#5903,.T.);
#5903 = EDGE_CURVE('',#5896,#5904,#5906,.T.);
#5904 = VERTEX_POINT('',#5905);
#5905 = CARTESIAN_POINT('',(2.86,-10.48,7.8));
#5906 = LINE('',#5907,#5908);
#5907 = CARTESIAN_POINT('',(2.22,-10.48,7.8));
#5908 = VECTOR('',#5909,1.);
#5909 = DIRECTION('',(1.,0.,0.));
#5910 = ORIENTED_EDGE('',*,*,#5911,.F.);
#5911 = EDGE_CURVE('',#3916,#5904,#5912,.T.);
#5912 = LINE('',#5913,#5914);
#5913 = CARTESIAN_POINT('',(2.86,-10.48,-3.));
#5914 = VECTOR('',#5915,1.);
#5915 = DIRECTION('',(0.,0.,1.));
#5916 = PLANE('',#5917);
#5917 = AXIS2_PLACEMENT_3D('',#5918,#5919,#5920);
#5918 = CARTESIAN_POINT('',(2.22,-10.48,-3.));
#5919 = DIRECTION('',(0.,1.,0.));
#5920 = DIRECTION('',(1.,0.,0.));
#5921 = ADVANCED_FACE('',(#5922),#5940,.F.);
#5922 = FACE_BOUND('',#5923,.F.);
#5923 = EDGE_LOOP('',(#5924,#5925,#5926,#5934));
#5924 = ORIENTED_EDGE('',*,*,#3941,.T.);
#5925 = ORIENTED_EDGE('',*,*,#5911,.T.);
#5926 = ORIENTED_EDGE('',*,*,#5927,.T.);
#5927 = EDGE_CURVE('',#5904,#5928,#5930,.T.);
#5928 = VERTEX_POINT('',#5929);
#5929 = CARTESIAN_POINT('',(2.86,-9.84,7.8));
#5930 = LINE('',#5931,#5932);
#5931 = CARTESIAN_POINT('',(2.86,-10.48,7.8));
#5932 = VECTOR('',#5933,1.);
#5933 = DIRECTION('',(0.,1.,0.));
#5934 = ORIENTED_EDGE('',*,*,#5935,.F.);
#5935 = EDGE_CURVE('',#3934,#5928,#5936,.T.);
#5936 = LINE('',#5937,#5938);
#5937 = CARTESIAN_POINT('',(2.86,-9.84,-3.));
#5938 = VECTOR('',#5939,1.);
#5939 = DIRECTION('',(0.,0.,1.));
#5940 = PLANE('',#5941);
#5941 = AXIS2_PLACEMENT_3D('',#5942,#5943,#5944);
#5942 = CARTESIAN_POINT('',(2.86,-10.48,-3.));
#5943 = DIRECTION('',(-1.,0.,0.));
#5944 = DIRECTION('',(0.,1.,0.));
#5945 = ADVANCED_FACE('',(#5946),#5964,.F.);
#5946 = FACE_BOUND('',#5947,.F.);
#5947 = EDGE_LOOP('',(#5948,#5949,#5950,#5958));
#5948 = ORIENTED_EDGE('',*,*,#3933,.T.);
#5949 = ORIENTED_EDGE('',*,*,#5935,.T.);
#5950 = ORIENTED_EDGE('',*,*,#5951,.T.);
#5951 = EDGE_CURVE('',#5928,#5952,#5954,.T.);
#5952 = VERTEX_POINT('',#5953);
#5953 = CARTESIAN_POINT('',(2.22,-9.84,7.8));
#5954 = LINE('',#5955,#5956);
#5955 = CARTESIAN_POINT('',(2.86,-9.84,7.8));
#5956 = VECTOR('',#5957,1.);
#5957 = DIRECTION('',(-1.,0.,0.));
#5958 = ORIENTED_EDGE('',*,*,#5959,.F.);
#5959 = EDGE_CURVE('',#3926,#5952,#5960,.T.);
#5960 = LINE('',#5961,#5962);
#5961 = CARTESIAN_POINT('',(2.22,-9.84,-3.));
#5962 = VECTOR('',#5963,1.);
#5963 = DIRECTION('',(0.,0.,1.));
#5964 = PLANE('',#5965);
#5965 = AXIS2_PLACEMENT_3D('',#5966,#5967,#5968);
#5966 = CARTESIAN_POINT('',(2.86,-9.84,-3.));
#5967 = DIRECTION('',(0.,-1.,0.));
#5968 = DIRECTION('',(-1.,0.,0.));
#5969 = ADVANCED_FACE('',(#5970),#5981,.F.);
#5970 = FACE_BOUND('',#5971,.F.);
#5971 = EDGE_LOOP('',(#5972,#5973,#5974,#5980));
#5972 = ORIENTED_EDGE('',*,*,#3925,.T.);
#5973 = ORIENTED_EDGE('',*,*,#5959,.T.);
#5974 = ORIENTED_EDGE('',*,*,#5975,.T.);
#5975 = EDGE_CURVE('',#5952,#5896,#5976,.T.);
#5976 = LINE('',#5977,#5978);
#5977 = CARTESIAN_POINT('',(2.22,-9.84,7.8));
#5978 = VECTOR('',#5979,1.);
#5979 = DIRECTION('',(0.,-1.,0.));
#5980 = ORIENTED_EDGE('',*,*,#5895,.F.);
#5981 = PLANE('',#5982);
#5982 = AXIS2_PLACEMENT_3D('',#5983,#5984,#5985);
#5983 = CARTESIAN_POINT('',(2.22,-9.84,-3.));
#5984 = DIRECTION('',(1.,0.,0.));
#5985 = DIRECTION('',(0.,-1.,0.));
#5986 = ADVANCED_FACE('',(#5987),#6012,.F.);
#5987 = FACE_BOUND('',#5988,.F.);
#5988 = EDGE_LOOP('',(#5989,#5990,#5998,#6006));
#5989 = ORIENTED_EDGE('',*,*,#3949,.T.);
#5990 = ORIENTED_EDGE('',*,*,#5991,.T.);
#5991 = EDGE_CURVE('',#3952,#5992,#5994,.T.);
#5992 = VERTEX_POINT('',#5993);
#5993 = CARTESIAN_POINT('',(0.32,0.32,7.8));
#5994 = LINE('',#5995,#5996);
#5995 = CARTESIAN_POINT('',(0.32,0.32,-3.));
#5996 = VECTOR('',#5997,1.);
#5997 = DIRECTION('',(0.,0.,1.));
#5998 = ORIENTED_EDGE('',*,*,#5999,.T.);
#5999 = EDGE_CURVE('',#5992,#6000,#6002,.T.);
#6000 = VERTEX_POINT('',#6001);
#6001 = CARTESIAN_POINT('',(-0.32,0.32,7.8));
#6002 = LINE('',#6003,#6004);
#6003 = CARTESIAN_POINT('',(0.32,0.32,7.8));
#6004 = VECTOR('',#6005,1.);
#6005 = DIRECTION('',(-1.,0.,0.));
#6006 = ORIENTED_EDGE('',*,*,#6007,.F.);
#6007 = EDGE_CURVE('',#3950,#6000,#6008,.T.);
#6008 = LINE('',#6009,#6010);
#6009 = CARTESIAN_POINT('',(-0.32,0.32,-3.));
#6010 = VECTOR('',#6011,1.);
#6011 = DIRECTION('',(0.,0.,1.));
#6012 = PLANE('',#6013);
#6013 = AXIS2_PLACEMENT_3D('',#6014,#6015,#6016);
#6014 = CARTESIAN_POINT('',(0.32,0.32,-3.));
#6015 = DIRECTION('',(0.,-1.,0.));
#6016 = DIRECTION('',(-1.,0.,0.));
#6017 = ADVANCED_FACE('',(#6018),#6036,.F.);
#6018 = FACE_BOUND('',#6019,.F.);
#6019 = EDGE_LOOP('',(#6020,#6021,#6022,#6030));
#6020 = ORIENTED_EDGE('',*,*,#3975,.T.);
#6021 = ORIENTED_EDGE('',*,*,#6007,.T.);
#6022 = ORIENTED_EDGE('',*,*,#6023,.T.);
#6023 = EDGE_CURVE('',#6000,#6024,#6026,.T.);
#6024 = VERTEX_POINT('',#6025);
#6025 = CARTESIAN_POINT('',(-0.32,-0.32,7.8));
#6026 = LINE('',#6027,#6028);
#6027 = CARTESIAN_POINT('',(-0.32,0.32,7.8));
#6028 = VECTOR('',#6029,1.);
#6029 = DIRECTION('',(0.,-1.,0.));
#6030 = ORIENTED_EDGE('',*,*,#6031,.F.);
#6031 = EDGE_CURVE('',#3968,#6024,#6032,.T.);
#6032 = LINE('',#6033,#6034);
#6033 = CARTESIAN_POINT('',(-0.32,-0.32,-3.));
#6034 = VECTOR('',#6035,1.);
#6035 = DIRECTION('',(0.,0.,1.));
#6036 = PLANE('',#6037);
#6037 = AXIS2_PLACEMENT_3D('',#6038,#6039,#6040);
#6038 = CARTESIAN_POINT('',(-0.32,0.32,-3.));
#6039 = DIRECTION('',(1.,0.,0.));
#6040 = DIRECTION('',(0.,-1.,0.));
#6041 = ADVANCED_FACE('',(#6042),#6060,.F.);
#6042 = FACE_BOUND('',#6043,.F.);
#6043 = EDGE_LOOP('',(#6044,#6045,#6046,#6054));
#6044 = ORIENTED_EDGE('',*,*,#3967,.T.);
#6045 = ORIENTED_EDGE('',*,*,#6031,.T.);
#6046 = ORIENTED_EDGE('',*,*,#6047,.T.);
#6047 = EDGE_CURVE('',#6024,#6048,#6050,.T.);
#6048 = VERTEX_POINT('',#6049);
#6049 = CARTESIAN_POINT('',(0.32,-0.32,7.8));
#6050 = LINE('',#6051,#6052);
#6051 = CARTESIAN_POINT('',(-0.32,-0.32,7.8));
#6052 = VECTOR('',#6053,1.);
#6053 = DIRECTION('',(1.,0.,0.));
#6054 = ORIENTED_EDGE('',*,*,#6055,.F.);
#6055 = EDGE_CURVE('',#3960,#6048,#6056,.T.);
#6056 = LINE('',#6057,#6058);
#6057 = CARTESIAN_POINT('',(0.32,-0.32,-3.));
#6058 = VECTOR('',#6059,1.);
#6059 = DIRECTION('',(0.,0.,1.));
#6060 = PLANE('',#6061);
#6061 = AXIS2_PLACEMENT_3D('',#6062,#6063,#6064);
#6062 = CARTESIAN_POINT('',(-0.32,-0.32,-3.));
#6063 = DIRECTION('',(0.,1.,0.));
#6064 = DIRECTION('',(1.,0.,0.));
#6065 = ADVANCED_FACE('',(#6066),#6077,.F.);
#6066 = FACE_BOUND('',#6067,.F.);
#6067 = EDGE_LOOP('',(#6068,#6069,#6070,#6076));
#6068 = ORIENTED_EDGE('',*,*,#3959,.T.);
#6069 = ORIENTED_EDGE('',*,*,#6055,.T.);
#6070 = ORIENTED_EDGE('',*,*,#6071,.T.);
#6071 = EDGE_CURVE('',#6048,#5992,#6072,.T.);
#6072 = LINE('',#6073,#6074);
#6073 = CARTESIAN_POINT('',(0.32,-0.32,7.8));
#6074 = VECTOR('',#6075,1.);
#6075 = DIRECTION('',(0.,1.,0.));
#6076 = ORIENTED_EDGE('',*,*,#5991,.F.);
#6077 = PLANE('',#6078);
#6078 = AXIS2_PLACEMENT_3D('',#6079,#6080,#6081);
#6079 = CARTESIAN_POINT('',(0.32,-0.32,-3.));
#6080 = DIRECTION('',(-1.,0.,0.));
#6081 = DIRECTION('',(0.,1.,0.));
#6082 = ADVANCED_FACE('',(#6083),#6108,.F.);
#6083 = FACE_BOUND('',#6084,.F.);
#6084 = EDGE_LOOP('',(#6085,#6086,#6094,#6102));
#6085 = ORIENTED_EDGE('',*,*,#3983,.T.);
#6086 = ORIENTED_EDGE('',*,*,#6087,.T.);
#6087 = EDGE_CURVE('',#3986,#6088,#6090,.T.);
#6088 = VERTEX_POINT('',#6089);
#6089 = CARTESIAN_POINT('',(2.86,0.32,7.8));
#6090 = LINE('',#6091,#6092);
#6091 = CARTESIAN_POINT('',(2.86,0.32,-3.));
#6092 = VECTOR('',#6093,1.);
#6093 = DIRECTION('',(0.,0.,1.));
#6094 = ORIENTED_EDGE('',*,*,#6095,.T.);
#6095 = EDGE_CURVE('',#6088,#6096,#6098,.T.);
#6096 = VERTEX_POINT('',#6097);
#6097 = CARTESIAN_POINT('',(2.22,0.32,7.8));
#6098 = LINE('',#6099,#6100);
#6099 = CARTESIAN_POINT('',(2.86,0.32,7.8));
#6100 = VECTOR('',#6101,1.);
#6101 = DIRECTION('',(-1.,0.,0.));
#6102 = ORIENTED_EDGE('',*,*,#6103,.F.);
#6103 = EDGE_CURVE('',#3984,#6096,#6104,.T.);
#6104 = LINE('',#6105,#6106);
#6105 = CARTESIAN_POINT('',(2.22,0.32,-3.));
#6106 = VECTOR('',#6107,1.);
#6107 = DIRECTION('',(0.,0.,1.));
#6108 = PLANE('',#6109);
#6109 = AXIS2_PLACEMENT_3D('',#6110,#6111,#6112);
#6110 = CARTESIAN_POINT('',(2.86,0.32,-3.));
#6111 = DIRECTION('',(0.,-1.,0.));
#6112 = DIRECTION('',(-1.,0.,0.));
#6113 = ADVANCED_FACE('',(#6114),#6132,.F.);
#6114 = FACE_BOUND('',#6115,.F.);
#6115 = EDGE_LOOP('',(#6116,#6117,#6118,#6126));
#6116 = ORIENTED_EDGE('',*,*,#4009,.T.);
#6117 = ORIENTED_EDGE('',*,*,#6103,.T.);
#6118 = ORIENTED_EDGE('',*,*,#6119,.T.);
#6119 = EDGE_CURVE('',#6096,#6120,#6122,.T.);
#6120 = VERTEX_POINT('',#6121);
#6121 = CARTESIAN_POINT('',(2.22,-0.32,7.8));
#6122 = LINE('',#6123,#6124);
#6123 = CARTESIAN_POINT('',(2.22,0.32,7.8));
#6124 = VECTOR('',#6125,1.);
#6125 = DIRECTION('',(0.,-1.,0.));
#6126 = ORIENTED_EDGE('',*,*,#6127,.F.);
#6127 = EDGE_CURVE('',#4002,#6120,#6128,.T.);
#6128 = LINE('',#6129,#6130);
#6129 = CARTESIAN_POINT('',(2.22,-0.32,-3.));
#6130 = VECTOR('',#6131,1.);
#6131 = DIRECTION('',(0.,0.,1.));
#6132 = PLANE('',#6133);
#6133 = AXIS2_PLACEMENT_3D('',#6134,#6135,#6136);
#6134 = CARTESIAN_POINT('',(2.22,0.32,-3.));
#6135 = DIRECTION('',(1.,0.,0.));
#6136 = DIRECTION('',(0.,-1.,0.));
#6137 = ADVANCED_FACE('',(#6138),#6156,.F.);
#6138 = FACE_BOUND('',#6139,.F.);
#6139 = EDGE_LOOP('',(#6140,#6141,#6142,#6150));
#6140 = ORIENTED_EDGE('',*,*,#4001,.T.);
#6141 = ORIENTED_EDGE('',*,*,#6127,.T.);
#6142 = ORIENTED_EDGE('',*,*,#6143,.T.);
#6143 = EDGE_CURVE('',#6120,#6144,#6146,.T.);
#6144 = VERTEX_POINT('',#6145);
#6145 = CARTESIAN_POINT('',(2.86,-0.32,7.8));
#6146 = LINE('',#6147,#6148);
#6147 = CARTESIAN_POINT('',(2.22,-0.32,7.8));
#6148 = VECTOR('',#6149,1.);
#6149 = DIRECTION('',(1.,0.,0.));
#6150 = ORIENTED_EDGE('',*,*,#6151,.F.);
#6151 = EDGE_CURVE('',#3994,#6144,#6152,.T.);
#6152 = LINE('',#6153,#6154);
#6153 = CARTESIAN_POINT('',(2.86,-0.32,-3.));
#6154 = VECTOR('',#6155,1.);
#6155 = DIRECTION('',(0.,0.,1.));
#6156 = PLANE('',#6157);
#6157 = AXIS2_PLACEMENT_3D('',#6158,#6159,#6160);
#6158 = CARTESIAN_POINT('',(2.22,-0.32,-3.));
#6159 = DIRECTION('',(0.,1.,0.));
#6160 = DIRECTION('',(1.,0.,0.));
#6161 = ADVANCED_FACE('',(#6162),#6173,.F.);
#6162 = FACE_BOUND('',#6163,.F.);
#6163 = EDGE_LOOP('',(#6164,#6165,#6166,#6172));
#6164 = ORIENTED_EDGE('',*,*,#3993,.T.);
#6165 = ORIENTED_EDGE('',*,*,#6151,.T.);
#6166 = ORIENTED_EDGE('',*,*,#6167,.T.);
#6167 = EDGE_CURVE('',#6144,#6088,#6168,.T.);
#6168 = LINE('',#6169,#6170);
#6169 = CARTESIAN_POINT('',(2.86,-0.32,7.8));
#6170 = VECTOR('',#6171,1.);
#6171 = DIRECTION('',(0.,1.,0.));
#6172 = ORIENTED_EDGE('',*,*,#6087,.F.);
#6173 = PLANE('',#6174);
#6174 = AXIS2_PLACEMENT_3D('',#6175,#6176,#6177);
#6175 = CARTESIAN_POINT('',(2.86,-0.32,-3.));
#6176 = DIRECTION('',(-1.,0.,0.));
#6177 = DIRECTION('',(0.,1.,0.));
#6178 = ADVANCED_FACE('',(#6179),#6204,.F.);
#6179 = FACE_BOUND('',#6180,.F.);
#6180 = EDGE_LOOP('',(#6181,#6182,#6190,#6198));
#6181 = ORIENTED_EDGE('',*,*,#4017,.T.);
#6182 = ORIENTED_EDGE('',*,*,#6183,.T.);
#6183 = EDGE_CURVE('',#4020,#6184,#6186,.T.);
#6184 = VERTEX_POINT('',#6185);
#6185 = CARTESIAN_POINT('',(2.22,-2.86,7.8));
#6186 = LINE('',#6187,#6188);
#6187 = CARTESIAN_POINT('',(2.22,-2.86,-3.));
#6188 = VECTOR('',#6189,1.);
#6189 = DIRECTION('',(0.,0.,1.));
#6190 = ORIENTED_EDGE('',*,*,#6191,.T.);
#6191 = EDGE_CURVE('',#6184,#6192,#6194,.T.);
#6192 = VERTEX_POINT('',#6193);
#6193 = CARTESIAN_POINT('',(2.86,-2.86,7.8));
#6194 = LINE('',#6195,#6196);
#6195 = CARTESIAN_POINT('',(2.22,-2.86,7.8));
#6196 = VECTOR('',#6197,1.);
#6197 = DIRECTION('',(1.,0.,0.));
#6198 = ORIENTED_EDGE('',*,*,#6199,.F.);
#6199 = EDGE_CURVE('',#4018,#6192,#6200,.T.);
#6200 = LINE('',#6201,#6202);
#6201 = CARTESIAN_POINT('',(2.86,-2.86,-3.));
#6202 = VECTOR('',#6203,1.);
#6203 = DIRECTION('',(0.,0.,1.));
#6204 = PLANE('',#6205);
#6205 = AXIS2_PLACEMENT_3D('',#6206,#6207,#6208);
#6206 = CARTESIAN_POINT('',(2.22,-2.86,-3.));
#6207 = DIRECTION('',(0.,1.,0.));
#6208 = DIRECTION('',(1.,0.,0.));
#6209 = ADVANCED_FACE('',(#6210),#6228,.F.);
#6210 = FACE_BOUND('',#6211,.F.);
#6211 = EDGE_LOOP('',(#6212,#6213,#6214,#6222));
#6212 = ORIENTED_EDGE('',*,*,#4043,.T.);
#6213 = ORIENTED_EDGE('',*,*,#6199,.T.);
#6214 = ORIENTED_EDGE('',*,*,#6215,.T.);
#6215 = EDGE_CURVE('',#6192,#6216,#6218,.T.);
#6216 = VERTEX_POINT('',#6217);
#6217 = CARTESIAN_POINT('',(2.86,-2.22,7.8));
#6218 = LINE('',#6219,#6220);
#6219 = CARTESIAN_POINT('',(2.86,-2.86,7.8));
#6220 = VECTOR('',#6221,1.);
#6221 = DIRECTION('',(0.,1.,0.));
#6222 = ORIENTED_EDGE('',*,*,#6223,.F.);
#6223 = EDGE_CURVE('',#4036,#6216,#6224,.T.);
#6224 = LINE('',#6225,#6226);
#6225 = CARTESIAN_POINT('',(2.86,-2.22,-3.));
#6226 = VECTOR('',#6227,1.);
#6227 = DIRECTION('',(0.,0.,1.));
#6228 = PLANE('',#6229);
#6229 = AXIS2_PLACEMENT_3D('',#6230,#6231,#6232);
#6230 = CARTESIAN_POINT('',(2.86,-2.86,-3.));
#6231 = DIRECTION('',(-1.,0.,0.));
#6232 = DIRECTION('',(0.,1.,0.));
#6233 = ADVANCED_FACE('',(#6234),#6252,.F.);
#6234 = FACE_BOUND('',#6235,.F.);
#6235 = EDGE_LOOP('',(#6236,#6237,#6238,#6246));
#6236 = ORIENTED_EDGE('',*,*,#4035,.T.);
#6237 = ORIENTED_EDGE('',*,*,#6223,.T.);
#6238 = ORIENTED_EDGE('',*,*,#6239,.T.);
#6239 = EDGE_CURVE('',#6216,#6240,#6242,.T.);
#6240 = VERTEX_POINT('',#6241);
#6241 = CARTESIAN_POINT('',(2.22,-2.22,7.8));
#6242 = LINE('',#6243,#6244);
#6243 = CARTESIAN_POINT('',(2.86,-2.22,7.8));
#6244 = VECTOR('',#6245,1.);
#6245 = DIRECTION('',(-1.,0.,0.));
#6246 = ORIENTED_EDGE('',*,*,#6247,.F.);
#6247 = EDGE_CURVE('',#4028,#6240,#6248,.T.);
#6248 = LINE('',#6249,#6250);
#6249 = CARTESIAN_POINT('',(2.22,-2.22,-3.));
#6250 = VECTOR('',#6251,1.);
#6251 = DIRECTION('',(0.,0.,1.));
#6252 = PLANE('',#6253);
#6253 = AXIS2_PLACEMENT_3D('',#6254,#6255,#6256);
#6254 = CARTESIAN_POINT('',(2.86,-2.22,-3.));
#6255 = DIRECTION('',(0.,-1.,0.));
#6256 = DIRECTION('',(-1.,0.,0.));
#6257 = ADVANCED_FACE('',(#6258),#6269,.F.);
#6258 = FACE_BOUND('',#6259,.F.);
#6259 = EDGE_LOOP('',(#6260,#6261,#6262,#6268));
#6260 = ORIENTED_EDGE('',*,*,#4027,.T.);
#6261 = ORIENTED_EDGE('',*,*,#6247,.T.);
#6262 = ORIENTED_EDGE('',*,*,#6263,.T.);
#6263 = EDGE_CURVE('',#6240,#6184,#6264,.T.);
#6264 = LINE('',#6265,#6266);
#6265 = CARTESIAN_POINT('',(2.22,-2.22,7.8));
#6266 = VECTOR('',#6267,1.);
#6267 = DIRECTION('',(0.,-1.,0.));
#6268 = ORIENTED_EDGE('',*,*,#6183,.F.);
#6269 = PLANE('',#6270);
#6270 = AXIS2_PLACEMENT_3D('',#6271,#6272,#6273);
#6271 = CARTESIAN_POINT('',(2.22,-2.22,-3.));
#6272 = DIRECTION('',(1.,0.,0.));
#6273 = DIRECTION('',(0.,-1.,0.));
#6274 = ADVANCED_FACE('',(#6275),#6300,.F.);
#6275 = FACE_BOUND('',#6276,.F.);
#6276 = EDGE_LOOP('',(#6277,#6278,#6286,#6294));
#6277 = ORIENTED_EDGE('',*,*,#4051,.T.);
#6278 = ORIENTED_EDGE('',*,*,#6279,.T.);
#6279 = EDGE_CURVE('',#4054,#6280,#6282,.T.);
#6280 = VERTEX_POINT('',#6281);
#6281 = CARTESIAN_POINT('',(-0.32,-2.22,7.8));
#6282 = LINE('',#6283,#6284);
#6283 = CARTESIAN_POINT('',(-0.32,-2.22,-3.));
#6284 = VECTOR('',#6285,1.);
#6285 = DIRECTION('',(0.,0.,1.));
#6286 = ORIENTED_EDGE('',*,*,#6287,.T.);
#6287 = EDGE_CURVE('',#6280,#6288,#6290,.T.);
#6288 = VERTEX_POINT('',#6289);
#6289 = CARTESIAN_POINT('',(-0.32,-2.86,7.8));
#6290 = LINE('',#6291,#6292);
#6291 = CARTESIAN_POINT('',(-0.32,-2.22,7.8));
#6292 = VECTOR('',#6293,1.);
#6293 = DIRECTION('',(0.,-1.,0.));
#6294 = ORIENTED_EDGE('',*,*,#6295,.F.);
#6295 = EDGE_CURVE('',#4052,#6288,#6296,.T.);
#6296 = LINE('',#6297,#6298);
#6297 = CARTESIAN_POINT('',(-0.32,-2.86,-3.));
#6298 = VECTOR('',#6299,1.);
#6299 = DIRECTION('',(0.,0.,1.));
#6300 = PLANE('',#6301);
#6301 = AXIS2_PLACEMENT_3D('',#6302,#6303,#6304);
#6302 = CARTESIAN_POINT('',(-0.32,-2.22,-3.));
#6303 = DIRECTION('',(1.,0.,0.));
#6304 = DIRECTION('',(0.,-1.,0.));
#6305 = ADVANCED_FACE('',(#6306),#6324,.F.);
#6306 = FACE_BOUND('',#6307,.F.);
#6307 = EDGE_LOOP('',(#6308,#6309,#6310,#6318));
#6308 = ORIENTED_EDGE('',*,*,#4077,.T.);
#6309 = ORIENTED_EDGE('',*,*,#6295,.T.);
#6310 = ORIENTED_EDGE('',*,*,#6311,.T.);
#6311 = EDGE_CURVE('',#6288,#6312,#6314,.T.);
#6312 = VERTEX_POINT('',#6313);
#6313 = CARTESIAN_POINT('',(0.32,-2.86,7.8));
#6314 = LINE('',#6315,#6316);
#6315 = CARTESIAN_POINT('',(-0.32,-2.86,7.8));
#6316 = VECTOR('',#6317,1.);
#6317 = DIRECTION('',(1.,0.,0.));
#6318 = ORIENTED_EDGE('',*,*,#6319,.F.);
#6319 = EDGE_CURVE('',#4070,#6312,#6320,.T.);
#6320 = LINE('',#6321,#6322);
#6321 = CARTESIAN_POINT('',(0.32,-2.86,-3.));
#6322 = VECTOR('',#6323,1.);
#6323 = DIRECTION('',(0.,0.,1.));
#6324 = PLANE('',#6325);
#6325 = AXIS2_PLACEMENT_3D('',#6326,#6327,#6328);
#6326 = CARTESIAN_POINT('',(-0.32,-2.86,-3.));
#6327 = DIRECTION('',(0.,1.,0.));
#6328 = DIRECTION('',(1.,0.,0.));
#6329 = ADVANCED_FACE('',(#6330),#6348,.F.);
#6330 = FACE_BOUND('',#6331,.F.);
#6331 = EDGE_LOOP('',(#6332,#6333,#6334,#6342));
#6332 = ORIENTED_EDGE('',*,*,#4069,.T.);
#6333 = ORIENTED_EDGE('',*,*,#6319,.T.);
#6334 = ORIENTED_EDGE('',*,*,#6335,.T.);
#6335 = EDGE_CURVE('',#6312,#6336,#6338,.T.);
#6336 = VERTEX_POINT('',#6337);
#6337 = CARTESIAN_POINT('',(0.32,-2.22,7.8));
#6338 = LINE('',#6339,#6340);
#6339 = CARTESIAN_POINT('',(0.32,-2.86,7.8));
#6340 = VECTOR('',#6341,1.);
#6341 = DIRECTION('',(0.,1.,0.));
#6342 = ORIENTED_EDGE('',*,*,#6343,.F.);
#6343 = EDGE_CURVE('',#4062,#6336,#6344,.T.);
#6344 = LINE('',#6345,#6346);
#6345 = CARTESIAN_POINT('',(0.32,-2.22,-3.));
#6346 = VECTOR('',#6347,1.);
#6347 = DIRECTION('',(0.,0.,1.));
#6348 = PLANE('',#6349);
#6349 = AXIS2_PLACEMENT_3D('',#6350,#6351,#6352);
#6350 = CARTESIAN_POINT('',(0.32,-2.86,-3.));
#6351 = DIRECTION('',(-1.,0.,0.));
#6352 = DIRECTION('',(0.,1.,0.));
#6353 = ADVANCED_FACE('',(#6354),#6365,.F.);
#6354 = FACE_BOUND('',#6355,.F.);
#6355 = EDGE_LOOP('',(#6356,#6357,#6358,#6364));
#6356 = ORIENTED_EDGE('',*,*,#4061,.T.);
#6357 = ORIENTED_EDGE('',*,*,#6343,.T.);
#6358 = ORIENTED_EDGE('',*,*,#6359,.T.);
#6359 = EDGE_CURVE('',#6336,#6280,#6360,.T.);
#6360 = LINE('',#6361,#6362);
#6361 = CARTESIAN_POINT('',(0.32,-2.22,7.8));
#6362 = VECTOR('',#6363,1.);
#6363 = DIRECTION('',(-1.,0.,0.));
#6364 = ORIENTED_EDGE('',*,*,#6279,.F.);
#6365 = PLANE('',#6366);
#6366 = AXIS2_PLACEMENT_3D('',#6367,#6368,#6369);
#6367 = CARTESIAN_POINT('',(0.32,-2.22,-3.));
#6368 = DIRECTION('',(0.,-1.,0.));
#6369 = DIRECTION('',(-1.,0.,0.));
#6370 = ADVANCED_FACE('',(#6371),#6396,.T.);
#6371 = FACE_BOUND('',#6372,.F.);
#6372 = EDGE_LOOP('',(#6373,#6381,#6382,#6390));
#6373 = ORIENTED_EDGE('',*,*,#6374,.F.);
#6374 = EDGE_CURVE('',#4272,#6375,#6377,.T.);
#6375 = VERTEX_POINT('',#6376);
#6376 = CARTESIAN_POINT('',(0.12,-10.04,-3.));
#6377 = LINE('',#6378,#6379);
#6378 = CARTESIAN_POINT('',(0.146666666667,-10.01333333333,
    -2.973333333333));
#6379 = VECTOR('',#6380,1.);
#6380 = DIRECTION('',(-0.57735026919,-0.57735026919,-0.57735026919));
#6381 = ORIENTED_EDGE('',*,*,#4271,.T.);
#6382 = ORIENTED_EDGE('',*,*,#6383,.T.);
#6383 = EDGE_CURVE('',#4274,#6384,#6386,.T.);
#6384 = VERTEX_POINT('',#6385);
#6385 = CARTESIAN_POINT('',(-0.12,-10.04,-3.));
#6386 = LINE('',#6387,#6388);
#6387 = CARTESIAN_POINT('',(-0.146666666667,-10.01333333333,
    -2.973333333333));
#6388 = VECTOR('',#6389,1.);
#6389 = DIRECTION('',(0.57735026919,-0.57735026919,-0.57735026919));
#6390 = ORIENTED_EDGE('',*,*,#6391,.F.);
#6391 = EDGE_CURVE('',#6375,#6384,#6392,.T.);
#6392 = LINE('',#6393,#6394);
#6393 = CARTESIAN_POINT('',(0.32,-10.04,-3.));
#6394 = VECTOR('',#6395,1.);
#6395 = DIRECTION('',(-1.,0.,0.));
#6396 = PLANE('',#6397);
#6397 = AXIS2_PLACEMENT_3D('',#6398,#6399,#6400);
#6398 = CARTESIAN_POINT('',(0.32,-9.94,-2.9));
#6399 = DIRECTION('',(-1.735417226644E-18,0.707106781187,-0.707106781187
    ));
#6400 = DIRECTION('',(1.,1.227125289148E-18,-1.227125289148E-18));
#6401 = ADVANCED_FACE('',(#6402),#6420,.T.);
#6402 = FACE_BOUND('',#6403,.F.);
#6403 = EDGE_LOOP('',(#6404,#6412,#6413,#6414));
#6404 = ORIENTED_EDGE('',*,*,#6405,.F.);
#6405 = EDGE_CURVE('',#4303,#6406,#6408,.T.);
#6406 = VERTEX_POINT('',#6407);
#6407 = CARTESIAN_POINT('',(0.12,-10.28,-3.));
#6408 = LINE('',#6409,#6410);
#6409 = CARTESIAN_POINT('',(0.146666666667,-10.30666666666,
    -2.973333333333));
#6410 = VECTOR('',#6411,1.);
#6411 = DIRECTION('',(-0.57735026919,0.57735026919,-0.57735026919));
#6412 = ORIENTED_EDGE('',*,*,#4302,.T.);
#6413 = ORIENTED_EDGE('',*,*,#6374,.T.);
#6414 = ORIENTED_EDGE('',*,*,#6415,.F.);
#6415 = EDGE_CURVE('',#6406,#6375,#6416,.T.);
#6416 = LINE('',#6417,#6418);
#6417 = CARTESIAN_POINT('',(0.12,-10.48,-3.));
#6418 = VECTOR('',#6419,1.);
#6419 = DIRECTION('',(0.,1.,0.));
#6420 = PLANE('',#6421);
#6421 = AXIS2_PLACEMENT_3D('',#6422,#6423,#6424);
#6422 = CARTESIAN_POINT('',(0.22,-10.48,-2.9));
#6423 = DIRECTION('',(0.707106781187,1.735417226644E-18,-0.707106781187)
  );
#6424 = DIRECTION('',(1.227125289148E-18,-1.,-1.227125289148E-18));
#6425 = ADVANCED_FACE('',(#6426),#6444,.T.);
#6426 = FACE_BOUND('',#6427,.F.);
#6427 = EDGE_LOOP('',(#6428,#6436,#6437,#6438));
#6428 = ORIENTED_EDGE('',*,*,#6429,.F.);
#6429 = EDGE_CURVE('',#4327,#6430,#6432,.T.);
#6430 = VERTEX_POINT('',#6431);
#6431 = CARTESIAN_POINT('',(-0.12,-10.28,-3.));
#6432 = LINE('',#6433,#6434);
#6433 = CARTESIAN_POINT('',(-0.146666666667,-10.30666666666,
    -2.973333333333));
#6434 = VECTOR('',#6435,1.);
#6435 = DIRECTION('',(0.57735026919,0.57735026919,-0.57735026919));
#6436 = ORIENTED_EDGE('',*,*,#4326,.T.);
#6437 = ORIENTED_EDGE('',*,*,#6405,.T.);
#6438 = ORIENTED_EDGE('',*,*,#6439,.F.);
#6439 = EDGE_CURVE('',#6430,#6406,#6440,.T.);
#6440 = LINE('',#6441,#6442);
#6441 = CARTESIAN_POINT('',(-0.32,-10.28,-3.));
#6442 = VECTOR('',#6443,1.);
#6443 = DIRECTION('',(1.,0.,0.));
#6444 = PLANE('',#6445);
#6445 = AXIS2_PLACEMENT_3D('',#6446,#6447,#6448);
#6446 = CARTESIAN_POINT('',(-0.32,-10.38,-2.9));
#6447 = DIRECTION('',(1.735417226644E-18,-0.707106781187,-0.707106781187
    ));
#6448 = DIRECTION('',(-1.,-1.227125289148E-18,-1.227125289148E-18));
#6449 = ADVANCED_FACE('',(#6450),#6461,.T.);
#6450 = FACE_BOUND('',#6451,.F.);
#6451 = EDGE_LOOP('',(#6452,#6453,#6454,#6455));
#6452 = ORIENTED_EDGE('',*,*,#6383,.F.);
#6453 = ORIENTED_EDGE('',*,*,#4350,.T.);
#6454 = ORIENTED_EDGE('',*,*,#6429,.T.);
#6455 = ORIENTED_EDGE('',*,*,#6456,.F.);
#6456 = EDGE_CURVE('',#6384,#6430,#6457,.T.);
#6457 = LINE('',#6458,#6459);
#6458 = CARTESIAN_POINT('',(-0.12,-9.84,-3.));
#6459 = VECTOR('',#6460,1.);
#6460 = DIRECTION('',(0.,-1.,0.));
#6461 = PLANE('',#6462);
#6462 = AXIS2_PLACEMENT_3D('',#6463,#6464,#6465);
#6463 = CARTESIAN_POINT('',(-0.22,-9.84,-2.9));
#6464 = DIRECTION('',(-0.707106781187,-1.735417226644E-18,
    -0.707106781187));
#6465 = DIRECTION('',(-1.227125289148E-18,1.,-1.227125289148E-18));
#6466 = ADVANCED_FACE('',(#6467),#6470,.F.);
#6467 = FACE_BOUND('',#6468,.F.);
#6468 = EDGE_LOOP('',(#6469));
#6469 = ORIENTED_EDGE('',*,*,#4376,.T.);
#6470 = PLANE('',#6471);
#6471 = AXIS2_PLACEMENT_3D('',#6472,#6473,#6474);
#6472 = CARTESIAN_POINT('',(-1.58,-12.76,0.));
#6473 = DIRECTION('',(0.,0.,1.));
#6474 = DIRECTION('',(1.,0.,-0.));
#6475 = ADVANCED_FACE('',(#6476),#6501,.T.);
#6476 = FACE_BOUND('',#6477,.F.);
#6477 = EDGE_LOOP('',(#6478,#6486,#6487,#6495));
#6478 = ORIENTED_EDGE('',*,*,#6479,.F.);
#6479 = EDGE_CURVE('',#4393,#6480,#6482,.T.);
#6480 = VERTEX_POINT('',#6481);
#6481 = CARTESIAN_POINT('',(2.42,-4.96,-3.));
#6482 = LINE('',#6483,#6484);
#6483 = CARTESIAN_POINT('',(2.393333333333,-4.933333333333,
    -2.973333333333));
#6484 = VECTOR('',#6485,1.);
#6485 = DIRECTION('',(0.57735026919,-0.57735026919,-0.57735026919));
#6486 = ORIENTED_EDGE('',*,*,#4392,.T.);
#6487 = ORIENTED_EDGE('',*,*,#6488,.T.);
#6488 = EDGE_CURVE('',#4395,#6489,#6491,.T.);
#6489 = VERTEX_POINT('',#6490);
#6490 = CARTESIAN_POINT('',(2.42,-5.2,-3.));
#6491 = LINE('',#6492,#6493);
#6492 = CARTESIAN_POINT('',(2.393333333333,-5.226666666667,
    -2.973333333333));
#6493 = VECTOR('',#6494,1.);
#6494 = DIRECTION('',(0.57735026919,0.57735026919,-0.57735026919));
#6495 = ORIENTED_EDGE('',*,*,#6496,.F.);
#6496 = EDGE_CURVE('',#6480,#6489,#6497,.T.);
#6497 = LINE('',#6498,#6499);
#6498 = CARTESIAN_POINT('',(2.42,-4.76,-3.));
#6499 = VECTOR('',#6500,1.);
#6500 = DIRECTION('',(0.,-1.,0.));
#6501 = PLANE('',#6502);
#6502 = AXIS2_PLACEMENT_3D('',#6503,#6504,#6505);
#6503 = CARTESIAN_POINT('',(2.32,-4.76,-2.9));
#6504 = DIRECTION('',(-0.707106781187,-1.735417226644E-18,
    -0.707106781187));
#6505 = DIRECTION('',(-1.227125289148E-18,1.,-1.227125289148E-18));
#6506 = ADVANCED_FACE('',(#6507),#6525,.T.);
#6507 = FACE_BOUND('',#6508,.F.);
#6508 = EDGE_LOOP('',(#6509,#6517,#6518,#6519));
#6509 = ORIENTED_EDGE('',*,*,#6510,.F.);
#6510 = EDGE_CURVE('',#4424,#6511,#6513,.T.);
#6511 = VERTEX_POINT('',#6512);
#6512 = CARTESIAN_POINT('',(2.66,-4.96,-3.));
#6513 = LINE('',#6514,#6515);
#6514 = CARTESIAN_POINT('',(2.686666666667,-4.933333333333,
    -2.973333333333));
#6515 = VECTOR('',#6516,1.);
#6516 = DIRECTION('',(-0.57735026919,-0.57735026919,-0.57735026919));
#6517 = ORIENTED_EDGE('',*,*,#4423,.T.);
#6518 = ORIENTED_EDGE('',*,*,#6479,.T.);
#6519 = ORIENTED_EDGE('',*,*,#6520,.F.);
#6520 = EDGE_CURVE('',#6511,#6480,#6521,.T.);
#6521 = LINE('',#6522,#6523);
#6522 = CARTESIAN_POINT('',(2.86,-4.96,-3.));
#6523 = VECTOR('',#6524,1.);
#6524 = DIRECTION('',(-1.,0.,0.));
#6525 = PLANE('',#6526);
#6526 = AXIS2_PLACEMENT_3D('',#6527,#6528,#6529);
#6527 = CARTESIAN_POINT('',(2.86,-4.86,-2.9));
#6528 = DIRECTION('',(-1.735417226644E-18,0.707106781187,-0.707106781187
    ));
#6529 = DIRECTION('',(1.,1.227125289148E-18,-1.227125289148E-18));
#6530 = ADVANCED_FACE('',(#6531),#6549,.T.);
#6531 = FACE_BOUND('',#6532,.F.);
#6532 = EDGE_LOOP('',(#6533,#6541,#6542,#6543));
#6533 = ORIENTED_EDGE('',*,*,#6534,.F.);
#6534 = EDGE_CURVE('',#4448,#6535,#6537,.T.);
#6535 = VERTEX_POINT('',#6536);
#6536 = CARTESIAN_POINT('',(2.66,-5.2,-3.));
#6537 = LINE('',#6538,#6539);
#6538 = CARTESIAN_POINT('',(2.686666666667,-5.226666666667,
    -2.973333333333));
#6539 = VECTOR('',#6540,1.);
#6540 = DIRECTION('',(-0.57735026919,0.57735026919,-0.57735026919));
#6541 = ORIENTED_EDGE('',*,*,#4447,.T.);
#6542 = ORIENTED_EDGE('',*,*,#6510,.T.);
#6543 = ORIENTED_EDGE('',*,*,#6544,.F.);
#6544 = EDGE_CURVE('',#6535,#6511,#6545,.T.);
#6545 = LINE('',#6546,#6547);
#6546 = CARTESIAN_POINT('',(2.66,-5.4,-3.));
#6547 = VECTOR('',#6548,1.);
#6548 = DIRECTION('',(0.,1.,0.));
#6549 = PLANE('',#6550);
#6550 = AXIS2_PLACEMENT_3D('',#6551,#6552,#6553);
#6551 = CARTESIAN_POINT('',(2.76,-5.4,-2.9));
#6552 = DIRECTION('',(0.707106781187,1.735417226644E-18,-0.707106781187)
  );
#6553 = DIRECTION('',(1.227125289148E-18,-1.,-1.227125289148E-18));
#6554 = ADVANCED_FACE('',(#6555),#6566,.T.);
#6555 = FACE_BOUND('',#6556,.F.);
#6556 = EDGE_LOOP('',(#6557,#6558,#6559,#6560));
#6557 = ORIENTED_EDGE('',*,*,#6488,.F.);
#6558 = ORIENTED_EDGE('',*,*,#4471,.T.);
#6559 = ORIENTED_EDGE('',*,*,#6534,.T.);
#6560 = ORIENTED_EDGE('',*,*,#6561,.F.);
#6561 = EDGE_CURVE('',#6489,#6535,#6562,.T.);
#6562 = LINE('',#6563,#6564);
#6563 = CARTESIAN_POINT('',(2.22,-5.2,-3.));
#6564 = VECTOR('',#6565,1.);
#6565 = DIRECTION('',(1.,0.,0.));
#6566 = PLANE('',#6567);
#6567 = AXIS2_PLACEMENT_3D('',#6568,#6569,#6570);
#6568 = CARTESIAN_POINT('',(2.22,-5.3,-2.9));
#6569 = DIRECTION('',(1.735417226644E-18,-0.707106781187,-0.707106781187
    ));
#6570 = DIRECTION('',(-1.,-1.227125289148E-18,-1.227125289148E-18));
#6571 = ADVANCED_FACE('',(#6572),#6597,.T.);
#6572 = FACE_BOUND('',#6573,.F.);
#6573 = EDGE_LOOP('',(#6574,#6582,#6583,#6591));
#6574 = ORIENTED_EDGE('',*,*,#6575,.F.);
#6575 = EDGE_CURVE('',#4489,#6576,#6578,.T.);
#6576 = VERTEX_POINT('',#6577);
#6577 = CARTESIAN_POINT('',(2.66,-7.5,-3.));
#6578 = LINE('',#6579,#6580);
#6579 = CARTESIAN_POINT('',(2.686666666667,-7.473333333333,
    -2.973333333333));
#6580 = VECTOR('',#6581,1.);
#6581 = DIRECTION('',(-0.57735026919,-0.57735026919,-0.57735026919));
#6582 = ORIENTED_EDGE('',*,*,#4488,.T.);
#6583 = ORIENTED_EDGE('',*,*,#6584,.T.);
#6584 = EDGE_CURVE('',#4491,#6585,#6587,.T.);
#6585 = VERTEX_POINT('',#6586);
#6586 = CARTESIAN_POINT('',(2.42,-7.5,-3.));
#6587 = LINE('',#6588,#6589);
#6588 = CARTESIAN_POINT('',(2.393333333333,-7.473333333333,
    -2.973333333333));
#6589 = VECTOR('',#6590,1.);
#6590 = DIRECTION('',(0.57735026919,-0.57735026919,-0.57735026919));
#6591 = ORIENTED_EDGE('',*,*,#6592,.F.);
#6592 = EDGE_CURVE('',#6576,#6585,#6593,.T.);
#6593 = LINE('',#6594,#6595);
#6594 = CARTESIAN_POINT('',(2.86,-7.5,-3.));
#6595 = VECTOR('',#6596,1.);
#6596 = DIRECTION('',(-1.,0.,0.));
#6597 = PLANE('',#6598);
#6598 = AXIS2_PLACEMENT_3D('',#6599,#6600,#6601);
#6599 = CARTESIAN_POINT('',(2.86,-7.4,-2.9));
#6600 = DIRECTION('',(-1.735417226644E-18,0.707106781187,-0.707106781187
    ));
#6601 = DIRECTION('',(1.,1.227125289148E-18,-1.227125289148E-18));
#6602 = ADVANCED_FACE('',(#6603),#6621,.T.);
#6603 = FACE_BOUND('',#6604,.F.);
#6604 = EDGE_LOOP('',(#6605,#6613,#6614,#6615));
#6605 = ORIENTED_EDGE('',*,*,#6606,.F.);
#6606 = EDGE_CURVE('',#4520,#6607,#6609,.T.);
#6607 = VERTEX_POINT('',#6608);
#6608 = CARTESIAN_POINT('',(2.66,-7.74,-3.));
#6609 = LINE('',#6610,#6611);
#6610 = CARTESIAN_POINT('',(2.686666666667,-7.766666666667,
    -2.973333333333));
#6611 = VECTOR('',#6612,1.);
#6612 = DIRECTION('',(-0.57735026919,0.57735026919,-0.57735026919));
#6613 = ORIENTED_EDGE('',*,*,#4519,.T.);
#6614 = ORIENTED_EDGE('',*,*,#6575,.T.);
#6615 = ORIENTED_EDGE('',*,*,#6616,.F.);
#6616 = EDGE_CURVE('',#6607,#6576,#6617,.T.);
#6617 = LINE('',#6618,#6619);
#6618 = CARTESIAN_POINT('',(2.66,-7.94,-3.));
#6619 = VECTOR('',#6620,1.);
#6620 = DIRECTION('',(0.,1.,0.));
#6621 = PLANE('',#6622);
#6622 = AXIS2_PLACEMENT_3D('',#6623,#6624,#6625);
#6623 = CARTESIAN_POINT('',(2.76,-7.94,-2.9));
#6624 = DIRECTION('',(0.707106781187,1.735417226644E-18,-0.707106781187)
  );
#6625 = DIRECTION('',(1.227125289148E-18,-1.,-1.227125289148E-18));
#6626 = ADVANCED_FACE('',(#6627),#6645,.T.);
#6627 = FACE_BOUND('',#6628,.F.);
#6628 = EDGE_LOOP('',(#6629,#6637,#6638,#6639));
#6629 = ORIENTED_EDGE('',*,*,#6630,.F.);
#6630 = EDGE_CURVE('',#4544,#6631,#6633,.T.);
#6631 = VERTEX_POINT('',#6632);
#6632 = CARTESIAN_POINT('',(2.42,-7.74,-3.));
#6633 = LINE('',#6634,#6635);
#6634 = CARTESIAN_POINT('',(2.393333333333,-7.766666666667,
    -2.973333333333));
#6635 = VECTOR('',#6636,1.);
#6636 = DIRECTION('',(0.57735026919,0.57735026919,-0.57735026919));
#6637 = ORIENTED_EDGE('',*,*,#4543,.T.);
#6638 = ORIENTED_EDGE('',*,*,#6606,.T.);
#6639 = ORIENTED_EDGE('',*,*,#6640,.F.);
#6640 = EDGE_CURVE('',#6631,#6607,#6641,.T.);
#6641 = LINE('',#6642,#6643);
#6642 = CARTESIAN_POINT('',(2.22,-7.74,-3.));
#6643 = VECTOR('',#6644,1.);
#6644 = DIRECTION('',(1.,0.,0.));
#6645 = PLANE('',#6646);
#6646 = AXIS2_PLACEMENT_3D('',#6647,#6648,#6649);
#6647 = CARTESIAN_POINT('',(2.22,-7.84,-2.9));
#6648 = DIRECTION('',(1.735417226644E-18,-0.707106781187,-0.707106781187
    ));
#6649 = DIRECTION('',(-1.,-1.227125289148E-18,-1.227125289148E-18));
#6650 = ADVANCED_FACE('',(#6651),#6662,.T.);
#6651 = FACE_BOUND('',#6652,.F.);
#6652 = EDGE_LOOP('',(#6653,#6654,#6655,#6656));
#6653 = ORIENTED_EDGE('',*,*,#6584,.F.);
#6654 = ORIENTED_EDGE('',*,*,#4567,.T.);
#6655 = ORIENTED_EDGE('',*,*,#6630,.T.);
#6656 = ORIENTED_EDGE('',*,*,#6657,.F.);
#6657 = EDGE_CURVE('',#6585,#6631,#6658,.T.);
#6658 = LINE('',#6659,#6660);
#6659 = CARTESIAN_POINT('',(2.42,-7.3,-3.));
#6660 = VECTOR('',#6661,1.);
#6661 = DIRECTION('',(0.,-1.,0.));
#6662 = PLANE('',#6663);
#6663 = AXIS2_PLACEMENT_3D('',#6664,#6665,#6666);
#6664 = CARTESIAN_POINT('',(2.32,-7.3,-2.9));
#6665 = DIRECTION('',(-0.707106781187,-1.735417226644E-18,
    -0.707106781187));
#6666 = DIRECTION('',(-1.227125289148E-18,1.,-1.227125289148E-18));
#6667 = ADVANCED_FACE('',(#6668),#6693,.T.);
#6668 = FACE_BOUND('',#6669,.F.);
#6669 = EDGE_LOOP('',(#6670,#6678,#6679,#6687));
#6670 = ORIENTED_EDGE('',*,*,#6671,.F.);
#6671 = EDGE_CURVE('',#4585,#6672,#6674,.T.);
#6672 = VERTEX_POINT('',#6673);
#6673 = CARTESIAN_POINT('',(2.66,-10.04,-3.));
#6674 = LINE('',#6675,#6676);
#6675 = CARTESIAN_POINT('',(2.686666666667,-10.01333333333,
    -2.973333333333));
#6676 = VECTOR('',#6677,1.);
#6677 = DIRECTION('',(-0.57735026919,-0.57735026919,-0.57735026919));
#6678 = ORIENTED_EDGE('',*,*,#4584,.T.);
#6679 = ORIENTED_EDGE('',*,*,#6680,.T.);
#6680 = EDGE_CURVE('',#4587,#6681,#6683,.T.);
#6681 = VERTEX_POINT('',#6682);
#6682 = CARTESIAN_POINT('',(2.42,-10.04,-3.));
#6683 = LINE('',#6684,#6685);
#6684 = CARTESIAN_POINT('',(2.393333333333,-10.01333333333,
    -2.973333333333));
#6685 = VECTOR('',#6686,1.);
#6686 = DIRECTION('',(0.57735026919,-0.57735026919,-0.57735026919));
#6687 = ORIENTED_EDGE('',*,*,#6688,.F.);
#6688 = EDGE_CURVE('',#6672,#6681,#6689,.T.);
#6689 = LINE('',#6690,#6691);
#6690 = CARTESIAN_POINT('',(2.86,-10.04,-3.));
#6691 = VECTOR('',#6692,1.);
#6692 = DIRECTION('',(-1.,0.,0.));
#6693 = PLANE('',#6694);
#6694 = AXIS2_PLACEMENT_3D('',#6695,#6696,#6697);
#6695 = CARTESIAN_POINT('',(2.86,-9.94,-2.9));
#6696 = DIRECTION('',(-1.735417226644E-18,0.707106781187,-0.707106781187
    ));
#6697 = DIRECTION('',(1.,1.227125289148E-18,-1.227125289148E-18));
#6698 = ADVANCED_FACE('',(#6699),#6717,.T.);
#6699 = FACE_BOUND('',#6700,.F.);
#6700 = EDGE_LOOP('',(#6701,#6709,#6710,#6711));
#6701 = ORIENTED_EDGE('',*,*,#6702,.F.);
#6702 = EDGE_CURVE('',#4616,#6703,#6705,.T.);
#6703 = VERTEX_POINT('',#6704);
#6704 = CARTESIAN_POINT('',(2.66,-10.28,-3.));
#6705 = LINE('',#6706,#6707);
#6706 = CARTESIAN_POINT('',(2.686666666667,-10.30666666666,
    -2.973333333333));
#6707 = VECTOR('',#6708,1.);
#6708 = DIRECTION('',(-0.57735026919,0.57735026919,-0.57735026919));
#6709 = ORIENTED_EDGE('',*,*,#4615,.T.);
#6710 = ORIENTED_EDGE('',*,*,#6671,.T.);
#6711 = ORIENTED_EDGE('',*,*,#6712,.F.);
#6712 = EDGE_CURVE('',#6703,#6672,#6713,.T.);
#6713 = LINE('',#6714,#6715);
#6714 = CARTESIAN_POINT('',(2.66,-10.48,-3.));
#6715 = VECTOR('',#6716,1.);
#6716 = DIRECTION('',(0.,1.,0.));
#6717 = PLANE('',#6718);
#6718 = AXIS2_PLACEMENT_3D('',#6719,#6720,#6721);
#6719 = CARTESIAN_POINT('',(2.76,-10.48,-2.9));
#6720 = DIRECTION('',(0.707106781187,1.735417226644E-18,-0.707106781187)
  );
#6721 = DIRECTION('',(1.227125289148E-18,-1.,-1.227125289148E-18));
#6722 = ADVANCED_FACE('',(#6723),#6741,.T.);
#6723 = FACE_BOUND('',#6724,.F.);
#6724 = EDGE_LOOP('',(#6725,#6733,#6734,#6735));
#6725 = ORIENTED_EDGE('',*,*,#6726,.F.);
#6726 = EDGE_CURVE('',#4640,#6727,#6729,.T.);
#6727 = VERTEX_POINT('',#6728);
#6728 = CARTESIAN_POINT('',(2.42,-10.28,-3.));
#6729 = LINE('',#6730,#6731);
#6730 = CARTESIAN_POINT('',(2.393333333333,-10.30666666666,
    -2.973333333333));
#6731 = VECTOR('',#6732,1.);
#6732 = DIRECTION('',(0.57735026919,0.57735026919,-0.57735026919));
#6733 = ORIENTED_EDGE('',*,*,#4639,.T.);
#6734 = ORIENTED_EDGE('',*,*,#6702,.T.);
#6735 = ORIENTED_EDGE('',*,*,#6736,.F.);
#6736 = EDGE_CURVE('',#6727,#6703,#6737,.T.);
#6737 = LINE('',#6738,#6739);
#6738 = CARTESIAN_POINT('',(2.22,-10.28,-3.));
#6739 = VECTOR('',#6740,1.);
#6740 = DIRECTION('',(1.,0.,0.));
#6741 = PLANE('',#6742);
#6742 = AXIS2_PLACEMENT_3D('',#6743,#6744,#6745);
#6743 = CARTESIAN_POINT('',(2.22,-10.38,-2.9));
#6744 = DIRECTION('',(1.735417226644E-18,-0.707106781187,-0.707106781187
    ));
#6745 = DIRECTION('',(-1.,-1.227125289148E-18,-1.227125289148E-18));
#6746 = ADVANCED_FACE('',(#6747),#6758,.T.);
#6747 = FACE_BOUND('',#6748,.F.);
#6748 = EDGE_LOOP('',(#6749,#6750,#6751,#6752));
#6749 = ORIENTED_EDGE('',*,*,#6680,.F.);
#6750 = ORIENTED_EDGE('',*,*,#4663,.T.);
#6751 = ORIENTED_EDGE('',*,*,#6726,.T.);
#6752 = ORIENTED_EDGE('',*,*,#6753,.F.);
#6753 = EDGE_CURVE('',#6681,#6727,#6754,.T.);
#6754 = LINE('',#6755,#6756);
#6755 = CARTESIAN_POINT('',(2.42,-9.84,-3.));
#6756 = VECTOR('',#6757,1.);
#6757 = DIRECTION('',(0.,-1.,0.));
#6758 = PLANE('',#6759);
#6759 = AXIS2_PLACEMENT_3D('',#6760,#6761,#6762);
#6760 = CARTESIAN_POINT('',(2.32,-9.84,-2.9));
#6761 = DIRECTION('',(-0.707106781187,-1.735417226644E-18,
    -0.707106781187));
#6762 = DIRECTION('',(-1.227125289148E-18,1.,-1.227125289148E-18));
#6763 = ADVANCED_FACE('',(#6764),#6789,.T.);
#6764 = FACE_BOUND('',#6765,.F.);
#6765 = EDGE_LOOP('',(#6766,#6774,#6775,#6783));
#6766 = ORIENTED_EDGE('',*,*,#6767,.F.);
#6767 = EDGE_CURVE('',#4681,#6768,#6770,.T.);
#6768 = VERTEX_POINT('',#6769);
#6769 = CARTESIAN_POINT('',(0.12,-4.96,-3.));
#6770 = LINE('',#6771,#6772);
#6771 = CARTESIAN_POINT('',(0.146666666667,-4.933333333333,
    -2.973333333333));
#6772 = VECTOR('',#6773,1.);
#6773 = DIRECTION('',(-0.57735026919,-0.57735026919,-0.57735026919));
#6774 = ORIENTED_EDGE('',*,*,#4680,.T.);
#6775 = ORIENTED_EDGE('',*,*,#6776,.T.);
#6776 = EDGE_CURVE('',#4683,#6777,#6779,.T.);
#6777 = VERTEX_POINT('',#6778);
#6778 = CARTESIAN_POINT('',(-0.12,-4.96,-3.));
#6779 = LINE('',#6780,#6781);
#6780 = CARTESIAN_POINT('',(-0.146666666667,-4.933333333333,
    -2.973333333333));
#6781 = VECTOR('',#6782,1.);
#6782 = DIRECTION('',(0.57735026919,-0.57735026919,-0.57735026919));
#6783 = ORIENTED_EDGE('',*,*,#6784,.F.);
#6784 = EDGE_CURVE('',#6768,#6777,#6785,.T.);
#6785 = LINE('',#6786,#6787);
#6786 = CARTESIAN_POINT('',(0.32,-4.96,-3.));
#6787 = VECTOR('',#6788,1.);
#6788 = DIRECTION('',(-1.,0.,0.));
#6789 = PLANE('',#6790);
#6790 = AXIS2_PLACEMENT_3D('',#6791,#6792,#6793);
#6791 = CARTESIAN_POINT('',(0.32,-4.86,-2.9));
#6792 = DIRECTION('',(-1.735417226644E-18,0.707106781187,-0.707106781187
    ));
#6793 = DIRECTION('',(1.,1.227125289148E-18,-1.227125289148E-18));
#6794 = ADVANCED_FACE('',(#6795),#6813,.T.);
#6795 = FACE_BOUND('',#6796,.F.);
#6796 = EDGE_LOOP('',(#6797,#6805,#6806,#6807));
#6797 = ORIENTED_EDGE('',*,*,#6798,.F.);
#6798 = EDGE_CURVE('',#4712,#6799,#6801,.T.);
#6799 = VERTEX_POINT('',#6800);
#6800 = CARTESIAN_POINT('',(0.12,-5.2,-3.));
#6801 = LINE('',#6802,#6803);
#6802 = CARTESIAN_POINT('',(0.146666666667,-5.226666666667,
    -2.973333333333));
#6803 = VECTOR('',#6804,1.);
#6804 = DIRECTION('',(-0.57735026919,0.57735026919,-0.57735026919));
#6805 = ORIENTED_EDGE('',*,*,#4711,.T.);
#6806 = ORIENTED_EDGE('',*,*,#6767,.T.);
#6807 = ORIENTED_EDGE('',*,*,#6808,.F.);
#6808 = EDGE_CURVE('',#6799,#6768,#6809,.T.);
#6809 = LINE('',#6810,#6811);
#6810 = CARTESIAN_POINT('',(0.12,-5.4,-3.));
#6811 = VECTOR('',#6812,1.);
#6812 = DIRECTION('',(0.,1.,0.));
#6813 = PLANE('',#6814);
#6814 = AXIS2_PLACEMENT_3D('',#6815,#6816,#6817);
#6815 = CARTESIAN_POINT('',(0.22,-5.4,-2.9));
#6816 = DIRECTION('',(0.707106781187,1.735417226644E-18,-0.707106781187)
  );
#6817 = DIRECTION('',(1.227125289148E-18,-1.,-1.227125289148E-18));
#6818 = ADVANCED_FACE('',(#6819),#6837,.T.);
#6819 = FACE_BOUND('',#6820,.F.);
#6820 = EDGE_LOOP('',(#6821,#6829,#6830,#6831));
#6821 = ORIENTED_EDGE('',*,*,#6822,.F.);
#6822 = EDGE_CURVE('',#4736,#6823,#6825,.T.);
#6823 = VERTEX_POINT('',#6824);
#6824 = CARTESIAN_POINT('',(-0.12,-5.2,-3.));
#6825 = LINE('',#6826,#6827);
#6826 = CARTESIAN_POINT('',(-0.146666666667,-5.226666666667,
    -2.973333333333));
#6827 = VECTOR('',#6828,1.);
#6828 = DIRECTION('',(0.57735026919,0.57735026919,-0.57735026919));
#6829 = ORIENTED_EDGE('',*,*,#4735,.T.);
#6830 = ORIENTED_EDGE('',*,*,#6798,.T.);
#6831 = ORIENTED_EDGE('',*,*,#6832,.F.);
#6832 = EDGE_CURVE('',#6823,#6799,#6833,.T.);
#6833 = LINE('',#6834,#6835);
#6834 = CARTESIAN_POINT('',(-0.32,-5.2,-3.));
#6835 = VECTOR('',#6836,1.);
#6836 = DIRECTION('',(1.,0.,0.));
#6837 = PLANE('',#6838);
#6838 = AXIS2_PLACEMENT_3D('',#6839,#6840,#6841);
#6839 = CARTESIAN_POINT('',(-0.32,-5.3,-2.9));
#6840 = DIRECTION('',(1.735417226644E-18,-0.707106781187,-0.707106781187
    ));
#6841 = DIRECTION('',(-1.,-1.227125289148E-18,-1.227125289148E-18));
#6842 = ADVANCED_FACE('',(#6843),#6854,.T.);
#6843 = FACE_BOUND('',#6844,.F.);
#6844 = EDGE_LOOP('',(#6845,#6846,#6847,#6848));
#6845 = ORIENTED_EDGE('',*,*,#6776,.F.);
#6846 = ORIENTED_EDGE('',*,*,#4759,.T.);
#6847 = ORIENTED_EDGE('',*,*,#6822,.T.);
#6848 = ORIENTED_EDGE('',*,*,#6849,.F.);
#6849 = EDGE_CURVE('',#6777,#6823,#6850,.T.);
#6850 = LINE('',#6851,#6852);
#6851 = CARTESIAN_POINT('',(-0.12,-4.76,-3.));
#6852 = VECTOR('',#6853,1.);
#6853 = DIRECTION('',(0.,-1.,0.));
#6854 = PLANE('',#6855);
#6855 = AXIS2_PLACEMENT_3D('',#6856,#6857,#6858);
#6856 = CARTESIAN_POINT('',(-0.22,-4.76,-2.9));
#6857 = DIRECTION('',(-0.707106781187,-1.735417226644E-18,
    -0.707106781187));
#6858 = DIRECTION('',(-1.227125289148E-18,1.,-1.227125289148E-18));
#6859 = ADVANCED_FACE('',(#6860),#6885,.T.);
#6860 = FACE_BOUND('',#6861,.F.);
#6861 = EDGE_LOOP('',(#6862,#6870,#6871,#6879));
#6862 = ORIENTED_EDGE('',*,*,#6863,.F.);
#6863 = EDGE_CURVE('',#4777,#6864,#6866,.T.);
#6864 = VERTEX_POINT('',#6865);
#6865 = CARTESIAN_POINT('',(0.12,-7.5,-3.));
#6866 = LINE('',#6867,#6868);
#6867 = CARTESIAN_POINT('',(0.146666666667,-7.473333333333,
    -2.973333333333));
#6868 = VECTOR('',#6869,1.);
#6869 = DIRECTION('',(-0.57735026919,-0.57735026919,-0.57735026919));
#6870 = ORIENTED_EDGE('',*,*,#4776,.T.);
#6871 = ORIENTED_EDGE('',*,*,#6872,.T.);
#6872 = EDGE_CURVE('',#4779,#6873,#6875,.T.);
#6873 = VERTEX_POINT('',#6874);
#6874 = CARTESIAN_POINT('',(-0.12,-7.5,-3.));
#6875 = LINE('',#6876,#6877);
#6876 = CARTESIAN_POINT('',(-0.146666666667,-7.473333333333,
    -2.973333333333));
#6877 = VECTOR('',#6878,1.);
#6878 = DIRECTION('',(0.57735026919,-0.57735026919,-0.57735026919));
#6879 = ORIENTED_EDGE('',*,*,#6880,.F.);
#6880 = EDGE_CURVE('',#6864,#6873,#6881,.T.);
#6881 = LINE('',#6882,#6883);
#6882 = CARTESIAN_POINT('',(0.32,-7.5,-3.));
#6883 = VECTOR('',#6884,1.);
#6884 = DIRECTION('',(-1.,0.,0.));
#6885 = PLANE('',#6886);
#6886 = AXIS2_PLACEMENT_3D('',#6887,#6888,#6889);
#6887 = CARTESIAN_POINT('',(0.32,-7.4,-2.9));
#6888 = DIRECTION('',(-1.735417226644E-18,0.707106781187,-0.707106781187
    ));
#6889 = DIRECTION('',(1.,1.227125289148E-18,-1.227125289148E-18));
#6890 = ADVANCED_FACE('',(#6891),#6909,.T.);
#6891 = FACE_BOUND('',#6892,.F.);
#6892 = EDGE_LOOP('',(#6893,#6901,#6902,#6903));
#6893 = ORIENTED_EDGE('',*,*,#6894,.F.);
#6894 = EDGE_CURVE('',#4808,#6895,#6897,.T.);
#6895 = VERTEX_POINT('',#6896);
#6896 = CARTESIAN_POINT('',(0.12,-7.74,-3.));
#6897 = LINE('',#6898,#6899);
#6898 = CARTESIAN_POINT('',(0.146666666667,-7.766666666667,
    -2.973333333333));
#6899 = VECTOR('',#6900,1.);
#6900 = DIRECTION('',(-0.57735026919,0.57735026919,-0.57735026919));
#6901 = ORIENTED_EDGE('',*,*,#4807,.T.);
#6902 = ORIENTED_EDGE('',*,*,#6863,.T.);
#6903 = ORIENTED_EDGE('',*,*,#6904,.F.);
#6904 = EDGE_CURVE('',#6895,#6864,#6905,.T.);
#6905 = LINE('',#6906,#6907);
#6906 = CARTESIAN_POINT('',(0.12,-7.94,-3.));
#6907 = VECTOR('',#6908,1.);
#6908 = DIRECTION('',(0.,1.,0.));
#6909 = PLANE('',#6910);
#6910 = AXIS2_PLACEMENT_3D('',#6911,#6912,#6913);
#6911 = CARTESIAN_POINT('',(0.22,-7.94,-2.9));
#6912 = DIRECTION('',(0.707106781187,1.735417226644E-18,-0.707106781187)
  );
#6913 = DIRECTION('',(1.227125289148E-18,-1.,-1.227125289148E-18));
#6914 = ADVANCED_FACE('',(#6915),#6933,.T.);
#6915 = FACE_BOUND('',#6916,.F.);
#6916 = EDGE_LOOP('',(#6917,#6925,#6926,#6927));
#6917 = ORIENTED_EDGE('',*,*,#6918,.F.);
#6918 = EDGE_CURVE('',#4832,#6919,#6921,.T.);
#6919 = VERTEX_POINT('',#6920);
#6920 = CARTESIAN_POINT('',(-0.12,-7.74,-3.));
#6921 = LINE('',#6922,#6923);
#6922 = CARTESIAN_POINT('',(-0.146666666667,-7.766666666667,
    -2.973333333333));
#6923 = VECTOR('',#6924,1.);
#6924 = DIRECTION('',(0.57735026919,0.57735026919,-0.57735026919));
#6925 = ORIENTED_EDGE('',*,*,#4831,.T.);
#6926 = ORIENTED_EDGE('',*,*,#6894,.T.);
#6927 = ORIENTED_EDGE('',*,*,#6928,.F.);
#6928 = EDGE_CURVE('',#6919,#6895,#6929,.T.);
#6929 = LINE('',#6930,#6931);
#6930 = CARTESIAN_POINT('',(-0.32,-7.74,-3.));
#6931 = VECTOR('',#6932,1.);
#6932 = DIRECTION('',(1.,0.,0.));
#6933 = PLANE('',#6934);
#6934 = AXIS2_PLACEMENT_3D('',#6935,#6936,#6937);
#6935 = CARTESIAN_POINT('',(-0.32,-7.84,-2.9));
#6936 = DIRECTION('',(1.735417226644E-18,-0.707106781187,-0.707106781187
    ));
#6937 = DIRECTION('',(-1.,-1.227125289148E-18,-1.227125289148E-18));
#6938 = ADVANCED_FACE('',(#6939),#6950,.T.);
#6939 = FACE_BOUND('',#6940,.F.);
#6940 = EDGE_LOOP('',(#6941,#6942,#6943,#6944));
#6941 = ORIENTED_EDGE('',*,*,#6872,.F.);
#6942 = ORIENTED_EDGE('',*,*,#4855,.T.);
#6943 = ORIENTED_EDGE('',*,*,#6918,.T.);
#6944 = ORIENTED_EDGE('',*,*,#6945,.F.);
#6945 = EDGE_CURVE('',#6873,#6919,#6946,.T.);
#6946 = LINE('',#6947,#6948);
#6947 = CARTESIAN_POINT('',(-0.12,-7.3,-3.));
#6948 = VECTOR('',#6949,1.);
#6949 = DIRECTION('',(0.,-1.,0.));
#6950 = PLANE('',#6951);
#6951 = AXIS2_PLACEMENT_3D('',#6952,#6953,#6954);
#6952 = CARTESIAN_POINT('',(-0.22,-7.3,-2.9));
#6953 = DIRECTION('',(-0.707106781187,-1.735417226644E-18,
    -0.707106781187));
#6954 = DIRECTION('',(-1.227125289148E-18,1.,-1.227125289148E-18));
#6955 = ADVANCED_FACE('',(#6956),#6959,.F.);
#6956 = FACE_BOUND('',#6957,.F.);
#6957 = EDGE_LOOP('',(#6958));
#6958 = ORIENTED_EDGE('',*,*,#4881,.T.);
#6959 = PLANE('',#6960);
#6960 = AXIS2_PLACEMENT_3D('',#6961,#6962,#6963);
#6961 = CARTESIAN_POINT('',(-1.58,-5.08,0.));
#6962 = DIRECTION('',(0.,0.,1.));
#6963 = DIRECTION('',(1.,0.,-0.));
#6964 = ADVANCED_FACE('',(#6965),#6968,.F.);
#6965 = FACE_BOUND('',#6966,.F.);
#6966 = EDGE_LOOP('',(#6967));
#6967 = ORIENTED_EDGE('',*,*,#4906,.T.);
#6968 = PLANE('',#6969);
#6969 = AXIS2_PLACEMENT_3D('',#6970,#6971,#6972);
#6970 = CARTESIAN_POINT('',(-1.58,2.6,0.));
#6971 = DIRECTION('',(0.,0.,1.));
#6972 = DIRECTION('',(1.,0.,-0.));
#6973 = ADVANCED_FACE('',(#6974),#6999,.T.);
#6974 = FACE_BOUND('',#6975,.F.);
#6975 = EDGE_LOOP('',(#6976,#6984,#6985,#6993));
#6976 = ORIENTED_EDGE('',*,*,#6977,.F.);
#6977 = EDGE_CURVE('',#4923,#6978,#6980,.T.);
#6978 = VERTEX_POINT('',#6979);
#6979 = CARTESIAN_POINT('',(-0.12,-0.12,-3.));
#6980 = LINE('',#6981,#6982);
#6981 = CARTESIAN_POINT('',(-0.146666666667,-0.146666666667,
    -2.973333333333));
#6982 = VECTOR('',#6983,1.);
#6983 = DIRECTION('',(0.57735026919,0.57735026919,-0.57735026919));
#6984 = ORIENTED_EDGE('',*,*,#4922,.T.);
#6985 = ORIENTED_EDGE('',*,*,#6986,.T.);
#6986 = EDGE_CURVE('',#4925,#6987,#6989,.T.);
#6987 = VERTEX_POINT('',#6988);
#6988 = CARTESIAN_POINT('',(0.12,-0.12,-3.));
#6989 = LINE('',#6990,#6991);
#6990 = CARTESIAN_POINT('',(0.146666666667,-0.146666666667,
    -2.973333333333));
#6991 = VECTOR('',#6992,1.);
#6992 = DIRECTION('',(-0.57735026919,0.57735026919,-0.57735026919));
#6993 = ORIENTED_EDGE('',*,*,#6994,.F.);
#6994 = EDGE_CURVE('',#6978,#6987,#6995,.T.);
#6995 = LINE('',#6996,#6997);
#6996 = CARTESIAN_POINT('',(-0.32,-0.12,-3.));
#6997 = VECTOR('',#6998,1.);
#6998 = DIRECTION('',(1.,0.,0.));
#6999 = PLANE('',#7000);
#7000 = AXIS2_PLACEMENT_3D('',#7001,#7002,#7003);
#7001 = CARTESIAN_POINT('',(-0.32,-0.22,-2.9));
#7002 = DIRECTION('',(1.735417226644E-18,-0.707106781187,-0.707106781187
    ));
#7003 = DIRECTION('',(-1.,-1.227125289148E-18,-1.227125289148E-18));
#7004 = ADVANCED_FACE('',(#7005),#7023,.T.);
#7005 = FACE_BOUND('',#7006,.F.);
#7006 = EDGE_LOOP('',(#7007,#7015,#7016,#7017));
#7007 = ORIENTED_EDGE('',*,*,#7008,.F.);
#7008 = EDGE_CURVE('',#4954,#7009,#7011,.T.);
#7009 = VERTEX_POINT('',#7010);
#7010 = CARTESIAN_POINT('',(-0.12,0.12,-3.));
#7011 = LINE('',#7012,#7013);
#7012 = CARTESIAN_POINT('',(-0.146666666667,0.146666666667,
    -2.973333333333));
#7013 = VECTOR('',#7014,1.);
#7014 = DIRECTION('',(0.57735026919,-0.57735026919,-0.57735026919));
#7015 = ORIENTED_EDGE('',*,*,#4953,.T.);
#7016 = ORIENTED_EDGE('',*,*,#6977,.T.);
#7017 = ORIENTED_EDGE('',*,*,#7018,.F.);
#7018 = EDGE_CURVE('',#7009,#6978,#7019,.T.);
#7019 = LINE('',#7020,#7021);
#7020 = CARTESIAN_POINT('',(-0.12,0.32,-3.));
#7021 = VECTOR('',#7022,1.);
#7022 = DIRECTION('',(0.,-1.,0.));
#7023 = PLANE('',#7024);
#7024 = AXIS2_PLACEMENT_3D('',#7025,#7026,#7027);
#7025 = CARTESIAN_POINT('',(-0.22,0.32,-2.9));
#7026 = DIRECTION('',(-0.707106781187,-1.735417226644E-18,
    -0.707106781187));
#7027 = DIRECTION('',(-1.227125289148E-18,1.,-1.227125289148E-18));
#7028 = ADVANCED_FACE('',(#7029),#7047,.T.);
#7029 = FACE_BOUND('',#7030,.F.);
#7030 = EDGE_LOOP('',(#7031,#7039,#7040,#7041));
#7031 = ORIENTED_EDGE('',*,*,#7032,.F.);
#7032 = EDGE_CURVE('',#4978,#7033,#7035,.T.);
#7033 = VERTEX_POINT('',#7034);
#7034 = CARTESIAN_POINT('',(0.12,0.12,-3.));
#7035 = LINE('',#7036,#7037);
#7036 = CARTESIAN_POINT('',(0.146666666667,0.146666666667,
    -2.973333333333));
#7037 = VECTOR('',#7038,1.);
#7038 = DIRECTION('',(-0.57735026919,-0.57735026919,-0.57735026919));
#7039 = ORIENTED_EDGE('',*,*,#4977,.T.);
#7040 = ORIENTED_EDGE('',*,*,#7008,.T.);
#7041 = ORIENTED_EDGE('',*,*,#7042,.F.);
#7042 = EDGE_CURVE('',#7033,#7009,#7043,.T.);
#7043 = LINE('',#7044,#7045);
#7044 = CARTESIAN_POINT('',(0.32,0.12,-3.));
#7045 = VECTOR('',#7046,1.);
#7046 = DIRECTION('',(-1.,0.,0.));
#7047 = PLANE('',#7048);
#7048 = AXIS2_PLACEMENT_3D('',#7049,#7050,#7051);
#7049 = CARTESIAN_POINT('',(0.32,0.22,-2.9));
#7050 = DIRECTION('',(-1.735417226644E-18,0.707106781187,-0.707106781187
    ));
#7051 = DIRECTION('',(1.,1.227125289148E-18,-1.227125289148E-18));
#7052 = ADVANCED_FACE('',(#7053),#7064,.T.);
#7053 = FACE_BOUND('',#7054,.F.);
#7054 = EDGE_LOOP('',(#7055,#7056,#7057,#7058));
#7055 = ORIENTED_EDGE('',*,*,#6986,.F.);
#7056 = ORIENTED_EDGE('',*,*,#5001,.T.);
#7057 = ORIENTED_EDGE('',*,*,#7032,.T.);
#7058 = ORIENTED_EDGE('',*,*,#7059,.F.);
#7059 = EDGE_CURVE('',#6987,#7033,#7060,.T.);
#7060 = LINE('',#7061,#7062);
#7061 = CARTESIAN_POINT('',(0.12,-0.32,-3.));
#7062 = VECTOR('',#7063,1.);
#7063 = DIRECTION('',(0.,1.,0.));
#7064 = PLANE('',#7065);
#7065 = AXIS2_PLACEMENT_3D('',#7066,#7067,#7068);
#7066 = CARTESIAN_POINT('',(0.22,-0.32,-2.9));
#7067 = DIRECTION('',(0.707106781187,1.735417226644E-18,-0.707106781187)
  );
#7068 = DIRECTION('',(1.227125289148E-18,-1.,-1.227125289148E-18));
#7069 = ADVANCED_FACE('',(#7070),#7095,.T.);
#7070 = FACE_BOUND('',#7071,.F.);
#7071 = EDGE_LOOP('',(#7072,#7080,#7081,#7089));
#7072 = ORIENTED_EDGE('',*,*,#7073,.F.);
#7073 = EDGE_CURVE('',#5019,#7074,#7076,.T.);
#7074 = VERTEX_POINT('',#7075);
#7075 = CARTESIAN_POINT('',(2.66,-2.42,-3.));
#7076 = LINE('',#7077,#7078);
#7077 = CARTESIAN_POINT('',(2.686666666667,-2.393333333333,
    -2.973333333333));
#7078 = VECTOR('',#7079,1.);
#7079 = DIRECTION('',(-0.57735026919,-0.57735026919,-0.57735026919));
#7080 = ORIENTED_EDGE('',*,*,#5018,.T.);
#7081 = ORIENTED_EDGE('',*,*,#7082,.T.);
#7082 = EDGE_CURVE('',#5021,#7083,#7085,.T.);
#7083 = VERTEX_POINT('',#7084);
#7084 = CARTESIAN_POINT('',(2.42,-2.42,-3.));
#7085 = LINE('',#7086,#7087);
#7086 = CARTESIAN_POINT('',(2.393333333333,-2.393333333333,
    -2.973333333333));
#7087 = VECTOR('',#7088,1.);
#7088 = DIRECTION('',(0.57735026919,-0.57735026919,-0.57735026919));
#7089 = ORIENTED_EDGE('',*,*,#7090,.F.);
#7090 = EDGE_CURVE('',#7074,#7083,#7091,.T.);
#7091 = LINE('',#7092,#7093);
#7092 = CARTESIAN_POINT('',(2.86,-2.42,-3.));
#7093 = VECTOR('',#7094,1.);
#7094 = DIRECTION('',(-1.,0.,0.));
#7095 = PLANE('',#7096);
#7096 = AXIS2_PLACEMENT_3D('',#7097,#7098,#7099);
#7097 = CARTESIAN_POINT('',(2.86,-2.32,-2.9));
#7098 = DIRECTION('',(-1.735417226644E-18,0.707106781187,-0.707106781187
    ));
#7099 = DIRECTION('',(1.,1.227125289148E-18,-1.227125289148E-18));
#7100 = ADVANCED_FACE('',(#7101),#7119,.T.);
#7101 = FACE_BOUND('',#7102,.F.);
#7102 = EDGE_LOOP('',(#7103,#7111,#7112,#7113));
#7103 = ORIENTED_EDGE('',*,*,#7104,.F.);
#7104 = EDGE_CURVE('',#5050,#7105,#7107,.T.);
#7105 = VERTEX_POINT('',#7106);
#7106 = CARTESIAN_POINT('',(2.66,-2.66,-3.));
#7107 = LINE('',#7108,#7109);
#7108 = CARTESIAN_POINT('',(2.686666666667,-2.686666666667,
    -2.973333333333));
#7109 = VECTOR('',#7110,1.);
#7110 = DIRECTION('',(-0.57735026919,0.57735026919,-0.57735026919));
#7111 = ORIENTED_EDGE('',*,*,#5049,.T.);
#7112 = ORIENTED_EDGE('',*,*,#7073,.T.);
#7113 = ORIENTED_EDGE('',*,*,#7114,.F.);
#7114 = EDGE_CURVE('',#7105,#7074,#7115,.T.);
#7115 = LINE('',#7116,#7117);
#7116 = CARTESIAN_POINT('',(2.66,-2.86,-3.));
#7117 = VECTOR('',#7118,1.);
#7118 = DIRECTION('',(0.,1.,0.));
#7119 = PLANE('',#7120);
#7120 = AXIS2_PLACEMENT_3D('',#7121,#7122,#7123);
#7121 = CARTESIAN_POINT('',(2.76,-2.86,-2.9));
#7122 = DIRECTION('',(0.707106781187,1.735417226644E-18,-0.707106781187)
  );
#7123 = DIRECTION('',(1.227125289148E-18,-1.,-1.227125289148E-18));
#7124 = ADVANCED_FACE('',(#7125),#7143,.T.);
#7125 = FACE_BOUND('',#7126,.F.);
#7126 = EDGE_LOOP('',(#7127,#7135,#7136,#7137));
#7127 = ORIENTED_EDGE('',*,*,#7128,.F.);
#7128 = EDGE_CURVE('',#5074,#7129,#7131,.T.);
#7129 = VERTEX_POINT('',#7130);
#7130 = CARTESIAN_POINT('',(2.42,-2.66,-3.));
#7131 = LINE('',#7132,#7133);
#7132 = CARTESIAN_POINT('',(2.393333333333,-2.686666666667,
    -2.973333333333));
#7133 = VECTOR('',#7134,1.);
#7134 = DIRECTION('',(0.57735026919,0.57735026919,-0.57735026919));
#7135 = ORIENTED_EDGE('',*,*,#5073,.T.);
#7136 = ORIENTED_EDGE('',*,*,#7104,.T.);
#7137 = ORIENTED_EDGE('',*,*,#7138,.F.);
#7138 = EDGE_CURVE('',#7129,#7105,#7139,.T.);
#7139 = LINE('',#7140,#7141);
#7140 = CARTESIAN_POINT('',(2.22,-2.66,-3.));
#7141 = VECTOR('',#7142,1.);
#7142 = DIRECTION('',(1.,0.,0.));
#7143 = PLANE('',#7144);
#7144 = AXIS2_PLACEMENT_3D('',#7145,#7146,#7147);
#7145 = CARTESIAN_POINT('',(2.22,-2.76,-2.9));
#7146 = DIRECTION('',(1.735417226644E-18,-0.707106781187,-0.707106781187
    ));
#7147 = DIRECTION('',(-1.,-1.227125289148E-18,-1.227125289148E-18));
#7148 = ADVANCED_FACE('',(#7149),#7160,.T.);
#7149 = FACE_BOUND('',#7150,.F.);
#7150 = EDGE_LOOP('',(#7151,#7152,#7153,#7154));
#7151 = ORIENTED_EDGE('',*,*,#7082,.F.);
#7152 = ORIENTED_EDGE('',*,*,#5097,.T.);
#7153 = ORIENTED_EDGE('',*,*,#7128,.T.);
#7154 = ORIENTED_EDGE('',*,*,#7155,.F.);
#7155 = EDGE_CURVE('',#7083,#7129,#7156,.T.);
#7156 = LINE('',#7157,#7158);
#7157 = CARTESIAN_POINT('',(2.42,-2.22,-3.));
#7158 = VECTOR('',#7159,1.);
#7159 = DIRECTION('',(0.,-1.,0.));
#7160 = PLANE('',#7161);
#7161 = AXIS2_PLACEMENT_3D('',#7162,#7163,#7164);
#7162 = CARTESIAN_POINT('',(2.32,-2.22,-2.9));
#7163 = DIRECTION('',(-0.707106781187,-1.735417226644E-18,
    -0.707106781187));
#7164 = DIRECTION('',(-1.227125289148E-18,1.,-1.227125289148E-18));
#7165 = ADVANCED_FACE('',(#7166),#7191,.T.);
#7166 = FACE_BOUND('',#7167,.F.);
#7167 = EDGE_LOOP('',(#7168,#7176,#7177,#7185));
#7168 = ORIENTED_EDGE('',*,*,#7169,.F.);
#7169 = EDGE_CURVE('',#5115,#7170,#7172,.T.);
#7170 = VERTEX_POINT('',#7171);
#7171 = CARTESIAN_POINT('',(0.12,-2.66,-3.));
#7172 = LINE('',#7173,#7174);
#7173 = CARTESIAN_POINT('',(0.146666666667,-2.686666666667,
    -2.973333333333));
#7174 = VECTOR('',#7175,1.);
#7175 = DIRECTION('',(-0.57735026919,0.57735026919,-0.57735026919));
#7176 = ORIENTED_EDGE('',*,*,#5114,.T.);
#7177 = ORIENTED_EDGE('',*,*,#7178,.T.);
#7178 = EDGE_CURVE('',#5117,#7179,#7181,.T.);
#7179 = VERTEX_POINT('',#7180);
#7180 = CARTESIAN_POINT('',(0.12,-2.42,-3.));
#7181 = LINE('',#7182,#7183);
#7182 = CARTESIAN_POINT('',(0.146666666667,-2.393333333333,
    -2.973333333333));
#7183 = VECTOR('',#7184,1.);
#7184 = DIRECTION('',(-0.57735026919,-0.57735026919,-0.57735026919));
#7185 = ORIENTED_EDGE('',*,*,#7186,.F.);
#7186 = EDGE_CURVE('',#7170,#7179,#7187,.T.);
#7187 = LINE('',#7188,#7189);
#7188 = CARTESIAN_POINT('',(0.12,-2.86,-3.));
#7189 = VECTOR('',#7190,1.);
#7190 = DIRECTION('',(0.,1.,0.));
#7191 = PLANE('',#7192);
#7192 = AXIS2_PLACEMENT_3D('',#7193,#7194,#7195);
#7193 = CARTESIAN_POINT('',(0.22,-2.86,-2.9));
#7194 = DIRECTION('',(0.707106781187,1.735417226644E-18,-0.707106781187)
  );
#7195 = DIRECTION('',(1.227125289148E-18,-1.,-1.227125289148E-18));
#7196 = ADVANCED_FACE('',(#7197),#7215,.T.);
#7197 = FACE_BOUND('',#7198,.F.);
#7198 = EDGE_LOOP('',(#7199,#7207,#7208,#7209));
#7199 = ORIENTED_EDGE('',*,*,#7200,.F.);
#7200 = EDGE_CURVE('',#5146,#7201,#7203,.T.);
#7201 = VERTEX_POINT('',#7202);
#7202 = CARTESIAN_POINT('',(-0.12,-2.66,-3.));
#7203 = LINE('',#7204,#7205);
#7204 = CARTESIAN_POINT('',(-0.146666666667,-2.686666666667,
    -2.973333333333));
#7205 = VECTOR('',#7206,1.);
#7206 = DIRECTION('',(0.57735026919,0.57735026919,-0.57735026919));
#7207 = ORIENTED_EDGE('',*,*,#5145,.T.);
#7208 = ORIENTED_EDGE('',*,*,#7169,.T.);
#7209 = ORIENTED_EDGE('',*,*,#7210,.F.);
#7210 = EDGE_CURVE('',#7201,#7170,#7211,.T.);
#7211 = LINE('',#7212,#7213);
#7212 = CARTESIAN_POINT('',(-0.32,-2.66,-3.));
#7213 = VECTOR('',#7214,1.);
#7214 = DIRECTION('',(1.,0.,0.));
#7215 = PLANE('',#7216);
#7216 = AXIS2_PLACEMENT_3D('',#7217,#7218,#7219);
#7217 = CARTESIAN_POINT('',(-0.32,-2.76,-2.9));
#7218 = DIRECTION('',(1.735417226644E-18,-0.707106781187,-0.707106781187
    ));
#7219 = DIRECTION('',(-1.,-1.227125289148E-18,-1.227125289148E-18));
#7220 = ADVANCED_FACE('',(#7221),#7239,.T.);
#7221 = FACE_BOUND('',#7222,.F.);
#7222 = EDGE_LOOP('',(#7223,#7231,#7232,#7233));
#7223 = ORIENTED_EDGE('',*,*,#7224,.F.);
#7224 = EDGE_CURVE('',#5170,#7225,#7227,.T.);
#7225 = VERTEX_POINT('',#7226);
#7226 = CARTESIAN_POINT('',(-0.12,-2.42,-3.));
#7227 = LINE('',#7228,#7229);
#7228 = CARTESIAN_POINT('',(-0.146666666667,-2.393333333333,
    -2.973333333333));
#7229 = VECTOR('',#7230,1.);
#7230 = DIRECTION('',(0.57735026919,-0.57735026919,-0.57735026919));
#7231 = ORIENTED_EDGE('',*,*,#5169,.T.);
#7232 = ORIENTED_EDGE('',*,*,#7200,.T.);
#7233 = ORIENTED_EDGE('',*,*,#7234,.F.);
#7234 = EDGE_CURVE('',#7225,#7201,#7235,.T.);
#7235 = LINE('',#7236,#7237);
#7236 = CARTESIAN_POINT('',(-0.12,-2.22,-3.));
#7237 = VECTOR('',#7238,1.);
#7238 = DIRECTION('',(0.,-1.,0.));
#7239 = PLANE('',#7240);
#7240 = AXIS2_PLACEMENT_3D('',#7241,#7242,#7243);
#7241 = CARTESIAN_POINT('',(-0.22,-2.22,-2.9));
#7242 = DIRECTION('',(-0.707106781187,-1.735417226644E-18,
    -0.707106781187));
#7243 = DIRECTION('',(-1.227125289148E-18,1.,-1.227125289148E-18));
#7244 = ADVANCED_FACE('',(#7245),#7256,.T.);
#7245 = FACE_BOUND('',#7246,.F.);
#7246 = EDGE_LOOP('',(#7247,#7248,#7249,#7250));
#7247 = ORIENTED_EDGE('',*,*,#7178,.F.);
#7248 = ORIENTED_EDGE('',*,*,#5193,.T.);
#7249 = ORIENTED_EDGE('',*,*,#7224,.T.);
#7250 = ORIENTED_EDGE('',*,*,#7251,.F.);
#7251 = EDGE_CURVE('',#7179,#7225,#7252,.T.);
#7252 = LINE('',#7253,#7254);
#7253 = CARTESIAN_POINT('',(0.32,-2.42,-3.));
#7254 = VECTOR('',#7255,1.);
#7255 = DIRECTION('',(-1.,0.,0.));
#7256 = PLANE('',#7257);
#7257 = AXIS2_PLACEMENT_3D('',#7258,#7259,#7260);
#7258 = CARTESIAN_POINT('',(0.32,-2.32,-2.9));
#7259 = DIRECTION('',(-1.735417226644E-18,0.707106781187,-0.707106781187
    ));
#7260 = DIRECTION('',(1.,1.227125289148E-18,-1.227125289148E-18));
#7261 = ADVANCED_FACE('',(#7262),#7287,.T.);
#7262 = FACE_BOUND('',#7263,.F.);
#7263 = EDGE_LOOP('',(#7264,#7272,#7273,#7281));
#7264 = ORIENTED_EDGE('',*,*,#7265,.F.);
#7265 = EDGE_CURVE('',#5211,#7266,#7268,.T.);
#7266 = VERTEX_POINT('',#7267);
#7267 = CARTESIAN_POINT('',(2.42,-0.12,-3.));
#7268 = LINE('',#7269,#7270);
#7269 = CARTESIAN_POINT('',(2.393333333333,-0.146666666667,
    -2.973333333333));
#7270 = VECTOR('',#7271,1.);
#7271 = DIRECTION('',(0.57735026919,0.57735026919,-0.57735026919));
#7272 = ORIENTED_EDGE('',*,*,#5210,.T.);
#7273 = ORIENTED_EDGE('',*,*,#7274,.T.);
#7274 = EDGE_CURVE('',#5213,#7275,#7277,.T.);
#7275 = VERTEX_POINT('',#7276);
#7276 = CARTESIAN_POINT('',(2.66,-0.12,-3.));
#7277 = LINE('',#7278,#7279);
#7278 = CARTESIAN_POINT('',(2.686666666667,-0.146666666667,
    -2.973333333333));
#7279 = VECTOR('',#7280,1.);
#7280 = DIRECTION('',(-0.57735026919,0.57735026919,-0.57735026919));
#7281 = ORIENTED_EDGE('',*,*,#7282,.F.);
#7282 = EDGE_CURVE('',#7266,#7275,#7283,.T.);
#7283 = LINE('',#7284,#7285);
#7284 = CARTESIAN_POINT('',(2.22,-0.12,-3.));
#7285 = VECTOR('',#7286,1.);
#7286 = DIRECTION('',(1.,0.,0.));
#7287 = PLANE('',#7288);
#7288 = AXIS2_PLACEMENT_3D('',#7289,#7290,#7291);
#7289 = CARTESIAN_POINT('',(2.22,-0.22,-2.9));
#7290 = DIRECTION('',(1.735417226644E-18,-0.707106781187,-0.707106781187
    ));
#7291 = DIRECTION('',(-1.,-1.227125289148E-18,-1.227125289148E-18));
#7292 = ADVANCED_FACE('',(#7293),#7311,.T.);
#7293 = FACE_BOUND('',#7294,.F.);
#7294 = EDGE_LOOP('',(#7295,#7303,#7304,#7305));
#7295 = ORIENTED_EDGE('',*,*,#7296,.F.);
#7296 = EDGE_CURVE('',#5242,#7297,#7299,.T.);
#7297 = VERTEX_POINT('',#7298);
#7298 = CARTESIAN_POINT('',(2.42,0.12,-3.));
#7299 = LINE('',#7300,#7301);
#7300 = CARTESIAN_POINT('',(2.393333333333,0.146666666667,
    -2.973333333333));
#7301 = VECTOR('',#7302,1.);
#7302 = DIRECTION('',(0.57735026919,-0.57735026919,-0.57735026919));
#7303 = ORIENTED_EDGE('',*,*,#5241,.T.);
#7304 = ORIENTED_EDGE('',*,*,#7265,.T.);
#7305 = ORIENTED_EDGE('',*,*,#7306,.F.);
#7306 = EDGE_CURVE('',#7297,#7266,#7307,.T.);
#7307 = LINE('',#7308,#7309);
#7308 = CARTESIAN_POINT('',(2.42,0.32,-3.));
#7309 = VECTOR('',#7310,1.);
#7310 = DIRECTION('',(0.,-1.,0.));
#7311 = PLANE('',#7312);
#7312 = AXIS2_PLACEMENT_3D('',#7313,#7314,#7315);
#7313 = CARTESIAN_POINT('',(2.32,0.32,-2.9));
#7314 = DIRECTION('',(-0.707106781187,-1.735417226644E-18,
    -0.707106781187));
#7315 = DIRECTION('',(-1.227125289148E-18,1.,-1.227125289148E-18));
#7316 = ADVANCED_FACE('',(#7317),#7335,.T.);
#7317 = FACE_BOUND('',#7318,.F.);
#7318 = EDGE_LOOP('',(#7319,#7327,#7328,#7329));
#7319 = ORIENTED_EDGE('',*,*,#7320,.F.);
#7320 = EDGE_CURVE('',#5266,#7321,#7323,.T.);
#7321 = VERTEX_POINT('',#7322);
#7322 = CARTESIAN_POINT('',(2.66,0.12,-3.));
#7323 = LINE('',#7324,#7325);
#7324 = CARTESIAN_POINT('',(2.686666666667,0.146666666667,
    -2.973333333333));
#7325 = VECTOR('',#7326,1.);
#7326 = DIRECTION('',(-0.57735026919,-0.57735026919,-0.57735026919));
#7327 = ORIENTED_EDGE('',*,*,#5265,.T.);
#7328 = ORIENTED_EDGE('',*,*,#7296,.T.);
#7329 = ORIENTED_EDGE('',*,*,#7330,.F.);
#7330 = EDGE_CURVE('',#7321,#7297,#7331,.T.);
#7331 = LINE('',#7332,#7333);
#7332 = CARTESIAN_POINT('',(2.86,0.12,-3.));
#7333 = VECTOR('',#7334,1.);
#7334 = DIRECTION('',(-1.,0.,0.));
#7335 = PLANE('',#7336);
#7336 = AXIS2_PLACEMENT_3D('',#7337,#7338,#7339);
#7337 = CARTESIAN_POINT('',(2.86,0.22,-2.9));
#7338 = DIRECTION('',(-1.735417226644E-18,0.707106781187,-0.707106781187
    ));
#7339 = DIRECTION('',(1.,1.227125289148E-18,-1.227125289148E-18));
#7340 = ADVANCED_FACE('',(#7341),#7352,.T.);
#7341 = FACE_BOUND('',#7342,.F.);
#7342 = EDGE_LOOP('',(#7343,#7344,#7345,#7346));
#7343 = ORIENTED_EDGE('',*,*,#7274,.F.);
#7344 = ORIENTED_EDGE('',*,*,#5289,.T.);
#7345 = ORIENTED_EDGE('',*,*,#7320,.T.);
#7346 = ORIENTED_EDGE('',*,*,#7347,.F.);
#7347 = EDGE_CURVE('',#7275,#7321,#7348,.T.);
#7348 = LINE('',#7349,#7350);
#7349 = CARTESIAN_POINT('',(2.66,-0.32,-3.));
#7350 = VECTOR('',#7351,1.);
#7351 = DIRECTION('',(0.,1.,0.));
#7352 = PLANE('',#7353);
#7353 = AXIS2_PLACEMENT_3D('',#7354,#7355,#7356);
#7354 = CARTESIAN_POINT('',(2.76,-0.32,-2.9));
#7355 = DIRECTION('',(0.707106781187,1.735417226644E-18,-0.707106781187)
  );
#7356 = DIRECTION('',(1.227125289148E-18,-1.,-1.227125289148E-18));
#7357 = ADVANCED_FACE('',(#7358),#7361,.F.);
#7358 = FACE_BOUND('',#7359,.F.);
#7359 = EDGE_LOOP('',(#7360));
#7360 = ORIENTED_EDGE('',*,*,#5315,.T.);
#7361 = PLANE('',#7362);
#7362 = AXIS2_PLACEMENT_3D('',#7363,#7364,#7365);
#7363 = CARTESIAN_POINT('',(4.12,2.6,0.));
#7364 = DIRECTION('',(0.,0.,1.));
#7365 = DIRECTION('',(1.,0.,-0.));
#7366 = ADVANCED_FACE('',(#7367),#7370,.F.);
#7367 = FACE_BOUND('',#7368,.F.);
#7368 = EDGE_LOOP('',(#7369));
#7369 = ORIENTED_EDGE('',*,*,#5340,.T.);
#7370 = PLANE('',#7371);
#7371 = AXIS2_PLACEMENT_3D('',#7372,#7373,#7374);
#7372 = CARTESIAN_POINT('',(4.12,-5.08,0.));
#7373 = DIRECTION('',(0.,0.,1.));
#7374 = DIRECTION('',(1.,0.,-0.));
#7375 = ADVANCED_FACE('',(#7376),#7379,.F.);
#7376 = FACE_BOUND('',#7377,.F.);
#7377 = EDGE_LOOP('',(#7378));
#7378 = ORIENTED_EDGE('',*,*,#5365,.T.);
#7379 = PLANE('',#7380);
#7380 = AXIS2_PLACEMENT_3D('',#7381,#7382,#7383);
#7381 = CARTESIAN_POINT('',(4.12,-12.76,0.));
#7382 = DIRECTION('',(0.,0.,1.));
#7383 = DIRECTION('',(1.,0.,-0.));
#7384 = ADVANCED_FACE('',(#7385),#7410,.F.);
#7385 = FACE_BOUND('',#7386,.F.);
#7386 = EDGE_LOOP('',(#7387,#7395,#7403,#7409));
#7387 = ORIENTED_EDGE('',*,*,#7388,.T.);
#7388 = EDGE_CURVE('',#5416,#7389,#7391,.T.);
#7389 = VERTEX_POINT('',#7390);
#7390 = CARTESIAN_POINT('',(2.66,-5.2,8.));
#7391 = LINE('',#7392,#7393);
#7392 = CARTESIAN_POINT('',(2.686666666667,-5.226666666667,
    7.973333333333));
#7393 = VECTOR('',#7394,1.);
#7394 = DIRECTION('',(-0.57735026919,0.57735026919,0.57735026919));
#7395 = ORIENTED_EDGE('',*,*,#7396,.T.);
#7396 = EDGE_CURVE('',#7389,#7397,#7399,.T.);
#7397 = VERTEX_POINT('',#7398);
#7398 = CARTESIAN_POINT('',(2.66,-4.96,8.));
#7399 = LINE('',#7400,#7401);
#7400 = CARTESIAN_POINT('',(2.66,-5.4,8.));
#7401 = VECTOR('',#7402,1.);
#7402 = DIRECTION('',(0.,1.,0.));
#7403 = ORIENTED_EDGE('',*,*,#7404,.T.);
#7404 = EDGE_CURVE('',#7397,#5424,#7405,.T.);
#7405 = LINE('',#7406,#7407);
#7406 = CARTESIAN_POINT('',(2.686666666667,-4.933333333333,
    7.973333333333));
#7407 = VECTOR('',#7408,1.);
#7408 = DIRECTION('',(0.57735026919,0.57735026919,-0.57735026919));
#7409 = ORIENTED_EDGE('',*,*,#5423,.F.);
#7410 = PLANE('',#7411);
#7411 = AXIS2_PLACEMENT_3D('',#7412,#7413,#7414);
#7412 = CARTESIAN_POINT('',(2.76,-5.4,7.9));
#7413 = DIRECTION('',(-0.707106781187,-1.735417226644E-18,
    -0.707106781187));
#7414 = DIRECTION('',(-1.227125289148E-18,1.,-1.227125289148E-18));
#7415 = ADVANCED_FACE('',(#7416),#7434,.F.);
#7416 = FACE_BOUND('',#7417,.F.);
#7417 = EDGE_LOOP('',(#7418,#7419,#7427,#7433));
#7418 = ORIENTED_EDGE('',*,*,#7404,.F.);
#7419 = ORIENTED_EDGE('',*,*,#7420,.T.);
#7420 = EDGE_CURVE('',#7397,#7421,#7423,.T.);
#7421 = VERTEX_POINT('',#7422);
#7422 = CARTESIAN_POINT('',(2.42,-4.96,8.));
#7423 = LINE('',#7424,#7425);
#7424 = CARTESIAN_POINT('',(2.86,-4.96,8.));
#7425 = VECTOR('',#7426,1.);
#7426 = DIRECTION('',(-1.,0.,0.));
#7427 = ORIENTED_EDGE('',*,*,#7428,.T.);
#7428 = EDGE_CURVE('',#7421,#5448,#7429,.T.);
#7429 = LINE('',#7430,#7431);
#7430 = CARTESIAN_POINT('',(2.393333333333,-4.933333333333,
    7.973333333333));
#7431 = VECTOR('',#7432,1.);
#7432 = DIRECTION('',(-0.57735026919,0.57735026919,-0.57735026919));
#7433 = ORIENTED_EDGE('',*,*,#5447,.F.);
#7434 = PLANE('',#7435);
#7435 = AXIS2_PLACEMENT_3D('',#7436,#7437,#7438);
#7436 = CARTESIAN_POINT('',(2.86,-4.86,7.9));
#7437 = DIRECTION('',(1.735417226644E-18,-0.707106781187,-0.707106781187
    ));
#7438 = DIRECTION('',(-1.,-1.227125289148E-18,-1.227125289148E-18));
#7439 = ADVANCED_FACE('',(#7440),#7458,.F.);
#7440 = FACE_BOUND('',#7441,.T.);
#7441 = EDGE_LOOP('',(#7442,#7443,#7444,#7452));
#7442 = ORIENTED_EDGE('',*,*,#7428,.T.);
#7443 = ORIENTED_EDGE('',*,*,#5471,.T.);
#7444 = ORIENTED_EDGE('',*,*,#7445,.T.);
#7445 = EDGE_CURVE('',#5472,#7446,#7448,.T.);
#7446 = VERTEX_POINT('',#7447);
#7447 = CARTESIAN_POINT('',(2.42,-5.2,8.));
#7448 = LINE('',#7449,#7450);
#7449 = CARTESIAN_POINT('',(2.393333333333,-5.226666666667,
    7.973333333333));
#7450 = VECTOR('',#7451,1.);
#7451 = DIRECTION('',(0.57735026919,0.57735026919,0.57735026919));
#7452 = ORIENTED_EDGE('',*,*,#7453,.F.);
#7453 = EDGE_CURVE('',#7421,#7446,#7454,.T.);
#7454 = LINE('',#7455,#7456);
#7455 = CARTESIAN_POINT('',(2.42,-4.76,8.));
#7456 = VECTOR('',#7457,1.);
#7457 = DIRECTION('',(0.,-1.,0.));
#7458 = PLANE('',#7459);
#7459 = AXIS2_PLACEMENT_3D('',#7460,#7461,#7462);
#7460 = CARTESIAN_POINT('',(2.32,-4.76,7.9));
#7461 = DIRECTION('',(0.707106781187,1.735417226644E-18,-0.707106781187)
  );
#7462 = DIRECTION('',(-1.227125289148E-18,1.,1.227125289148E-18));
#7463 = ADVANCED_FACE('',(#7464),#7475,.F.);
#7464 = FACE_BOUND('',#7465,.T.);
#7465 = EDGE_LOOP('',(#7466,#7467,#7468,#7469));
#7466 = ORIENTED_EDGE('',*,*,#7445,.F.);
#7467 = ORIENTED_EDGE('',*,*,#5495,.T.);
#7468 = ORIENTED_EDGE('',*,*,#7388,.T.);
#7469 = ORIENTED_EDGE('',*,*,#7470,.F.);
#7470 = EDGE_CURVE('',#7446,#7389,#7471,.T.);
#7471 = LINE('',#7472,#7473);
#7472 = CARTESIAN_POINT('',(2.22,-5.2,8.));
#7473 = VECTOR('',#7474,1.);
#7474 = DIRECTION('',(1.,0.,0.));
#7475 = PLANE('',#7476);
#7476 = AXIS2_PLACEMENT_3D('',#7477,#7478,#7479);
#7477 = CARTESIAN_POINT('',(2.22,-5.3,7.9));
#7478 = DIRECTION('',(-1.735417226644E-18,0.707106781187,-0.707106781187
    ));
#7479 = DIRECTION('',(-1.,-1.227125289148E-18,1.227125289148E-18));
#7480 = ADVANCED_FACE('',(#7481),#7506,.F.);
#7481 = FACE_BOUND('',#7482,.T.);
#7482 = EDGE_LOOP('',(#7483,#7491,#7492,#7500));
#7483 = ORIENTED_EDGE('',*,*,#7484,.F.);
#7484 = EDGE_CURVE('',#5512,#7485,#7487,.T.);
#7485 = VERTEX_POINT('',#7486);
#7486 = CARTESIAN_POINT('',(2.42,-7.74,8.));
#7487 = LINE('',#7488,#7489);
#7488 = CARTESIAN_POINT('',(2.393333333333,-7.766666666667,
    7.973333333333));
#7489 = VECTOR('',#7490,1.);
#7490 = DIRECTION('',(0.57735026919,0.57735026919,0.57735026919));
#7491 = ORIENTED_EDGE('',*,*,#5519,.T.);
#7492 = ORIENTED_EDGE('',*,*,#7493,.T.);
#7493 = EDGE_CURVE('',#5520,#7494,#7496,.T.);
#7494 = VERTEX_POINT('',#7495);
#7495 = CARTESIAN_POINT('',(2.66,-7.74,8.));
#7496 = LINE('',#7497,#7498);
#7497 = CARTESIAN_POINT('',(2.686666666667,-7.766666666667,
    7.973333333333));
#7498 = VECTOR('',#7499,1.);
#7499 = DIRECTION('',(-0.57735026919,0.57735026919,0.57735026919));
#7500 = ORIENTED_EDGE('',*,*,#7501,.F.);
#7501 = EDGE_CURVE('',#7485,#7494,#7502,.T.);
#7502 = LINE('',#7503,#7504);
#7503 = CARTESIAN_POINT('',(2.22,-7.74,8.));
#7504 = VECTOR('',#7505,1.);
#7505 = DIRECTION('',(1.,0.,0.));
#7506 = PLANE('',#7507);
#7507 = AXIS2_PLACEMENT_3D('',#7508,#7509,#7510);
#7508 = CARTESIAN_POINT('',(2.22,-7.84,7.9));
#7509 = DIRECTION('',(-1.735417226644E-18,0.707106781187,-0.707106781187
    ));
#7510 = DIRECTION('',(-1.,-1.227125289148E-18,1.227125289148E-18));
#7511 = ADVANCED_FACE('',(#7512),#7530,.F.);
#7512 = FACE_BOUND('',#7513,.F.);
#7513 = EDGE_LOOP('',(#7514,#7515,#7523,#7529));
#7514 = ORIENTED_EDGE('',*,*,#7493,.T.);
#7515 = ORIENTED_EDGE('',*,*,#7516,.T.);
#7516 = EDGE_CURVE('',#7494,#7517,#7519,.T.);
#7517 = VERTEX_POINT('',#7518);
#7518 = CARTESIAN_POINT('',(2.66,-7.5,8.));
#7519 = LINE('',#7520,#7521);
#7520 = CARTESIAN_POINT('',(2.66,-7.94,8.));
#7521 = VECTOR('',#7522,1.);
#7522 = DIRECTION('',(0.,1.,0.));
#7523 = ORIENTED_EDGE('',*,*,#7524,.T.);
#7524 = EDGE_CURVE('',#7517,#5544,#7525,.T.);
#7525 = LINE('',#7526,#7527);
#7526 = CARTESIAN_POINT('',(2.686666666667,-7.473333333333,
    7.973333333333));
#7527 = VECTOR('',#7528,1.);
#7528 = DIRECTION('',(0.57735026919,0.57735026919,-0.57735026919));
#7529 = ORIENTED_EDGE('',*,*,#5543,.F.);
#7530 = PLANE('',#7531);
#7531 = AXIS2_PLACEMENT_3D('',#7532,#7533,#7534);
#7532 = CARTESIAN_POINT('',(2.76,-7.94,7.9));
#7533 = DIRECTION('',(-0.707106781187,-1.735417226644E-18,
    -0.707106781187));
#7534 = DIRECTION('',(-1.227125289148E-18,1.,-1.227125289148E-18));
#7535 = ADVANCED_FACE('',(#7536),#7554,.F.);
#7536 = FACE_BOUND('',#7537,.F.);
#7537 = EDGE_LOOP('',(#7538,#7539,#7547,#7553));
#7538 = ORIENTED_EDGE('',*,*,#7524,.F.);
#7539 = ORIENTED_EDGE('',*,*,#7540,.T.);
#7540 = EDGE_CURVE('',#7517,#7541,#7543,.T.);
#7541 = VERTEX_POINT('',#7542);
#7542 = CARTESIAN_POINT('',(2.42,-7.5,8.));
#7543 = LINE('',#7544,#7545);
#7544 = CARTESIAN_POINT('',(2.86,-7.5,8.));
#7545 = VECTOR('',#7546,1.);
#7546 = DIRECTION('',(-1.,0.,0.));
#7547 = ORIENTED_EDGE('',*,*,#7548,.F.);
#7548 = EDGE_CURVE('',#5568,#7541,#7549,.T.);
#7549 = LINE('',#7550,#7551);
#7550 = CARTESIAN_POINT('',(2.393333333333,-7.473333333333,
    7.973333333333));
#7551 = VECTOR('',#7552,1.);
#7552 = DIRECTION('',(0.57735026919,-0.57735026919,0.57735026919));
#7553 = ORIENTED_EDGE('',*,*,#5567,.F.);
#7554 = PLANE('',#7555);
#7555 = AXIS2_PLACEMENT_3D('',#7556,#7557,#7558);
#7556 = CARTESIAN_POINT('',(2.86,-7.4,7.9));
#7557 = DIRECTION('',(1.735417226644E-18,-0.707106781187,-0.707106781187
    ));
#7558 = DIRECTION('',(-1.,-1.227125289148E-18,-1.227125289148E-18));
#7559 = ADVANCED_FACE('',(#7560),#7571,.F.);
#7560 = FACE_BOUND('',#7561,.T.);
#7561 = EDGE_LOOP('',(#7562,#7563,#7564,#7565));
#7562 = ORIENTED_EDGE('',*,*,#7548,.F.);
#7563 = ORIENTED_EDGE('',*,*,#5591,.T.);
#7564 = ORIENTED_EDGE('',*,*,#7484,.T.);
#7565 = ORIENTED_EDGE('',*,*,#7566,.F.);
#7566 = EDGE_CURVE('',#7541,#7485,#7567,.T.);
#7567 = LINE('',#7568,#7569);
#7568 = CARTESIAN_POINT('',(2.42,-7.3,8.));
#7569 = VECTOR('',#7570,1.);
#7570 = DIRECTION('',(0.,-1.,0.));
#7571 = PLANE('',#7572);
#7572 = AXIS2_PLACEMENT_3D('',#7573,#7574,#7575);
#7573 = CARTESIAN_POINT('',(2.32,-7.3,7.9));
#7574 = DIRECTION('',(0.707106781187,1.735417226644E-18,-0.707106781187)
  );
#7575 = DIRECTION('',(-1.227125289148E-18,1.,1.227125289148E-18));
#7576 = ADVANCED_FACE('',(#7577),#7602,.F.);
#7577 = FACE_BOUND('',#7578,.T.);
#7578 = EDGE_LOOP('',(#7579,#7587,#7588,#7596));
#7579 = ORIENTED_EDGE('',*,*,#7580,.F.);
#7580 = EDGE_CURVE('',#5608,#7581,#7583,.T.);
#7581 = VERTEX_POINT('',#7582);
#7582 = CARTESIAN_POINT('',(-0.12,-7.74,8.));
#7583 = LINE('',#7584,#7585);
#7584 = CARTESIAN_POINT('',(-0.146666666667,-7.766666666667,
    7.973333333333));
#7585 = VECTOR('',#7586,1.);
#7586 = DIRECTION('',(0.57735026919,0.57735026919,0.57735026919));
#7587 = ORIENTED_EDGE('',*,*,#5615,.T.);
#7588 = ORIENTED_EDGE('',*,*,#7589,.T.);
#7589 = EDGE_CURVE('',#5616,#7590,#7592,.T.);
#7590 = VERTEX_POINT('',#7591);
#7591 = CARTESIAN_POINT('',(0.12,-7.74,8.));
#7592 = LINE('',#7593,#7594);
#7593 = CARTESIAN_POINT('',(0.146666666667,-7.766666666667,
    7.973333333333));
#7594 = VECTOR('',#7595,1.);
#7595 = DIRECTION('',(-0.57735026919,0.57735026919,0.57735026919));
#7596 = ORIENTED_EDGE('',*,*,#7597,.F.);
#7597 = EDGE_CURVE('',#7581,#7590,#7598,.T.);
#7598 = LINE('',#7599,#7600);
#7599 = CARTESIAN_POINT('',(-0.32,-7.74,8.));
#7600 = VECTOR('',#7601,1.);
#7601 = DIRECTION('',(1.,0.,0.));
#7602 = PLANE('',#7603);
#7603 = AXIS2_PLACEMENT_3D('',#7604,#7605,#7606);
#7604 = CARTESIAN_POINT('',(-0.32,-7.84,7.9));
#7605 = DIRECTION('',(-1.735417226644E-18,0.707106781187,-0.707106781187
    ));
#7606 = DIRECTION('',(-1.,-1.227125289148E-18,1.227125289148E-18));
#7607 = ADVANCED_FACE('',(#7608),#7626,.F.);
#7608 = FACE_BOUND('',#7609,.F.);
#7609 = EDGE_LOOP('',(#7610,#7611,#7619,#7625));
#7610 = ORIENTED_EDGE('',*,*,#7589,.T.);
#7611 = ORIENTED_EDGE('',*,*,#7612,.T.);
#7612 = EDGE_CURVE('',#7590,#7613,#7615,.T.);
#7613 = VERTEX_POINT('',#7614);
#7614 = CARTESIAN_POINT('',(0.12,-7.5,8.));
#7615 = LINE('',#7616,#7617);
#7616 = CARTESIAN_POINT('',(0.12,-7.94,8.));
#7617 = VECTOR('',#7618,1.);
#7618 = DIRECTION('',(0.,1.,0.));
#7619 = ORIENTED_EDGE('',*,*,#7620,.T.);
#7620 = EDGE_CURVE('',#7613,#5640,#7621,.T.);
#7621 = LINE('',#7622,#7623);
#7622 = CARTESIAN_POINT('',(0.146666666667,-7.473333333333,
    7.973333333333));
#7623 = VECTOR('',#7624,1.);
#7624 = DIRECTION('',(0.57735026919,0.57735026919,-0.57735026919));
#7625 = ORIENTED_EDGE('',*,*,#5639,.F.);
#7626 = PLANE('',#7627);
#7627 = AXIS2_PLACEMENT_3D('',#7628,#7629,#7630);
#7628 = CARTESIAN_POINT('',(0.22,-7.94,7.9));
#7629 = DIRECTION('',(-0.707106781187,-1.735417226644E-18,
    -0.707106781187));
#7630 = DIRECTION('',(-1.227125289148E-18,1.,-1.227125289148E-18));
#7631 = ADVANCED_FACE('',(#7632),#7650,.F.);
#7632 = FACE_BOUND('',#7633,.F.);
#7633 = EDGE_LOOP('',(#7634,#7635,#7643,#7649));
#7634 = ORIENTED_EDGE('',*,*,#7620,.F.);
#7635 = ORIENTED_EDGE('',*,*,#7636,.T.);
#7636 = EDGE_CURVE('',#7613,#7637,#7639,.T.);
#7637 = VERTEX_POINT('',#7638);
#7638 = CARTESIAN_POINT('',(-0.12,-7.5,8.));
#7639 = LINE('',#7640,#7641);
#7640 = CARTESIAN_POINT('',(0.32,-7.5,8.));
#7641 = VECTOR('',#7642,1.);
#7642 = DIRECTION('',(-1.,0.,0.));
#7643 = ORIENTED_EDGE('',*,*,#7644,.F.);
#7644 = EDGE_CURVE('',#5664,#7637,#7645,.T.);
#7645 = LINE('',#7646,#7647);
#7646 = CARTESIAN_POINT('',(-0.146666666667,-7.473333333333,
    7.973333333333));
#7647 = VECTOR('',#7648,1.);
#7648 = DIRECTION('',(0.57735026919,-0.57735026919,0.57735026919));
#7649 = ORIENTED_EDGE('',*,*,#5663,.F.);
#7650 = PLANE('',#7651);
#7651 = AXIS2_PLACEMENT_3D('',#7652,#7653,#7654);
#7652 = CARTESIAN_POINT('',(0.32,-7.4,7.9));
#7653 = DIRECTION('',(1.735417226644E-18,-0.707106781187,-0.707106781187
    ));
#7654 = DIRECTION('',(-1.,-1.227125289148E-18,-1.227125289148E-18));
#7655 = ADVANCED_FACE('',(#7656),#7667,.F.);
#7656 = FACE_BOUND('',#7657,.T.);
#7657 = EDGE_LOOP('',(#7658,#7659,#7660,#7661));
#7658 = ORIENTED_EDGE('',*,*,#7644,.F.);
#7659 = ORIENTED_EDGE('',*,*,#5687,.T.);
#7660 = ORIENTED_EDGE('',*,*,#7580,.T.);
#7661 = ORIENTED_EDGE('',*,*,#7662,.F.);
#7662 = EDGE_CURVE('',#7637,#7581,#7663,.T.);
#7663 = LINE('',#7664,#7665);
#7664 = CARTESIAN_POINT('',(-0.12,-7.3,8.));
#7665 = VECTOR('',#7666,1.);
#7666 = DIRECTION('',(0.,-1.,0.));
#7667 = PLANE('',#7668);
#7668 = AXIS2_PLACEMENT_3D('',#7669,#7670,#7671);
#7669 = CARTESIAN_POINT('',(-0.22,-7.3,7.9));
#7670 = DIRECTION('',(0.707106781187,1.735417226644E-18,-0.707106781187)
  );
#7671 = DIRECTION('',(-1.227125289148E-18,1.,1.227125289148E-18));
#7672 = ADVANCED_FACE('',(#7673),#7698,.F.);
#7673 = FACE_BOUND('',#7674,.T.);
#7674 = EDGE_LOOP('',(#7675,#7683,#7684,#7692));
#7675 = ORIENTED_EDGE('',*,*,#7676,.F.);
#7676 = EDGE_CURVE('',#5704,#7677,#7679,.T.);
#7677 = VERTEX_POINT('',#7678);
#7678 = CARTESIAN_POINT('',(-0.12,-5.2,8.));
#7679 = LINE('',#7680,#7681);
#7680 = CARTESIAN_POINT('',(-0.146666666667,-5.226666666667,
    7.973333333333));
#7681 = VECTOR('',#7682,1.);
#7682 = DIRECTION('',(0.57735026919,0.57735026919,0.57735026919));
#7683 = ORIENTED_EDGE('',*,*,#5711,.T.);
#7684 = ORIENTED_EDGE('',*,*,#7685,.F.);
#7685 = EDGE_CURVE('',#7686,#5712,#7688,.T.);
#7686 = VERTEX_POINT('',#7687);
#7687 = CARTESIAN_POINT('',(0.12,-5.2,8.));
#7688 = LINE('',#7689,#7690);
#7689 = CARTESIAN_POINT('',(0.146666666667,-5.226666666667,
    7.973333333333));
#7690 = VECTOR('',#7691,1.);
#7691 = DIRECTION('',(0.57735026919,-0.57735026919,-0.57735026919));
#7692 = ORIENTED_EDGE('',*,*,#7693,.F.);
#7693 = EDGE_CURVE('',#7677,#7686,#7694,.T.);
#7694 = LINE('',#7695,#7696);
#7695 = CARTESIAN_POINT('',(-0.32,-5.2,8.));
#7696 = VECTOR('',#7697,1.);
#7697 = DIRECTION('',(1.,0.,0.));
#7698 = PLANE('',#7699);
#7699 = AXIS2_PLACEMENT_3D('',#7700,#7701,#7702);
#7700 = CARTESIAN_POINT('',(-0.32,-5.3,7.9));
#7701 = DIRECTION('',(-1.735417226644E-18,0.707106781187,-0.707106781187
    ));
#7702 = DIRECTION('',(-1.,-1.227125289148E-18,1.227125289148E-18));
#7703 = ADVANCED_FACE('',(#7704),#7722,.F.);
#7704 = FACE_BOUND('',#7705,.F.);
#7705 = EDGE_LOOP('',(#7706,#7707,#7715,#7721));
#7706 = ORIENTED_EDGE('',*,*,#7685,.F.);
#7707 = ORIENTED_EDGE('',*,*,#7708,.T.);
#7708 = EDGE_CURVE('',#7686,#7709,#7711,.T.);
#7709 = VERTEX_POINT('',#7710);
#7710 = CARTESIAN_POINT('',(0.12,-4.96,8.));
#7711 = LINE('',#7712,#7713);
#7712 = CARTESIAN_POINT('',(0.12,-5.4,8.));
#7713 = VECTOR('',#7714,1.);
#7714 = DIRECTION('',(0.,1.,0.));
#7715 = ORIENTED_EDGE('',*,*,#7716,.T.);
#7716 = EDGE_CURVE('',#7709,#5736,#7717,.T.);
#7717 = LINE('',#7718,#7719);
#7718 = CARTESIAN_POINT('',(0.146666666667,-4.933333333333,
    7.973333333333));
#7719 = VECTOR('',#7720,1.);
#7720 = DIRECTION('',(0.57735026919,0.57735026919,-0.57735026919));
#7721 = ORIENTED_EDGE('',*,*,#5735,.F.);
#7722 = PLANE('',#7723);
#7723 = AXIS2_PLACEMENT_3D('',#7724,#7725,#7726);
#7724 = CARTESIAN_POINT('',(0.22,-5.4,7.9));
#7725 = DIRECTION('',(-0.707106781187,-1.735417226644E-18,
    -0.707106781187));
#7726 = DIRECTION('',(-1.227125289148E-18,1.,-1.227125289148E-18));
#7727 = ADVANCED_FACE('',(#7728),#7746,.F.);
#7728 = FACE_BOUND('',#7729,.F.);
#7729 = EDGE_LOOP('',(#7730,#7731,#7739,#7745));
#7730 = ORIENTED_EDGE('',*,*,#7716,.F.);
#7731 = ORIENTED_EDGE('',*,*,#7732,.T.);
#7732 = EDGE_CURVE('',#7709,#7733,#7735,.T.);
#7733 = VERTEX_POINT('',#7734);
#7734 = CARTESIAN_POINT('',(-0.12,-4.96,8.));
#7735 = LINE('',#7736,#7737);
#7736 = CARTESIAN_POINT('',(0.32,-4.96,8.));
#7737 = VECTOR('',#7738,1.);
#7738 = DIRECTION('',(-1.,0.,0.));
#7739 = ORIENTED_EDGE('',*,*,#7740,.F.);
#7740 = EDGE_CURVE('',#5760,#7733,#7741,.T.);
#7741 = LINE('',#7742,#7743);
#7742 = CARTESIAN_POINT('',(-0.146666666667,-4.933333333333,
    7.973333333333));
#7743 = VECTOR('',#7744,1.);
#7744 = DIRECTION('',(0.57735026919,-0.57735026919,0.57735026919));
#7745 = ORIENTED_EDGE('',*,*,#5759,.F.);
#7746 = PLANE('',#7747);
#7747 = AXIS2_PLACEMENT_3D('',#7748,#7749,#7750);
#7748 = CARTESIAN_POINT('',(0.32,-4.86,7.9));
#7749 = DIRECTION('',(1.735417226644E-18,-0.707106781187,-0.707106781187
    ));
#7750 = DIRECTION('',(-1.,-1.227125289148E-18,-1.227125289148E-18));
#7751 = ADVANCED_FACE('',(#7752),#7763,.F.);
#7752 = FACE_BOUND('',#7753,.T.);
#7753 = EDGE_LOOP('',(#7754,#7755,#7756,#7757));
#7754 = ORIENTED_EDGE('',*,*,#7740,.F.);
#7755 = ORIENTED_EDGE('',*,*,#5783,.T.);
#7756 = ORIENTED_EDGE('',*,*,#7676,.T.);
#7757 = ORIENTED_EDGE('',*,*,#7758,.F.);
#7758 = EDGE_CURVE('',#7733,#7677,#7759,.T.);
#7759 = LINE('',#7760,#7761);
#7760 = CARTESIAN_POINT('',(-0.12,-4.76,8.));
#7761 = VECTOR('',#7762,1.);
#7762 = DIRECTION('',(0.,-1.,0.));
#7763 = PLANE('',#7764);
#7764 = AXIS2_PLACEMENT_3D('',#7765,#7766,#7767);
#7765 = CARTESIAN_POINT('',(-0.22,-4.76,7.9));
#7766 = DIRECTION('',(0.707106781187,1.735417226644E-18,-0.707106781187)
  );
#7767 = DIRECTION('',(-1.227125289148E-18,1.,1.227125289148E-18));
#7768 = ADVANCED_FACE('',(#7769),#7794,.F.);
#7769 = FACE_BOUND('',#7770,.T.);
#7770 = EDGE_LOOP('',(#7771,#7779,#7780,#7788));
#7771 = ORIENTED_EDGE('',*,*,#7772,.F.);
#7772 = EDGE_CURVE('',#5800,#7773,#7775,.T.);
#7773 = VERTEX_POINT('',#7774);
#7774 = CARTESIAN_POINT('',(-0.12,-10.28,8.));
#7775 = LINE('',#7776,#7777);
#7776 = CARTESIAN_POINT('',(-0.146666666667,-10.30666666666,
    7.973333333333));
#7777 = VECTOR('',#7778,1.);
#7778 = DIRECTION('',(0.57735026919,0.57735026919,0.57735026919));
#7779 = ORIENTED_EDGE('',*,*,#5807,.T.);
#7780 = ORIENTED_EDGE('',*,*,#7781,.F.);
#7781 = EDGE_CURVE('',#7782,#5808,#7784,.T.);
#7782 = VERTEX_POINT('',#7783);
#7783 = CARTESIAN_POINT('',(0.12,-10.28,8.));
#7784 = LINE('',#7785,#7786);
#7785 = CARTESIAN_POINT('',(0.146666666667,-10.30666666666,
    7.973333333333));
#7786 = VECTOR('',#7787,1.);
#7787 = DIRECTION('',(0.57735026919,-0.57735026919,-0.57735026919));
#7788 = ORIENTED_EDGE('',*,*,#7789,.F.);
#7789 = EDGE_CURVE('',#7773,#7782,#7790,.T.);
#7790 = LINE('',#7791,#7792);
#7791 = CARTESIAN_POINT('',(-0.32,-10.28,8.));
#7792 = VECTOR('',#7793,1.);
#7793 = DIRECTION('',(1.,0.,0.));
#7794 = PLANE('',#7795);
#7795 = AXIS2_PLACEMENT_3D('',#7796,#7797,#7798);
#7796 = CARTESIAN_POINT('',(-0.32,-10.38,7.9));
#7797 = DIRECTION('',(-1.735417226644E-18,0.707106781187,-0.707106781187
    ));
#7798 = DIRECTION('',(-1.,-1.227125289148E-18,1.227125289148E-18));
#7799 = ADVANCED_FACE('',(#7800),#7818,.F.);
#7800 = FACE_BOUND('',#7801,.F.);
#7801 = EDGE_LOOP('',(#7802,#7803,#7811,#7817));
#7802 = ORIENTED_EDGE('',*,*,#7781,.F.);
#7803 = ORIENTED_EDGE('',*,*,#7804,.T.);
#7804 = EDGE_CURVE('',#7782,#7805,#7807,.T.);
#7805 = VERTEX_POINT('',#7806);
#7806 = CARTESIAN_POINT('',(0.12,-10.04,8.));
#7807 = LINE('',#7808,#7809);
#7808 = CARTESIAN_POINT('',(0.12,-10.48,8.));
#7809 = VECTOR('',#7810,1.);
#7810 = DIRECTION('',(0.,1.,0.));
#7811 = ORIENTED_EDGE('',*,*,#7812,.T.);
#7812 = EDGE_CURVE('',#7805,#5832,#7813,.T.);
#7813 = LINE('',#7814,#7815);
#7814 = CARTESIAN_POINT('',(0.146666666667,-10.01333333333,
    7.973333333333));
#7815 = VECTOR('',#7816,1.);
#7816 = DIRECTION('',(0.57735026919,0.57735026919,-0.57735026919));
#7817 = ORIENTED_EDGE('',*,*,#5831,.F.);
#7818 = PLANE('',#7819);
#7819 = AXIS2_PLACEMENT_3D('',#7820,#7821,#7822);
#7820 = CARTESIAN_POINT('',(0.22,-10.48,7.9));
#7821 = DIRECTION('',(-0.707106781187,-1.735417226644E-18,
    -0.707106781187));
#7822 = DIRECTION('',(-1.227125289148E-18,1.,-1.227125289148E-18));
#7823 = ADVANCED_FACE('',(#7824),#7842,.F.);
#7824 = FACE_BOUND('',#7825,.F.);
#7825 = EDGE_LOOP('',(#7826,#7827,#7835,#7841));
#7826 = ORIENTED_EDGE('',*,*,#7812,.F.);
#7827 = ORIENTED_EDGE('',*,*,#7828,.T.);
#7828 = EDGE_CURVE('',#7805,#7829,#7831,.T.);
#7829 = VERTEX_POINT('',#7830);
#7830 = CARTESIAN_POINT('',(-0.12,-10.04,8.));
#7831 = LINE('',#7832,#7833);
#7832 = CARTESIAN_POINT('',(0.32,-10.04,8.));
#7833 = VECTOR('',#7834,1.);
#7834 = DIRECTION('',(-1.,0.,0.));
#7835 = ORIENTED_EDGE('',*,*,#7836,.F.);
#7836 = EDGE_CURVE('',#5856,#7829,#7837,.T.);
#7837 = LINE('',#7838,#7839);
#7838 = CARTESIAN_POINT('',(-0.146666666667,-10.01333333333,
    7.973333333333));
#7839 = VECTOR('',#7840,1.);
#7840 = DIRECTION('',(0.57735026919,-0.57735026919,0.57735026919));
#7841 = ORIENTED_EDGE('',*,*,#5855,.F.);
#7842 = PLANE('',#7843);
#7843 = AXIS2_PLACEMENT_3D('',#7844,#7845,#7846);
#7844 = CARTESIAN_POINT('',(0.32,-9.94,7.9));
#7845 = DIRECTION('',(1.735417226644E-18,-0.707106781187,-0.707106781187
    ));
#7846 = DIRECTION('',(-1.,-1.227125289148E-18,-1.227125289148E-18));
#7847 = ADVANCED_FACE('',(#7848),#7859,.F.);
#7848 = FACE_BOUND('',#7849,.T.);
#7849 = EDGE_LOOP('',(#7850,#7851,#7852,#7853));
#7850 = ORIENTED_EDGE('',*,*,#7836,.F.);
#7851 = ORIENTED_EDGE('',*,*,#5879,.T.);
#7852 = ORIENTED_EDGE('',*,*,#7772,.T.);
#7853 = ORIENTED_EDGE('',*,*,#7854,.F.);
#7854 = EDGE_CURVE('',#7829,#7773,#7855,.T.);
#7855 = LINE('',#7856,#7857);
#7856 = CARTESIAN_POINT('',(-0.12,-9.84,8.));
#7857 = VECTOR('',#7858,1.);
#7858 = DIRECTION('',(0.,-1.,0.));
#7859 = PLANE('',#7860);
#7860 = AXIS2_PLACEMENT_3D('',#7861,#7862,#7863);
#7861 = CARTESIAN_POINT('',(-0.22,-9.84,7.9));
#7862 = DIRECTION('',(0.707106781187,1.735417226644E-18,-0.707106781187)
  );
#7863 = DIRECTION('',(-1.227125289148E-18,1.,1.227125289148E-18));
#7864 = ADVANCED_FACE('',(#7865),#7890,.F.);
#7865 = FACE_BOUND('',#7866,.T.);
#7866 = EDGE_LOOP('',(#7867,#7875,#7876,#7884));
#7867 = ORIENTED_EDGE('',*,*,#7868,.F.);
#7868 = EDGE_CURVE('',#5896,#7869,#7871,.T.);
#7869 = VERTEX_POINT('',#7870);
#7870 = CARTESIAN_POINT('',(2.42,-10.28,8.));
#7871 = LINE('',#7872,#7873);
#7872 = CARTESIAN_POINT('',(2.393333333333,-10.30666666666,
    7.973333333333));
#7873 = VECTOR('',#7874,1.);
#7874 = DIRECTION('',(0.57735026919,0.57735026919,0.57735026919));
#7875 = ORIENTED_EDGE('',*,*,#5903,.T.);
#7876 = ORIENTED_EDGE('',*,*,#7877,.F.);
#7877 = EDGE_CURVE('',#7878,#5904,#7880,.T.);
#7878 = VERTEX_POINT('',#7879);
#7879 = CARTESIAN_POINT('',(2.66,-10.28,8.));
#7880 = LINE('',#7881,#7882);
#7881 = CARTESIAN_POINT('',(2.686666666667,-10.30666666666,
    7.973333333333));
#7882 = VECTOR('',#7883,1.);
#7883 = DIRECTION('',(0.57735026919,-0.57735026919,-0.57735026919));
#7884 = ORIENTED_EDGE('',*,*,#7885,.F.);
#7885 = EDGE_CURVE('',#7869,#7878,#7886,.T.);
#7886 = LINE('',#7887,#7888);
#7887 = CARTESIAN_POINT('',(2.22,-10.28,8.));
#7888 = VECTOR('',#7889,1.);
#7889 = DIRECTION('',(1.,0.,0.));
#7890 = PLANE('',#7891);
#7891 = AXIS2_PLACEMENT_3D('',#7892,#7893,#7894);
#7892 = CARTESIAN_POINT('',(2.22,-10.38,7.9));
#7893 = DIRECTION('',(-1.735417226644E-18,0.707106781187,-0.707106781187
    ));
#7894 = DIRECTION('',(-1.,-1.227125289148E-18,1.227125289148E-18));
#7895 = ADVANCED_FACE('',(#7896),#7914,.F.);
#7896 = FACE_BOUND('',#7897,.F.);
#7897 = EDGE_LOOP('',(#7898,#7899,#7907,#7913));
#7898 = ORIENTED_EDGE('',*,*,#7877,.F.);
#7899 = ORIENTED_EDGE('',*,*,#7900,.T.);
#7900 = EDGE_CURVE('',#7878,#7901,#7903,.T.);
#7901 = VERTEX_POINT('',#7902);
#7902 = CARTESIAN_POINT('',(2.66,-10.04,8.));
#7903 = LINE('',#7904,#7905);
#7904 = CARTESIAN_POINT('',(2.66,-10.48,8.));
#7905 = VECTOR('',#7906,1.);
#7906 = DIRECTION('',(0.,1.,0.));
#7907 = ORIENTED_EDGE('',*,*,#7908,.T.);
#7908 = EDGE_CURVE('',#7901,#5928,#7909,.T.);
#7909 = LINE('',#7910,#7911);
#7910 = CARTESIAN_POINT('',(2.686666666667,-10.01333333333,
    7.973333333333));
#7911 = VECTOR('',#7912,1.);
#7912 = DIRECTION('',(0.57735026919,0.57735026919,-0.57735026919));
#7913 = ORIENTED_EDGE('',*,*,#5927,.F.);
#7914 = PLANE('',#7915);
#7915 = AXIS2_PLACEMENT_3D('',#7916,#7917,#7918);
#7916 = CARTESIAN_POINT('',(2.76,-10.48,7.9));
#7917 = DIRECTION('',(-0.707106781187,-1.735417226644E-18,
    -0.707106781187));
#7918 = DIRECTION('',(-1.227125289148E-18,1.,-1.227125289148E-18));
#7919 = ADVANCED_FACE('',(#7920),#7938,.F.);
#7920 = FACE_BOUND('',#7921,.F.);
#7921 = EDGE_LOOP('',(#7922,#7923,#7931,#7937));
#7922 = ORIENTED_EDGE('',*,*,#7908,.F.);
#7923 = ORIENTED_EDGE('',*,*,#7924,.T.);
#7924 = EDGE_CURVE('',#7901,#7925,#7927,.T.);
#7925 = VERTEX_POINT('',#7926);
#7926 = CARTESIAN_POINT('',(2.42,-10.04,8.));
#7927 = LINE('',#7928,#7929);
#7928 = CARTESIAN_POINT('',(2.86,-10.04,8.));
#7929 = VECTOR('',#7930,1.);
#7930 = DIRECTION('',(-1.,0.,0.));
#7931 = ORIENTED_EDGE('',*,*,#7932,.T.);
#7932 = EDGE_CURVE('',#7925,#5952,#7933,.T.);
#7933 = LINE('',#7934,#7935);
#7934 = CARTESIAN_POINT('',(2.393333333333,-10.01333333333,
    7.973333333333));
#7935 = VECTOR('',#7936,1.);
#7936 = DIRECTION('',(-0.57735026919,0.57735026919,-0.57735026919));
#7937 = ORIENTED_EDGE('',*,*,#5951,.F.);
#7938 = PLANE('',#7939);
#7939 = AXIS2_PLACEMENT_3D('',#7940,#7941,#7942);
#7940 = CARTESIAN_POINT('',(2.86,-9.94,7.9));
#7941 = DIRECTION('',(1.735417226644E-18,-0.707106781187,-0.707106781187
    ));
#7942 = DIRECTION('',(-1.,-1.227125289148E-18,-1.227125289148E-18));
#7943 = ADVANCED_FACE('',(#7944),#7955,.F.);
#7944 = FACE_BOUND('',#7945,.T.);
#7945 = EDGE_LOOP('',(#7946,#7947,#7948,#7949));
#7946 = ORIENTED_EDGE('',*,*,#7932,.T.);
#7947 = ORIENTED_EDGE('',*,*,#5975,.T.);
#7948 = ORIENTED_EDGE('',*,*,#7868,.T.);
#7949 = ORIENTED_EDGE('',*,*,#7950,.F.);
#7950 = EDGE_CURVE('',#7925,#7869,#7951,.T.);
#7951 = LINE('',#7952,#7953);
#7952 = CARTESIAN_POINT('',(2.42,-9.84,8.));
#7953 = VECTOR('',#7954,1.);
#7954 = DIRECTION('',(0.,-1.,0.));
#7955 = PLANE('',#7956);
#7956 = AXIS2_PLACEMENT_3D('',#7957,#7958,#7959);
#7957 = CARTESIAN_POINT('',(2.32,-9.84,7.9));
#7958 = DIRECTION('',(0.707106781187,1.735417226644E-18,-0.707106781187)
  );
#7959 = DIRECTION('',(-1.227125289148E-18,1.,1.227125289148E-18));
#7960 = ADVANCED_FACE('',(#7961),#7986,.F.);
#7961 = FACE_BOUND('',#7962,.F.);
#7962 = EDGE_LOOP('',(#7963,#7971,#7979,#7985));
#7963 = ORIENTED_EDGE('',*,*,#7964,.F.);
#7964 = EDGE_CURVE('',#7965,#5992,#7967,.T.);
#7965 = VERTEX_POINT('',#7966);
#7966 = CARTESIAN_POINT('',(0.12,0.12,8.));
#7967 = LINE('',#7968,#7969);
#7968 = CARTESIAN_POINT('',(0.146666666667,0.146666666667,7.973333333333
    ));
#7969 = VECTOR('',#7970,1.);
#7970 = DIRECTION('',(0.57735026919,0.57735026919,-0.57735026919));
#7971 = ORIENTED_EDGE('',*,*,#7972,.T.);
#7972 = EDGE_CURVE('',#7965,#7973,#7975,.T.);
#7973 = VERTEX_POINT('',#7974);
#7974 = CARTESIAN_POINT('',(-0.12,0.12,8.));
#7975 = LINE('',#7976,#7977);
#7976 = CARTESIAN_POINT('',(0.32,0.12,8.));
#7977 = VECTOR('',#7978,1.);
#7978 = DIRECTION('',(-1.,0.,0.));
#7979 = ORIENTED_EDGE('',*,*,#7980,.F.);
#7980 = EDGE_CURVE('',#6000,#7973,#7981,.T.);
#7981 = LINE('',#7982,#7983);
#7982 = CARTESIAN_POINT('',(-0.146666666667,0.146666666667,
    7.973333333333));
#7983 = VECTOR('',#7984,1.);
#7984 = DIRECTION('',(0.57735026919,-0.57735026919,0.57735026919));
#7985 = ORIENTED_EDGE('',*,*,#5999,.F.);
#7986 = PLANE('',#7987);
#7987 = AXIS2_PLACEMENT_3D('',#7988,#7989,#7990);
#7988 = CARTESIAN_POINT('',(0.32,0.22,7.9));
#7989 = DIRECTION('',(1.735417226644E-18,-0.707106781187,-0.707106781187
    ));
#7990 = DIRECTION('',(-1.,-1.227125289148E-18,-1.227125289148E-18));
#7991 = ADVANCED_FACE('',(#7992),#8010,.F.);
#7992 = FACE_BOUND('',#7993,.T.);
#7993 = EDGE_LOOP('',(#7994,#7995,#7996,#8004));
#7994 = ORIENTED_EDGE('',*,*,#7980,.F.);
#7995 = ORIENTED_EDGE('',*,*,#6023,.T.);
#7996 = ORIENTED_EDGE('',*,*,#7997,.T.);
#7997 = EDGE_CURVE('',#6024,#7998,#8000,.T.);
#7998 = VERTEX_POINT('',#7999);
#7999 = CARTESIAN_POINT('',(-0.12,-0.12,8.));
#8000 = LINE('',#8001,#8002);
#8001 = CARTESIAN_POINT('',(-0.146666666667,-0.146666666667,
    7.973333333333));
#8002 = VECTOR('',#8003,1.);
#8003 = DIRECTION('',(0.57735026919,0.57735026919,0.57735026919));
#8004 = ORIENTED_EDGE('',*,*,#8005,.F.);
#8005 = EDGE_CURVE('',#7973,#7998,#8006,.T.);
#8006 = LINE('',#8007,#8008);
#8007 = CARTESIAN_POINT('',(-0.12,0.32,8.));
#8008 = VECTOR('',#8009,1.);
#8009 = DIRECTION('',(0.,-1.,0.));
#8010 = PLANE('',#8011);
#8011 = AXIS2_PLACEMENT_3D('',#8012,#8013,#8014);
#8012 = CARTESIAN_POINT('',(-0.22,0.32,7.9));
#8013 = DIRECTION('',(0.707106781187,1.735417226644E-18,-0.707106781187)
  );
#8014 = DIRECTION('',(-1.227125289148E-18,1.,1.227125289148E-18));
#8015 = ADVANCED_FACE('',(#8016),#8034,.F.);
#8016 = FACE_BOUND('',#8017,.T.);
#8017 = EDGE_LOOP('',(#8018,#8019,#8020,#8028));
#8018 = ORIENTED_EDGE('',*,*,#7997,.F.);
#8019 = ORIENTED_EDGE('',*,*,#6047,.T.);
#8020 = ORIENTED_EDGE('',*,*,#8021,.F.);
#8021 = EDGE_CURVE('',#8022,#6048,#8024,.T.);
#8022 = VERTEX_POINT('',#8023);
#8023 = CARTESIAN_POINT('',(0.12,-0.12,8.));
#8024 = LINE('',#8025,#8026);
#8025 = CARTESIAN_POINT('',(0.146666666667,-0.146666666667,
    7.973333333333));
#8026 = VECTOR('',#8027,1.);
#8027 = DIRECTION('',(0.57735026919,-0.57735026919,-0.57735026919));
#8028 = ORIENTED_EDGE('',*,*,#8029,.F.);
#8029 = EDGE_CURVE('',#7998,#8022,#8030,.T.);
#8030 = LINE('',#8031,#8032);
#8031 = CARTESIAN_POINT('',(-0.32,-0.12,8.));
#8032 = VECTOR('',#8033,1.);
#8033 = DIRECTION('',(1.,0.,0.));
#8034 = PLANE('',#8035);
#8035 = AXIS2_PLACEMENT_3D('',#8036,#8037,#8038);
#8036 = CARTESIAN_POINT('',(-0.32,-0.22,7.9));
#8037 = DIRECTION('',(-1.735417226644E-18,0.707106781187,-0.707106781187
    ));
#8038 = DIRECTION('',(-1.,-1.227125289148E-18,1.227125289148E-18));
#8039 = ADVANCED_FACE('',(#8040),#8051,.F.);
#8040 = FACE_BOUND('',#8041,.F.);
#8041 = EDGE_LOOP('',(#8042,#8043,#8049,#8050));
#8042 = ORIENTED_EDGE('',*,*,#8021,.F.);
#8043 = ORIENTED_EDGE('',*,*,#8044,.T.);
#8044 = EDGE_CURVE('',#8022,#7965,#8045,.T.);
#8045 = LINE('',#8046,#8047);
#8046 = CARTESIAN_POINT('',(0.12,-0.32,8.));
#8047 = VECTOR('',#8048,1.);
#8048 = DIRECTION('',(0.,1.,0.));
#8049 = ORIENTED_EDGE('',*,*,#7964,.T.);
#8050 = ORIENTED_EDGE('',*,*,#6071,.F.);
#8051 = PLANE('',#8052);
#8052 = AXIS2_PLACEMENT_3D('',#8053,#8054,#8055);
#8053 = CARTESIAN_POINT('',(0.22,-0.32,7.9));
#8054 = DIRECTION('',(-0.707106781187,-1.735417226644E-18,
    -0.707106781187));
#8055 = DIRECTION('',(-1.227125289148E-18,1.,-1.227125289148E-18));
#8056 = ADVANCED_FACE('',(#8057),#8082,.F.);
#8057 = FACE_BOUND('',#8058,.F.);
#8058 = EDGE_LOOP('',(#8059,#8067,#8075,#8081));
#8059 = ORIENTED_EDGE('',*,*,#8060,.F.);
#8060 = EDGE_CURVE('',#8061,#6088,#8063,.T.);
#8061 = VERTEX_POINT('',#8062);
#8062 = CARTESIAN_POINT('',(2.66,0.12,8.));
#8063 = LINE('',#8064,#8065);
#8064 = CARTESIAN_POINT('',(2.686666666667,0.146666666667,7.973333333333
    ));
#8065 = VECTOR('',#8066,1.);
#8066 = DIRECTION('',(0.57735026919,0.57735026919,-0.57735026919));
#8067 = ORIENTED_EDGE('',*,*,#8068,.T.);
#8068 = EDGE_CURVE('',#8061,#8069,#8071,.T.);
#8069 = VERTEX_POINT('',#8070);
#8070 = CARTESIAN_POINT('',(2.42,0.12,8.));
#8071 = LINE('',#8072,#8073);
#8072 = CARTESIAN_POINT('',(2.86,0.12,8.));
#8073 = VECTOR('',#8074,1.);
#8074 = DIRECTION('',(-1.,0.,0.));
#8075 = ORIENTED_EDGE('',*,*,#8076,.T.);
#8076 = EDGE_CURVE('',#8069,#6096,#8077,.T.);
#8077 = LINE('',#8078,#8079);
#8078 = CARTESIAN_POINT('',(2.393333333333,0.146666666667,7.973333333333
    ));
#8079 = VECTOR('',#8080,1.);
#8080 = DIRECTION('',(-0.57735026919,0.57735026919,-0.57735026919));
#8081 = ORIENTED_EDGE('',*,*,#6095,.F.);
#8082 = PLANE('',#8083);
#8083 = AXIS2_PLACEMENT_3D('',#8084,#8085,#8086);
#8084 = CARTESIAN_POINT('',(2.86,0.22,7.9));
#8085 = DIRECTION('',(1.735417226644E-18,-0.707106781187,-0.707106781187
    ));
#8086 = DIRECTION('',(-1.,-1.227125289148E-18,-1.227125289148E-18));
#8087 = ADVANCED_FACE('',(#8088),#8106,.F.);
#8088 = FACE_BOUND('',#8089,.T.);
#8089 = EDGE_LOOP('',(#8090,#8091,#8092,#8100));
#8090 = ORIENTED_EDGE('',*,*,#8076,.T.);
#8091 = ORIENTED_EDGE('',*,*,#6119,.T.);
#8092 = ORIENTED_EDGE('',*,*,#8093,.T.);
#8093 = EDGE_CURVE('',#6120,#8094,#8096,.T.);
#8094 = VERTEX_POINT('',#8095);
#8095 = CARTESIAN_POINT('',(2.42,-0.12,8.));
#8096 = LINE('',#8097,#8098);
#8097 = CARTESIAN_POINT('',(2.393333333333,-0.146666666667,
    7.973333333333));
#8098 = VECTOR('',#8099,1.);
#8099 = DIRECTION('',(0.57735026919,0.57735026919,0.57735026919));
#8100 = ORIENTED_EDGE('',*,*,#8101,.F.);
#8101 = EDGE_CURVE('',#8069,#8094,#8102,.T.);
#8102 = LINE('',#8103,#8104);
#8103 = CARTESIAN_POINT('',(2.42,0.32,8.));
#8104 = VECTOR('',#8105,1.);
#8105 = DIRECTION('',(0.,-1.,0.));
#8106 = PLANE('',#8107);
#8107 = AXIS2_PLACEMENT_3D('',#8108,#8109,#8110);
#8108 = CARTESIAN_POINT('',(2.32,0.32,7.9));
#8109 = DIRECTION('',(0.707106781187,1.735417226644E-18,-0.707106781187)
  );
#8110 = DIRECTION('',(-1.227125289148E-18,1.,1.227125289148E-18));
#8111 = ADVANCED_FACE('',(#8112),#8130,.F.);
#8112 = FACE_BOUND('',#8113,.T.);
#8113 = EDGE_LOOP('',(#8114,#8115,#8116,#8124));
#8114 = ORIENTED_EDGE('',*,*,#8093,.F.);
#8115 = ORIENTED_EDGE('',*,*,#6143,.T.);
#8116 = ORIENTED_EDGE('',*,*,#8117,.F.);
#8117 = EDGE_CURVE('',#8118,#6144,#8120,.T.);
#8118 = VERTEX_POINT('',#8119);
#8119 = CARTESIAN_POINT('',(2.66,-0.12,8.));
#8120 = LINE('',#8121,#8122);
#8121 = CARTESIAN_POINT('',(2.686666666667,-0.146666666667,
    7.973333333333));
#8122 = VECTOR('',#8123,1.);
#8123 = DIRECTION('',(0.57735026919,-0.57735026919,-0.57735026919));
#8124 = ORIENTED_EDGE('',*,*,#8125,.F.);
#8125 = EDGE_CURVE('',#8094,#8118,#8126,.T.);
#8126 = LINE('',#8127,#8128);
#8127 = CARTESIAN_POINT('',(2.22,-0.12,8.));
#8128 = VECTOR('',#8129,1.);
#8129 = DIRECTION('',(1.,0.,0.));
#8130 = PLANE('',#8131);
#8131 = AXIS2_PLACEMENT_3D('',#8132,#8133,#8134);
#8132 = CARTESIAN_POINT('',(2.22,-0.22,7.9));
#8133 = DIRECTION('',(-1.735417226644E-18,0.707106781187,-0.707106781187
    ));
#8134 = DIRECTION('',(-1.,-1.227125289148E-18,1.227125289148E-18));
#8135 = ADVANCED_FACE('',(#8136),#8147,.F.);
#8136 = FACE_BOUND('',#8137,.F.);
#8137 = EDGE_LOOP('',(#8138,#8139,#8145,#8146));
#8138 = ORIENTED_EDGE('',*,*,#8117,.F.);
#8139 = ORIENTED_EDGE('',*,*,#8140,.T.);
#8140 = EDGE_CURVE('',#8118,#8061,#8141,.T.);
#8141 = LINE('',#8142,#8143);
#8142 = CARTESIAN_POINT('',(2.66,-0.32,8.));
#8143 = VECTOR('',#8144,1.);
#8144 = DIRECTION('',(0.,1.,0.));
#8145 = ORIENTED_EDGE('',*,*,#8060,.T.);
#8146 = ORIENTED_EDGE('',*,*,#6167,.F.);
#8147 = PLANE('',#8148);
#8148 = AXIS2_PLACEMENT_3D('',#8149,#8150,#8151);
#8149 = CARTESIAN_POINT('',(2.76,-0.32,7.9));
#8150 = DIRECTION('',(-0.707106781187,-1.735417226644E-18,
    -0.707106781187));
#8151 = DIRECTION('',(-1.227125289148E-18,1.,-1.227125289148E-18));
#8152 = ADVANCED_FACE('',(#8153),#8178,.F.);
#8153 = FACE_BOUND('',#8154,.T.);
#8154 = EDGE_LOOP('',(#8155,#8163,#8164,#8172));
#8155 = ORIENTED_EDGE('',*,*,#8156,.F.);
#8156 = EDGE_CURVE('',#6184,#8157,#8159,.T.);
#8157 = VERTEX_POINT('',#8158);
#8158 = CARTESIAN_POINT('',(2.42,-2.66,8.));
#8159 = LINE('',#8160,#8161);
#8160 = CARTESIAN_POINT('',(2.393333333333,-2.686666666667,
    7.973333333333));
#8161 = VECTOR('',#8162,1.);
#8162 = DIRECTION('',(0.57735026919,0.57735026919,0.57735026919));
#8163 = ORIENTED_EDGE('',*,*,#6191,.T.);
#8164 = ORIENTED_EDGE('',*,*,#8165,.F.);
#8165 = EDGE_CURVE('',#8166,#6192,#8168,.T.);
#8166 = VERTEX_POINT('',#8167);
#8167 = CARTESIAN_POINT('',(2.66,-2.66,8.));
#8168 = LINE('',#8169,#8170);
#8169 = CARTESIAN_POINT('',(2.686666666667,-2.686666666667,
    7.973333333333));
#8170 = VECTOR('',#8171,1.);
#8171 = DIRECTION('',(0.57735026919,-0.57735026919,-0.57735026919));
#8172 = ORIENTED_EDGE('',*,*,#8173,.F.);
#8173 = EDGE_CURVE('',#8157,#8166,#8174,.T.);
#8174 = LINE('',#8175,#8176);
#8175 = CARTESIAN_POINT('',(2.22,-2.66,8.));
#8176 = VECTOR('',#8177,1.);
#8177 = DIRECTION('',(1.,0.,0.));
#8178 = PLANE('',#8179);
#8179 = AXIS2_PLACEMENT_3D('',#8180,#8181,#8182);
#8180 = CARTESIAN_POINT('',(2.22,-2.76,7.9));
#8181 = DIRECTION('',(-1.735417226644E-18,0.707106781187,-0.707106781187
    ));
#8182 = DIRECTION('',(-1.,-1.227125289148E-18,1.227125289148E-18));
#8183 = ADVANCED_FACE('',(#8184),#8202,.F.);
#8184 = FACE_BOUND('',#8185,.F.);
#8185 = EDGE_LOOP('',(#8186,#8187,#8195,#8201));
#8186 = ORIENTED_EDGE('',*,*,#8165,.F.);
#8187 = ORIENTED_EDGE('',*,*,#8188,.T.);
#8188 = EDGE_CURVE('',#8166,#8189,#8191,.T.);
#8189 = VERTEX_POINT('',#8190);
#8190 = CARTESIAN_POINT('',(2.66,-2.42,8.));
#8191 = LINE('',#8192,#8193);
#8192 = CARTESIAN_POINT('',(2.66,-2.86,8.));
#8193 = VECTOR('',#8194,1.);
#8194 = DIRECTION('',(0.,1.,0.));
#8195 = ORIENTED_EDGE('',*,*,#8196,.T.);
#8196 = EDGE_CURVE('',#8189,#6216,#8197,.T.);
#8197 = LINE('',#8198,#8199);
#8198 = CARTESIAN_POINT('',(2.686666666667,-2.393333333333,
    7.973333333333));
#8199 = VECTOR('',#8200,1.);
#8200 = DIRECTION('',(0.57735026919,0.57735026919,-0.57735026919));
#8201 = ORIENTED_EDGE('',*,*,#6215,.F.);
#8202 = PLANE('',#8203);
#8203 = AXIS2_PLACEMENT_3D('',#8204,#8205,#8206);
#8204 = CARTESIAN_POINT('',(2.76,-2.86,7.9));
#8205 = DIRECTION('',(-0.707106781187,-1.735417226644E-18,
    -0.707106781187));
#8206 = DIRECTION('',(-1.227125289148E-18,1.,-1.227125289148E-18));
#8207 = ADVANCED_FACE('',(#8208),#8226,.F.);
#8208 = FACE_BOUND('',#8209,.F.);
#8209 = EDGE_LOOP('',(#8210,#8211,#8219,#8225));
#8210 = ORIENTED_EDGE('',*,*,#8196,.F.);
#8211 = ORIENTED_EDGE('',*,*,#8212,.T.);
#8212 = EDGE_CURVE('',#8189,#8213,#8215,.T.);
#8213 = VERTEX_POINT('',#8214);
#8214 = CARTESIAN_POINT('',(2.42,-2.42,8.));
#8215 = LINE('',#8216,#8217);
#8216 = CARTESIAN_POINT('',(2.86,-2.42,8.));
#8217 = VECTOR('',#8218,1.);
#8218 = DIRECTION('',(-1.,0.,0.));
#8219 = ORIENTED_EDGE('',*,*,#8220,.F.);
#8220 = EDGE_CURVE('',#6240,#8213,#8221,.T.);
#8221 = LINE('',#8222,#8223);
#8222 = CARTESIAN_POINT('',(2.393333333333,-2.393333333333,
    7.973333333333));
#8223 = VECTOR('',#8224,1.);
#8224 = DIRECTION('',(0.57735026919,-0.57735026919,0.57735026919));
#8225 = ORIENTED_EDGE('',*,*,#6239,.F.);
#8226 = PLANE('',#8227);
#8227 = AXIS2_PLACEMENT_3D('',#8228,#8229,#8230);
#8228 = CARTESIAN_POINT('',(2.86,-2.32,7.9));
#8229 = DIRECTION('',(1.735417226644E-18,-0.707106781187,-0.707106781187
    ));
#8230 = DIRECTION('',(-1.,-1.227125289148E-18,-1.227125289148E-18));
#8231 = ADVANCED_FACE('',(#8232),#8243,.F.);
#8232 = FACE_BOUND('',#8233,.T.);
#8233 = EDGE_LOOP('',(#8234,#8235,#8236,#8237));
#8234 = ORIENTED_EDGE('',*,*,#8220,.F.);
#8235 = ORIENTED_EDGE('',*,*,#6263,.T.);
#8236 = ORIENTED_EDGE('',*,*,#8156,.T.);
#8237 = ORIENTED_EDGE('',*,*,#8238,.F.);
#8238 = EDGE_CURVE('',#8213,#8157,#8239,.T.);
#8239 = LINE('',#8240,#8241);
#8240 = CARTESIAN_POINT('',(2.42,-2.22,8.));
#8241 = VECTOR('',#8242,1.);
#8242 = DIRECTION('',(0.,-1.,0.));
#8243 = PLANE('',#8244);
#8244 = AXIS2_PLACEMENT_3D('',#8245,#8246,#8247);
#8245 = CARTESIAN_POINT('',(2.32,-2.22,7.9));
#8246 = DIRECTION('',(0.707106781187,1.735417226644E-18,-0.707106781187)
  );
#8247 = DIRECTION('',(-1.227125289148E-18,1.,1.227125289148E-18));
#8248 = ADVANCED_FACE('',(#8249),#8274,.F.);
#8249 = FACE_BOUND('',#8250,.T.);
#8250 = EDGE_LOOP('',(#8251,#8259,#8260,#8268));
#8251 = ORIENTED_EDGE('',*,*,#8252,.T.);
#8252 = EDGE_CURVE('',#8253,#6280,#8255,.T.);
#8253 = VERTEX_POINT('',#8254);
#8254 = CARTESIAN_POINT('',(-0.12,-2.42,8.));
#8255 = LINE('',#8256,#8257);
#8256 = CARTESIAN_POINT('',(-0.146666666667,-2.393333333333,
    7.973333333333));
#8257 = VECTOR('',#8258,1.);
#8258 = DIRECTION('',(-0.57735026919,0.57735026919,-0.57735026919));
#8259 = ORIENTED_EDGE('',*,*,#6287,.T.);
#8260 = ORIENTED_EDGE('',*,*,#8261,.T.);
#8261 = EDGE_CURVE('',#6288,#8262,#8264,.T.);
#8262 = VERTEX_POINT('',#8263);
#8263 = CARTESIAN_POINT('',(-0.12,-2.66,8.));
#8264 = LINE('',#8265,#8266);
#8265 = CARTESIAN_POINT('',(-0.146666666667,-2.686666666667,
    7.973333333333));
#8266 = VECTOR('',#8267,1.);
#8267 = DIRECTION('',(0.57735026919,0.57735026919,0.57735026919));
#8268 = ORIENTED_EDGE('',*,*,#8269,.F.);
#8269 = EDGE_CURVE('',#8253,#8262,#8270,.T.);
#8270 = LINE('',#8271,#8272);
#8271 = CARTESIAN_POINT('',(-0.12,-2.22,8.));
#8272 = VECTOR('',#8273,1.);
#8273 = DIRECTION('',(0.,-1.,0.));
#8274 = PLANE('',#8275);
#8275 = AXIS2_PLACEMENT_3D('',#8276,#8277,#8278);
#8276 = CARTESIAN_POINT('',(-0.22,-2.22,7.9));
#8277 = DIRECTION('',(0.707106781187,1.735417226644E-18,-0.707106781187)
  );
#8278 = DIRECTION('',(-1.227125289148E-18,1.,1.227125289148E-18));
#8279 = ADVANCED_FACE('',(#8280),#8298,.F.);
#8280 = FACE_BOUND('',#8281,.T.);
#8281 = EDGE_LOOP('',(#8282,#8283,#8284,#8292));
#8282 = ORIENTED_EDGE('',*,*,#8261,.F.);
#8283 = ORIENTED_EDGE('',*,*,#6311,.T.);
#8284 = ORIENTED_EDGE('',*,*,#8285,.T.);
#8285 = EDGE_CURVE('',#6312,#8286,#8288,.T.);
#8286 = VERTEX_POINT('',#8287);
#8287 = CARTESIAN_POINT('',(0.12,-2.66,8.));
#8288 = LINE('',#8289,#8290);
#8289 = CARTESIAN_POINT('',(0.146666666667,-2.686666666667,
    7.973333333333));
#8290 = VECTOR('',#8291,1.);
#8291 = DIRECTION('',(-0.57735026919,0.57735026919,0.57735026919));
#8292 = ORIENTED_EDGE('',*,*,#8293,.F.);
#8293 = EDGE_CURVE('',#8262,#8286,#8294,.T.);
#8294 = LINE('',#8295,#8296);
#8295 = CARTESIAN_POINT('',(-0.32,-2.66,8.));
#8296 = VECTOR('',#8297,1.);
#8297 = DIRECTION('',(1.,0.,0.));
#8298 = PLANE('',#8299);
#8299 = AXIS2_PLACEMENT_3D('',#8300,#8301,#8302);
#8300 = CARTESIAN_POINT('',(-0.32,-2.76,7.9));
#8301 = DIRECTION('',(-1.735417226644E-18,0.707106781187,-0.707106781187
    ));
#8302 = DIRECTION('',(-1.,-1.227125289148E-18,1.227125289148E-18));
#8303 = ADVANCED_FACE('',(#8304),#8322,.F.);
#8304 = FACE_BOUND('',#8305,.F.);
#8305 = EDGE_LOOP('',(#8306,#8307,#8315,#8321));
#8306 = ORIENTED_EDGE('',*,*,#8285,.T.);
#8307 = ORIENTED_EDGE('',*,*,#8308,.T.);
#8308 = EDGE_CURVE('',#8286,#8309,#8311,.T.);
#8309 = VERTEX_POINT('',#8310);
#8310 = CARTESIAN_POINT('',(0.12,-2.42,8.));
#8311 = LINE('',#8312,#8313);
#8312 = CARTESIAN_POINT('',(0.12,-2.86,8.));
#8313 = VECTOR('',#8314,1.);
#8314 = DIRECTION('',(0.,1.,0.));
#8315 = ORIENTED_EDGE('',*,*,#8316,.T.);
#8316 = EDGE_CURVE('',#8309,#6336,#8317,.T.);
#8317 = LINE('',#8318,#8319);
#8318 = CARTESIAN_POINT('',(0.146666666667,-2.393333333333,
    7.973333333333));
#8319 = VECTOR('',#8320,1.);
#8320 = DIRECTION('',(0.57735026919,0.57735026919,-0.57735026919));
#8321 = ORIENTED_EDGE('',*,*,#6335,.F.);
#8322 = PLANE('',#8323);
#8323 = AXIS2_PLACEMENT_3D('',#8324,#8325,#8326);
#8324 = CARTESIAN_POINT('',(0.22,-2.86,7.9));
#8325 = DIRECTION('',(-0.707106781187,-1.735417226644E-18,
    -0.707106781187));
#8326 = DIRECTION('',(-1.227125289148E-18,1.,-1.227125289148E-18));
#8327 = ADVANCED_FACE('',(#8328),#8339,.F.);
#8328 = FACE_BOUND('',#8329,.F.);
#8329 = EDGE_LOOP('',(#8330,#8331,#8337,#8338));
#8330 = ORIENTED_EDGE('',*,*,#8316,.F.);
#8331 = ORIENTED_EDGE('',*,*,#8332,.T.);
#8332 = EDGE_CURVE('',#8309,#8253,#8333,.T.);
#8333 = LINE('',#8334,#8335);
#8334 = CARTESIAN_POINT('',(0.32,-2.42,8.));
#8335 = VECTOR('',#8336,1.);
#8336 = DIRECTION('',(-1.,0.,0.));
#8337 = ORIENTED_EDGE('',*,*,#8252,.T.);
#8338 = ORIENTED_EDGE('',*,*,#6359,.F.);
#8339 = PLANE('',#8340);
#8340 = AXIS2_PLACEMENT_3D('',#8341,#8342,#8343);
#8341 = CARTESIAN_POINT('',(0.32,-2.32,7.9));
#8342 = DIRECTION('',(1.735417226644E-18,-0.707106781187,-0.707106781187
    ));
#8343 = DIRECTION('',(-1.,-1.227125289148E-18,-1.227125289148E-18));
#8344 = ADVANCED_FACE('',(#8345),#8351,.F.);
#8345 = FACE_BOUND('',#8346,.F.);
#8346 = EDGE_LOOP('',(#8347,#8348,#8349,#8350));
#8347 = ORIENTED_EDGE('',*,*,#6415,.T.);
#8348 = ORIENTED_EDGE('',*,*,#6391,.T.);
#8349 = ORIENTED_EDGE('',*,*,#6456,.T.);
#8350 = ORIENTED_EDGE('',*,*,#6439,.T.);
#8351 = PLANE('',#8352);
#8352 = AXIS2_PLACEMENT_3D('',#8353,#8354,#8355);
#8353 = CARTESIAN_POINT('',(1.084202172486E-17,-10.16,-3.));
#8354 = DIRECTION('',(0.,0.,1.));
#8355 = DIRECTION('',(1.,0.,-0.));
#8356 = ADVANCED_FACE('',(#8357),#8363,.F.);
#8357 = FACE_BOUND('',#8358,.F.);
#8358 = EDGE_LOOP('',(#8359,#8360,#8361,#8362));
#8359 = ORIENTED_EDGE('',*,*,#6520,.T.);
#8360 = ORIENTED_EDGE('',*,*,#6496,.T.);
#8361 = ORIENTED_EDGE('',*,*,#6561,.T.);
#8362 = ORIENTED_EDGE('',*,*,#6544,.T.);
#8363 = PLANE('',#8364);
#8364 = AXIS2_PLACEMENT_3D('',#8365,#8366,#8367);
#8365 = CARTESIAN_POINT('',(2.54,-5.08,-3.));
#8366 = DIRECTION('',(0.,0.,1.));
#8367 = DIRECTION('',(1.,0.,-0.));
#8368 = ADVANCED_FACE('',(#8369),#8375,.F.);
#8369 = FACE_BOUND('',#8370,.F.);
#8370 = EDGE_LOOP('',(#8371,#8372,#8373,#8374));
#8371 = ORIENTED_EDGE('',*,*,#6592,.T.);
#8372 = ORIENTED_EDGE('',*,*,#6657,.T.);
#8373 = ORIENTED_EDGE('',*,*,#6640,.T.);
#8374 = ORIENTED_EDGE('',*,*,#6616,.T.);
#8375 = PLANE('',#8376);
#8376 = AXIS2_PLACEMENT_3D('',#8377,#8378,#8379);
#8377 = CARTESIAN_POINT('',(2.54,-7.62,-3.));
#8378 = DIRECTION('',(0.,0.,1.));
#8379 = DIRECTION('',(1.,0.,-0.));
#8380 = ADVANCED_FACE('',(#8381),#8387,.F.);
#8381 = FACE_BOUND('',#8382,.F.);
#8382 = EDGE_LOOP('',(#8383,#8384,#8385,#8386));
#8383 = ORIENTED_EDGE('',*,*,#6688,.T.);
#8384 = ORIENTED_EDGE('',*,*,#6753,.T.);
#8385 = ORIENTED_EDGE('',*,*,#6736,.T.);
#8386 = ORIENTED_EDGE('',*,*,#6712,.T.);
#8387 = PLANE('',#8388);
#8388 = AXIS2_PLACEMENT_3D('',#8389,#8390,#8391);
#8389 = CARTESIAN_POINT('',(2.54,-10.16,-3.));
#8390 = DIRECTION('',(0.,0.,1.));
#8391 = DIRECTION('',(1.,0.,-0.));
#8392 = ADVANCED_FACE('',(#8393),#8399,.F.);
#8393 = FACE_BOUND('',#8394,.F.);
#8394 = EDGE_LOOP('',(#8395,#8396,#8397,#8398));
#8395 = ORIENTED_EDGE('',*,*,#6784,.T.);
#8396 = ORIENTED_EDGE('',*,*,#6849,.T.);
#8397 = ORIENTED_EDGE('',*,*,#6832,.T.);
#8398 = ORIENTED_EDGE('',*,*,#6808,.T.);
#8399 = PLANE('',#8400);
#8400 = AXIS2_PLACEMENT_3D('',#8401,#8402,#8403);
#8401 = CARTESIAN_POINT('',(1.084202172486E-17,-5.08,-3.));
#8402 = DIRECTION('',(0.,0.,1.));
#8403 = DIRECTION('',(1.,0.,-0.));
#8404 = ADVANCED_FACE('',(#8405),#8411,.F.);
#8405 = FACE_BOUND('',#8406,.F.);
#8406 = EDGE_LOOP('',(#8407,#8408,#8409,#8410));
#8407 = ORIENTED_EDGE('',*,*,#6945,.T.);
#8408 = ORIENTED_EDGE('',*,*,#6928,.T.);
#8409 = ORIENTED_EDGE('',*,*,#6904,.T.);
#8410 = ORIENTED_EDGE('',*,*,#6880,.T.);
#8411 = PLANE('',#8412);
#8412 = AXIS2_PLACEMENT_3D('',#8413,#8414,#8415);
#8413 = CARTESIAN_POINT('',(1.084202172486E-17,-7.62,-3.));
#8414 = DIRECTION('',(0.,0.,1.));
#8415 = DIRECTION('',(1.,0.,-0.));
#8416 = ADVANCED_FACE('',(#8417),#8423,.F.);
#8417 = FACE_BOUND('',#8418,.F.);
#8418 = EDGE_LOOP('',(#8419,#8420,#8421,#8422));
#8419 = ORIENTED_EDGE('',*,*,#7059,.T.);
#8420 = ORIENTED_EDGE('',*,*,#7042,.T.);
#8421 = ORIENTED_EDGE('',*,*,#7018,.T.);
#8422 = ORIENTED_EDGE('',*,*,#6994,.T.);
#8423 = PLANE('',#8424);
#8424 = AXIS2_PLACEMENT_3D('',#8425,#8426,#8427);
#8425 = CARTESIAN_POINT('',(1.084202172486E-17,-1.084202172486E-17,-3.)
  );
#8426 = DIRECTION('',(0.,0.,1.));
#8427 = DIRECTION('',(1.,0.,-0.));
#8428 = ADVANCED_FACE('',(#8429),#8435,.F.);
#8429 = FACE_BOUND('',#8430,.F.);
#8430 = EDGE_LOOP('',(#8431,#8432,#8433,#8434));
#8431 = ORIENTED_EDGE('',*,*,#7114,.T.);
#8432 = ORIENTED_EDGE('',*,*,#7090,.T.);
#8433 = ORIENTED_EDGE('',*,*,#7155,.T.);
#8434 = ORIENTED_EDGE('',*,*,#7138,.T.);
#8435 = PLANE('',#8436);
#8436 = AXIS2_PLACEMENT_3D('',#8437,#8438,#8439);
#8437 = CARTESIAN_POINT('',(2.54,-2.54,-3.));
#8438 = DIRECTION('',(0.,0.,1.));
#8439 = DIRECTION('',(1.,0.,-0.));
#8440 = ADVANCED_FACE('',(#8441),#8447,.F.);
#8441 = FACE_BOUND('',#8442,.F.);
#8442 = EDGE_LOOP('',(#8443,#8444,#8445,#8446));
#8443 = ORIENTED_EDGE('',*,*,#7234,.T.);
#8444 = ORIENTED_EDGE('',*,*,#7210,.T.);
#8445 = ORIENTED_EDGE('',*,*,#7186,.T.);
#8446 = ORIENTED_EDGE('',*,*,#7251,.T.);
#8447 = PLANE('',#8448);
#8448 = AXIS2_PLACEMENT_3D('',#8449,#8450,#8451);
#8449 = CARTESIAN_POINT('',(1.084202172486E-17,-2.54,-3.));
#8450 = DIRECTION('',(0.,0.,1.));
#8451 = DIRECTION('',(1.,0.,-0.));
#8452 = ADVANCED_FACE('',(#8453),#8459,.F.);
#8453 = FACE_BOUND('',#8454,.F.);
#8454 = EDGE_LOOP('',(#8455,#8456,#8457,#8458));
#8455 = ORIENTED_EDGE('',*,*,#7330,.T.);
#8456 = ORIENTED_EDGE('',*,*,#7306,.T.);
#8457 = ORIENTED_EDGE('',*,*,#7282,.T.);
#8458 = ORIENTED_EDGE('',*,*,#7347,.T.);
#8459 = PLANE('',#8460);
#8460 = AXIS2_PLACEMENT_3D('',#8461,#8462,#8463);
#8461 = CARTESIAN_POINT('',(2.54,-1.084202172486E-17,-3.));
#8462 = DIRECTION('',(0.,0.,1.));
#8463 = DIRECTION('',(1.,0.,-0.));
#8464 = ADVANCED_FACE('',(#8465),#8471,.T.);
#8465 = FACE_BOUND('',#8466,.T.);
#8466 = EDGE_LOOP('',(#8467,#8468,#8469,#8470));
#8467 = ORIENTED_EDGE('',*,*,#7470,.T.);
#8468 = ORIENTED_EDGE('',*,*,#7396,.T.);
#8469 = ORIENTED_EDGE('',*,*,#7420,.T.);
#8470 = ORIENTED_EDGE('',*,*,#7453,.T.);
#8471 = PLANE('',#8472);
#8472 = AXIS2_PLACEMENT_3D('',#8473,#8474,#8475);
#8473 = CARTESIAN_POINT('',(2.54,-5.08,8.));
#8474 = DIRECTION('',(0.,0.,1.));
#8475 = DIRECTION('',(1.,0.,-0.));
#8476 = ADVANCED_FACE('',(#8477),#8483,.T.);
#8477 = FACE_BOUND('',#8478,.T.);
#8478 = EDGE_LOOP('',(#8479,#8480,#8481,#8482));
#8479 = ORIENTED_EDGE('',*,*,#7501,.T.);
#8480 = ORIENTED_EDGE('',*,*,#7516,.T.);
#8481 = ORIENTED_EDGE('',*,*,#7540,.T.);
#8482 = ORIENTED_EDGE('',*,*,#7566,.T.);
#8483 = PLANE('',#8484);
#8484 = AXIS2_PLACEMENT_3D('',#8485,#8486,#8487);
#8485 = CARTESIAN_POINT('',(2.54,-7.62,8.));
#8486 = DIRECTION('',(0.,0.,1.));
#8487 = DIRECTION('',(1.,0.,-0.));
#8488 = ADVANCED_FACE('',(#8489),#8495,.T.);
#8489 = FACE_BOUND('',#8490,.T.);
#8490 = EDGE_LOOP('',(#8491,#8492,#8493,#8494));
#8491 = ORIENTED_EDGE('',*,*,#7597,.T.);
#8492 = ORIENTED_EDGE('',*,*,#7612,.T.);
#8493 = ORIENTED_EDGE('',*,*,#7636,.T.);
#8494 = ORIENTED_EDGE('',*,*,#7662,.T.);
#8495 = PLANE('',#8496);
#8496 = AXIS2_PLACEMENT_3D('',#8497,#8498,#8499);
#8497 = CARTESIAN_POINT('',(1.084202172486E-17,-7.62,8.));
#8498 = DIRECTION('',(0.,0.,1.));
#8499 = DIRECTION('',(1.,0.,-0.));
#8500 = ADVANCED_FACE('',(#8501),#8507,.T.);
#8501 = FACE_BOUND('',#8502,.T.);
#8502 = EDGE_LOOP('',(#8503,#8504,#8505,#8506));
#8503 = ORIENTED_EDGE('',*,*,#7708,.T.);
#8504 = ORIENTED_EDGE('',*,*,#7732,.T.);
#8505 = ORIENTED_EDGE('',*,*,#7758,.T.);
#8506 = ORIENTED_EDGE('',*,*,#7693,.T.);
#8507 = PLANE('',#8508);
#8508 = AXIS2_PLACEMENT_3D('',#8509,#8510,#8511);
#8509 = CARTESIAN_POINT('',(1.084202172486E-17,-5.08,8.));
#8510 = DIRECTION('',(0.,0.,1.));
#8511 = DIRECTION('',(1.,0.,-0.));
#8512 = ADVANCED_FACE('',(#8513),#8519,.T.);
#8513 = FACE_BOUND('',#8514,.T.);
#8514 = EDGE_LOOP('',(#8515,#8516,#8517,#8518));
#8515 = ORIENTED_EDGE('',*,*,#7804,.T.);
#8516 = ORIENTED_EDGE('',*,*,#7828,.T.);
#8517 = ORIENTED_EDGE('',*,*,#7854,.T.);
#8518 = ORIENTED_EDGE('',*,*,#7789,.T.);
#8519 = PLANE('',#8520);
#8520 = AXIS2_PLACEMENT_3D('',#8521,#8522,#8523);
#8521 = CARTESIAN_POINT('',(1.084202172486E-17,-10.16,8.));
#8522 = DIRECTION('',(0.,0.,1.));
#8523 = DIRECTION('',(1.,0.,-0.));
#8524 = ADVANCED_FACE('',(#8525),#8531,.T.);
#8525 = FACE_BOUND('',#8526,.T.);
#8526 = EDGE_LOOP('',(#8527,#8528,#8529,#8530));
#8527 = ORIENTED_EDGE('',*,*,#7900,.T.);
#8528 = ORIENTED_EDGE('',*,*,#7924,.T.);
#8529 = ORIENTED_EDGE('',*,*,#7950,.T.);
#8530 = ORIENTED_EDGE('',*,*,#7885,.T.);
#8531 = PLANE('',#8532);
#8532 = AXIS2_PLACEMENT_3D('',#8533,#8534,#8535);
#8533 = CARTESIAN_POINT('',(2.54,-10.16,8.));
#8534 = DIRECTION('',(0.,0.,1.));
#8535 = DIRECTION('',(1.,0.,-0.));
#8536 = ADVANCED_FACE('',(#8537),#8543,.T.);
#8537 = FACE_BOUND('',#8538,.T.);
#8538 = EDGE_LOOP('',(#8539,#8540,#8541,#8542));
#8539 = ORIENTED_EDGE('',*,*,#8005,.T.);
#8540 = ORIENTED_EDGE('',*,*,#8029,.T.);
#8541 = ORIENTED_EDGE('',*,*,#8044,.T.);
#8542 = ORIENTED_EDGE('',*,*,#7972,.T.);
#8543 = PLANE('',#8544);
#8544 = AXIS2_PLACEMENT_3D('',#8545,#8546,#8547);
#8545 = CARTESIAN_POINT('',(1.084202172486E-17,-1.084202172486E-17,8.));
#8546 = DIRECTION('',(0.,0.,1.));
#8547 = DIRECTION('',(1.,0.,-0.));
#8548 = ADVANCED_FACE('',(#8549),#8555,.T.);
#8549 = FACE_BOUND('',#8550,.T.);
#8550 = EDGE_LOOP('',(#8551,#8552,#8553,#8554));
#8551 = ORIENTED_EDGE('',*,*,#8068,.T.);
#8552 = ORIENTED_EDGE('',*,*,#8101,.T.);
#8553 = ORIENTED_EDGE('',*,*,#8125,.T.);
#8554 = ORIENTED_EDGE('',*,*,#8140,.T.);
#8555 = PLANE('',#8556);
#8556 = AXIS2_PLACEMENT_3D('',#8557,#8558,#8559);
#8557 = CARTESIAN_POINT('',(2.54,-1.084202172486E-17,8.));
#8558 = DIRECTION('',(0.,0.,1.));
#8559 = DIRECTION('',(1.,0.,-0.));
#8560 = ADVANCED_FACE('',(#8561),#8567,.T.);
#8561 = FACE_BOUND('',#8562,.T.);
#8562 = EDGE_LOOP('',(#8563,#8564,#8565,#8566));
#8563 = ORIENTED_EDGE('',*,*,#8238,.T.);
#8564 = ORIENTED_EDGE('',*,*,#8173,.T.);
#8565 = ORIENTED_EDGE('',*,*,#8188,.T.);
#8566 = ORIENTED_EDGE('',*,*,#8212,.T.);
#8567 = PLANE('',#8568);
#8568 = AXIS2_PLACEMENT_3D('',#8569,#8570,#8571);
#8569 = CARTESIAN_POINT('',(2.54,-2.54,8.));
#8570 = DIRECTION('',(0.,0.,1.));
#8571 = DIRECTION('',(1.,0.,-0.));
#8572 = ADVANCED_FACE('',(#8573),#8579,.T.);
#8573 = FACE_BOUND('',#8574,.T.);
#8574 = EDGE_LOOP('',(#8575,#8576,#8577,#8578));
#8575 = ORIENTED_EDGE('',*,*,#8293,.T.);
#8576 = ORIENTED_EDGE('',*,*,#8308,.T.);
#8577 = ORIENTED_EDGE('',*,*,#8332,.T.);
#8578 = ORIENTED_EDGE('',*,*,#8269,.T.);
#8579 = PLANE('',#8580);
#8580 = AXIS2_PLACEMENT_3D('',#8581,#8582,#8583);
#8581 = CARTESIAN_POINT('',(1.084202172486E-17,-2.54,8.));
#8582 = DIRECTION('',(0.,0.,1.));
#8583 = DIRECTION('',(1.,0.,-0.));
#8584 = ( GEOMETRIC_REPRESENTATION_CONTEXT(3) 
GLOBAL_UNCERTAINTY_ASSIGNED_CONTEXT((#8588)) 
GLOBAL_UNIT_ASSIGNED_CONTEXT((#8585,#8586,#8587)) REPRESENTATION_CONTEXT
('Context #1','3D Context with UNIT and UNCERTAINTY') );
#8585 = ( LENGTH_UNIT() NAMED_UNIT(*) SI_UNIT(.MILLI.,.METRE.) );
#8586 = ( NAMED_UNIT(*) PLANE_ANGLE_UNIT() SI_UNIT($,.RADIAN.) );
#8587 = ( NAMED_UNIT(*) SI_UNIT($,.STERADIAN.) SOLID_ANGLE_UNIT() );
#8588 = UNCERTAINTY_MEASURE_WITH_UNIT(LENGTH_MEASURE(1.E-07),#8585,
  'distance_accuracy_value','confusion accuracy');
#8589 = CONTEXT_DEPENDENT_SHAPE_REPRESENTATION(#8590,#8592);
#8590 = ( REPRESENTATION_RELATIONSHIP('','',#2445,#10) 
REPRESENTATION_RELATIONSHIP_WITH_TRANSFORMATION(#8591) 
SHAPE_REPRESENTATION_RELATIONSHIP() );
#8591 = ITEM_DEFINED_TRANSFORMATION('','',#11,#47);
#8592 = PRODUCT_DEFINITION_SHAPE('Placement','Placement of an item',
  #8593);
#8593 = NEXT_ASSEMBLY_USAGE_OCCURRENCE('9','J1','',#5,#2440,$);
#8594 = PRODUCT_RELATED_PRODUCT_CATEGORY('part',$,(#2442));
#8595 = SHAPE_DEFINITION_REPRESENTATION(#8596,#8602);
#8596 = PRODUCT_DEFINITION_SHAPE('','',#8597);
#8597 = PRODUCT_DEFINITION('design','',#8598,#8601);
#8598 = PRODUCT_DEFINITION_FORMATION('','',#8599);
#8599 = PRODUCT('R_0805_2012Metric','R_0805_2012Metric','',(#8600));
#8600 = PRODUCT_CONTEXT('',#2,'mechanical');
#8601 = PRODUCT_DEFINITION_CONTEXT('part definition',#2,'design');
#8602 = ADVANCED_BREP_SHAPE_REPRESENTATION('',(#11,#8603),#9393);
#8603 = MANIFOLD_SOLID_BREP('',#8604);
#8604 = CLOSED_SHELL('',(#8605,#8645,#8728,#8753,#8778,#8845,#8862,#8879
    ,#8928,#8945,#8962,#9011,#9028,#9097,#9128,#9152,#9221,#9245,#9262,
    #9279,#9296,#9313,#9330,#9347,#9364,#9381));
#8605 = ADVANCED_FACE('',(#8606),#8640,.F.);
#8606 = FACE_BOUND('',#8607,.F.);
#8607 = EDGE_LOOP('',(#8608,#8618,#8626,#8634));
#8608 = ORIENTED_EDGE('',*,*,#8609,.F.);
#8609 = EDGE_CURVE('',#8610,#8612,#8614,.T.);
#8610 = VERTEX_POINT('',#8611);
#8611 = CARTESIAN_POINT('',(-1.,-0.6,4.5E-02));
#8612 = VERTEX_POINT('',#8613);
#8613 = CARTESIAN_POINT('',(-1.,-0.6,0.405));
#8614 = LINE('',#8615,#8616);
#8615 = CARTESIAN_POINT('',(-1.,-0.6,0.));
#8616 = VECTOR('',#8617,1.);
#8617 = DIRECTION('',(0.,0.,1.));
#8618 = ORIENTED_EDGE('',*,*,#8619,.T.);
#8619 = EDGE_CURVE('',#8610,#8620,#8622,.T.);
#8620 = VERTEX_POINT('',#8621);
#8621 = CARTESIAN_POINT('',(-1.,0.6,4.5E-02));
#8622 = LINE('',#8623,#8624);
#8623 = CARTESIAN_POINT('',(-1.,-0.6,4.5E-02));
#8624 = VECTOR('',#8625,1.);
#8625 = DIRECTION('',(0.,1.,0.));
#8626 = ORIENTED_EDGE('',*,*,#8627,.T.);
#8627 = EDGE_CURVE('',#8620,#8628,#8630,.T.);
#8628 = VERTEX_POINT('',#8629);
#8629 = CARTESIAN_POINT('',(-1.,0.6,0.405));
#8630 = LINE('',#8631,#8632);
#8631 = CARTESIAN_POINT('',(-1.,0.6,0.));
#8632 = VECTOR('',#8633,1.);
#8633 = DIRECTION('',(0.,0.,1.));
#8634 = ORIENTED_EDGE('',*,*,#8635,.F.);
#8635 = EDGE_CURVE('',#8612,#8628,#8636,.T.);
#8636 = LINE('',#8637,#8638);
#8637 = CARTESIAN_POINT('',(-1.,-0.6,0.405));
#8638 = VECTOR('',#8639,1.);
#8639 = DIRECTION('',(0.,1.,0.));
#8640 = PLANE('',#8641);
#8641 = AXIS2_PLACEMENT_3D('',#8642,#8643,#8644);
#8642 = CARTESIAN_POINT('',(-1.,-0.6,0.));
#8643 = DIRECTION('',(1.,0.,0.));
#8644 = DIRECTION('',(0.,0.,1.));
#8645 = ADVANCED_FACE('',(#8646),#8723,.F.);
#8646 = FACE_BOUND('',#8647,.F.);
#8647 = EDGE_LOOP('',(#8648,#8658,#8665,#8666,#8675,#8683,#8692,#8700,
    #8708,#8716));
#8648 = ORIENTED_EDGE('',*,*,#8649,.F.);
#8649 = EDGE_CURVE('',#8650,#8652,#8654,.T.);
#8650 = VERTEX_POINT('',#8651);
#8651 = CARTESIAN_POINT('',(-0.955,-0.6,-2.775557561563E-17));
#8652 = VERTEX_POINT('',#8653);
#8653 = CARTESIAN_POINT('',(-0.745,-0.6,-2.775557561563E-17));
#8654 = LINE('',#8655,#8656);
#8655 = CARTESIAN_POINT('',(-1.,-0.6,0.));
#8656 = VECTOR('',#8657,1.);
#8657 = DIRECTION('',(1.,0.,0.));
#8658 = ORIENTED_EDGE('',*,*,#8659,.F.);
#8659 = EDGE_CURVE('',#8610,#8650,#8660,.T.);
#8660 = CIRCLE('',#8661,4.5E-02);
#8661 = AXIS2_PLACEMENT_3D('',#8662,#8663,#8664);
#8662 = CARTESIAN_POINT('',(-0.955,-0.6,4.5E-02));
#8663 = DIRECTION('',(0.,-1.,0.));
#8664 = DIRECTION('',(0.,0.,1.));
#8665 = ORIENTED_EDGE('',*,*,#8609,.T.);
#8666 = ORIENTED_EDGE('',*,*,#8667,.T.);
#8667 = EDGE_CURVE('',#8612,#8668,#8670,.T.);
#8668 = VERTEX_POINT('',#8669);
#8669 = CARTESIAN_POINT('',(-0.955,-0.6,0.45));
#8670 = CIRCLE('',#8671,4.5E-02);
#8671 = AXIS2_PLACEMENT_3D('',#8672,#8673,#8674);
#8672 = CARTESIAN_POINT('',(-0.955,-0.6,0.405));
#8673 = DIRECTION('',(0.,1.,0.));
#8674 = DIRECTION('',(0.,-0.,1.));
#8675 = ORIENTED_EDGE('',*,*,#8676,.T.);
#8676 = EDGE_CURVE('',#8668,#8677,#8679,.T.);
#8677 = VERTEX_POINT('',#8678);
#8678 = CARTESIAN_POINT('',(-0.745,-0.6,0.45));
#8679 = LINE('',#8680,#8681);
#8680 = CARTESIAN_POINT('',(-1.,-0.6,0.45));
#8681 = VECTOR('',#8682,1.);
#8682 = DIRECTION('',(1.,0.,0.));
#8683 = ORIENTED_EDGE('',*,*,#8684,.F.);
#8684 = EDGE_CURVE('',#8685,#8677,#8687,.T.);
#8685 = VERTEX_POINT('',#8686);
#8686 = CARTESIAN_POINT('',(-0.7,-0.6,0.405));
#8687 = CIRCLE('',#8688,4.5E-02);
#8688 = AXIS2_PLACEMENT_3D('',#8689,#8690,#8691);
#8689 = CARTESIAN_POINT('',(-0.745,-0.6,0.405));
#8690 = DIRECTION('',(0.,-1.,0.));
#8691 = DIRECTION('',(0.,0.,1.));
#8692 = ORIENTED_EDGE('',*,*,#8693,.F.);
#8693 = EDGE_CURVE('',#8694,#8685,#8696,.T.);
#8694 = VERTEX_POINT('',#8695);
#8695 = CARTESIAN_POINT('',(-0.955,-0.6,0.405));
#8696 = LINE('',#8697,#8698);
#8697 = CARTESIAN_POINT('',(-0.955,-0.6,0.405));
#8698 = VECTOR('',#8699,1.);
#8699 = DIRECTION('',(1.,0.,0.));
#8700 = ORIENTED_EDGE('',*,*,#8701,.F.);
#8701 = EDGE_CURVE('',#8702,#8694,#8704,.T.);
#8702 = VERTEX_POINT('',#8703);
#8703 = CARTESIAN_POINT('',(-0.955,-0.6,4.5E-02));
#8704 = LINE('',#8705,#8706);
#8705 = CARTESIAN_POINT('',(-0.955,-0.6,4.5E-02));
#8706 = VECTOR('',#8707,1.);
#8707 = DIRECTION('',(0.,0.,1.));
#8708 = ORIENTED_EDGE('',*,*,#8709,.T.);
#8709 = EDGE_CURVE('',#8702,#8710,#8712,.T.);
#8710 = VERTEX_POINT('',#8711);
#8711 = CARTESIAN_POINT('',(-0.7,-0.6,4.5E-02));
#8712 = LINE('',#8713,#8714);
#8713 = CARTESIAN_POINT('',(-0.955,-0.6,4.5E-02));
#8714 = VECTOR('',#8715,1.);
#8715 = DIRECTION('',(1.,0.,0.));
#8716 = ORIENTED_EDGE('',*,*,#8717,.T.);
#8717 = EDGE_CURVE('',#8710,#8652,#8718,.T.);
#8718 = CIRCLE('',#8719,4.5E-02);
#8719 = AXIS2_PLACEMENT_3D('',#8720,#8721,#8722);
#8720 = CARTESIAN_POINT('',(-0.745,-0.6,4.5E-02));
#8721 = DIRECTION('',(0.,1.,0.));
#8722 = DIRECTION('',(0.,-0.,1.));
#8723 = PLANE('',#8724);
#8724 = AXIS2_PLACEMENT_3D('',#8725,#8726,#8727);
#8725 = CARTESIAN_POINT('',(-1.,-0.6,0.));
#8726 = DIRECTION('',(0.,1.,0.));
#8727 = DIRECTION('',(0.,-0.,1.));
#8728 = ADVANCED_FACE('',(#8729),#8748,.T.);
#8729 = FACE_BOUND('',#8730,.T.);
#8730 = EDGE_LOOP('',(#8731,#8732,#8741,#8747));
#8731 = ORIENTED_EDGE('',*,*,#8619,.T.);
#8732 = ORIENTED_EDGE('',*,*,#8733,.T.);
#8733 = EDGE_CURVE('',#8620,#8734,#8736,.T.);
#8734 = VERTEX_POINT('',#8735);
#8735 = CARTESIAN_POINT('',(-0.955,0.6,-2.775557561563E-17));
#8736 = CIRCLE('',#8737,4.5E-02);
#8737 = AXIS2_PLACEMENT_3D('',#8738,#8739,#8740);
#8738 = CARTESIAN_POINT('',(-0.955,0.6,4.5E-02));
#8739 = DIRECTION('',(0.,-1.,0.));
#8740 = DIRECTION('',(0.,0.,1.));
#8741 = ORIENTED_EDGE('',*,*,#8742,.F.);
#8742 = EDGE_CURVE('',#8650,#8734,#8743,.T.);
#8743 = LINE('',#8744,#8745);
#8744 = CARTESIAN_POINT('',(-0.955,-0.6,-2.775557561563E-17));
#8745 = VECTOR('',#8746,1.);
#8746 = DIRECTION('',(0.,1.,0.));
#8747 = ORIENTED_EDGE('',*,*,#8659,.F.);
#8748 = CYLINDRICAL_SURFACE('',#8749,4.5E-02);
#8749 = AXIS2_PLACEMENT_3D('',#8750,#8751,#8752);
#8750 = CARTESIAN_POINT('',(-0.955,-0.6,4.5E-02));
#8751 = DIRECTION('',(0.,1.,0.));
#8752 = DIRECTION('',(-1.,0.,0.));
#8753 = ADVANCED_FACE('',(#8754),#8773,.T.);
#8754 = FACE_BOUND('',#8755,.T.);
#8755 = EDGE_LOOP('',(#8756,#8757,#8765,#8772));
#8756 = ORIENTED_EDGE('',*,*,#8667,.T.);
#8757 = ORIENTED_EDGE('',*,*,#8758,.T.);
#8758 = EDGE_CURVE('',#8668,#8759,#8761,.T.);
#8759 = VERTEX_POINT('',#8760);
#8760 = CARTESIAN_POINT('',(-0.955,0.6,0.45));
#8761 = LINE('',#8762,#8763);
#8762 = CARTESIAN_POINT('',(-0.955,-0.6,0.45));
#8763 = VECTOR('',#8764,1.);
#8764 = DIRECTION('',(0.,1.,0.));
#8765 = ORIENTED_EDGE('',*,*,#8766,.F.);
#8766 = EDGE_CURVE('',#8628,#8759,#8767,.T.);
#8767 = CIRCLE('',#8768,4.5E-02);
#8768 = AXIS2_PLACEMENT_3D('',#8769,#8770,#8771);
#8769 = CARTESIAN_POINT('',(-0.955,0.6,0.405));
#8770 = DIRECTION('',(0.,1.,0.));
#8771 = DIRECTION('',(0.,-0.,1.));
#8772 = ORIENTED_EDGE('',*,*,#8635,.F.);
#8773 = CYLINDRICAL_SURFACE('',#8774,4.5E-02);
#8774 = AXIS2_PLACEMENT_3D('',#8775,#8776,#8777);
#8775 = CARTESIAN_POINT('',(-0.955,-0.6,0.405));
#8776 = DIRECTION('',(0.,1.,0.));
#8777 = DIRECTION('',(-1.,0.,0.));
#8778 = ADVANCED_FACE('',(#8779),#8840,.T.);
#8779 = FACE_BOUND('',#8780,.T.);
#8780 = EDGE_LOOP('',(#8781,#8789,#8790,#8791,#8792,#8800,#8809,#8817,
    #8825,#8833));
#8781 = ORIENTED_EDGE('',*,*,#8782,.F.);
#8782 = EDGE_CURVE('',#8734,#8783,#8785,.T.);
#8783 = VERTEX_POINT('',#8784);
#8784 = CARTESIAN_POINT('',(-0.745,0.6,-2.775557561563E-17));
#8785 = LINE('',#8786,#8787);
#8786 = CARTESIAN_POINT('',(-1.,0.6,0.));
#8787 = VECTOR('',#8788,1.);
#8788 = DIRECTION('',(1.,0.,0.));
#8789 = ORIENTED_EDGE('',*,*,#8733,.F.);
#8790 = ORIENTED_EDGE('',*,*,#8627,.T.);
#8791 = ORIENTED_EDGE('',*,*,#8766,.T.);
#8792 = ORIENTED_EDGE('',*,*,#8793,.T.);
#8793 = EDGE_CURVE('',#8759,#8794,#8796,.T.);
#8794 = VERTEX_POINT('',#8795);
#8795 = CARTESIAN_POINT('',(-0.745,0.6,0.45));
#8796 = LINE('',#8797,#8798);
#8797 = CARTESIAN_POINT('',(-1.,0.6,0.45));
#8798 = VECTOR('',#8799,1.);
#8799 = DIRECTION('',(1.,0.,0.));
#8800 = ORIENTED_EDGE('',*,*,#8801,.F.);
#8801 = EDGE_CURVE('',#8802,#8794,#8804,.T.);
#8802 = VERTEX_POINT('',#8803);
#8803 = CARTESIAN_POINT('',(-0.7,0.6,0.405));
#8804 = CIRCLE('',#8805,4.5E-02);
#8805 = AXIS2_PLACEMENT_3D('',#8806,#8807,#8808);
#8806 = CARTESIAN_POINT('',(-0.745,0.6,0.405));
#8807 = DIRECTION('',(0.,-1.,0.));
#8808 = DIRECTION('',(0.,0.,1.));
#8809 = ORIENTED_EDGE('',*,*,#8810,.F.);
#8810 = EDGE_CURVE('',#8811,#8802,#8813,.T.);
#8811 = VERTEX_POINT('',#8812);
#8812 = CARTESIAN_POINT('',(-0.955,0.6,0.405));
#8813 = LINE('',#8814,#8815);
#8814 = CARTESIAN_POINT('',(-0.955,0.6,0.405));
#8815 = VECTOR('',#8816,1.);
#8816 = DIRECTION('',(1.,0.,0.));
#8817 = ORIENTED_EDGE('',*,*,#8818,.F.);
#8818 = EDGE_CURVE('',#8819,#8811,#8821,.T.);
#8819 = VERTEX_POINT('',#8820);
#8820 = CARTESIAN_POINT('',(-0.955,0.6,4.5E-02));
#8821 = LINE('',#8822,#8823);
#8822 = CARTESIAN_POINT('',(-0.955,0.6,4.5E-02));
#8823 = VECTOR('',#8824,1.);
#8824 = DIRECTION('',(0.,0.,1.));
#8825 = ORIENTED_EDGE('',*,*,#8826,.T.);
#8826 = EDGE_CURVE('',#8819,#8827,#8829,.T.);
#8827 = VERTEX_POINT('',#8828);
#8828 = CARTESIAN_POINT('',(-0.7,0.6,4.5E-02));
#8829 = LINE('',#8830,#8831);
#8830 = CARTESIAN_POINT('',(-0.955,0.6,4.5E-02));
#8831 = VECTOR('',#8832,1.);
#8832 = DIRECTION('',(1.,0.,0.));
#8833 = ORIENTED_EDGE('',*,*,#8834,.T.);
#8834 = EDGE_CURVE('',#8827,#8783,#8835,.T.);
#8835 = CIRCLE('',#8836,4.5E-02);
#8836 = AXIS2_PLACEMENT_3D('',#8837,#8838,#8839);
#8837 = CARTESIAN_POINT('',(-0.745,0.6,4.5E-02));
#8838 = DIRECTION('',(0.,1.,0.));
#8839 = DIRECTION('',(0.,-0.,1.));
#8840 = PLANE('',#8841);
#8841 = AXIS2_PLACEMENT_3D('',#8842,#8843,#8844);
#8842 = CARTESIAN_POINT('',(-1.,0.6,0.));
#8843 = DIRECTION('',(0.,1.,0.));
#8844 = DIRECTION('',(0.,-0.,1.));
#8845 = ADVANCED_FACE('',(#8846),#8857,.F.);
#8846 = FACE_BOUND('',#8847,.F.);
#8847 = EDGE_LOOP('',(#8848,#8849,#8850,#8851));
#8848 = ORIENTED_EDGE('',*,*,#8782,.F.);
#8849 = ORIENTED_EDGE('',*,*,#8742,.F.);
#8850 = ORIENTED_EDGE('',*,*,#8649,.T.);
#8851 = ORIENTED_EDGE('',*,*,#8852,.T.);
#8852 = EDGE_CURVE('',#8652,#8783,#8853,.T.);
#8853 = LINE('',#8854,#8855);
#8854 = CARTESIAN_POINT('',(-0.745,-0.6,-2.775557561563E-17));
#8855 = VECTOR('',#8856,1.);
#8856 = DIRECTION('',(0.,1.,0.));
#8857 = PLANE('',#8858);
#8858 = AXIS2_PLACEMENT_3D('',#8859,#8860,#8861);
#8859 = CARTESIAN_POINT('',(-1.,-0.6,0.));
#8860 = DIRECTION('',(0.,0.,1.));
#8861 = DIRECTION('',(1.,0.,-0.));
#8862 = ADVANCED_FACE('',(#8863),#8874,.T.);
#8863 = FACE_BOUND('',#8864,.T.);
#8864 = EDGE_LOOP('',(#8865,#8866,#8867,#8868));
#8865 = ORIENTED_EDGE('',*,*,#8717,.T.);
#8866 = ORIENTED_EDGE('',*,*,#8852,.T.);
#8867 = ORIENTED_EDGE('',*,*,#8834,.F.);
#8868 = ORIENTED_EDGE('',*,*,#8869,.F.);
#8869 = EDGE_CURVE('',#8710,#8827,#8870,.T.);
#8870 = LINE('',#8871,#8872);
#8871 = CARTESIAN_POINT('',(-0.7,-0.6,4.5E-02));
#8872 = VECTOR('',#8873,1.);
#8873 = DIRECTION('',(0.,1.,0.));
#8874 = CYLINDRICAL_SURFACE('',#8875,4.5E-02);
#8875 = AXIS2_PLACEMENT_3D('',#8876,#8877,#8878);
#8876 = CARTESIAN_POINT('',(-0.745,-0.6,4.5E-02));
#8877 = DIRECTION('',(0.,1.,0.));
#8878 = DIRECTION('',(1.,0.,0.));
#8879 = ADVANCED_FACE('',(#8880),#8923,.F.);
#8880 = FACE_BOUND('',#8881,.F.);
#8881 = EDGE_LOOP('',(#8882,#8883,#8884,#8885,#8893,#8901,#8909,#8917));
#8882 = ORIENTED_EDGE('',*,*,#8709,.F.);
#8883 = ORIENTED_EDGE('',*,*,#8701,.T.);
#8884 = ORIENTED_EDGE('',*,*,#8693,.T.);
#8885 = ORIENTED_EDGE('',*,*,#8886,.T.);
#8886 = EDGE_CURVE('',#8685,#8887,#8889,.T.);
#8887 = VERTEX_POINT('',#8888);
#8888 = CARTESIAN_POINT('',(0.7,-0.6,0.405));
#8889 = LINE('',#8890,#8891);
#8890 = CARTESIAN_POINT('',(-0.7,-0.6,0.405));
#8891 = VECTOR('',#8892,1.);
#8892 = DIRECTION('',(1.,0.,0.));
#8893 = ORIENTED_EDGE('',*,*,#8894,.T.);
#8894 = EDGE_CURVE('',#8887,#8895,#8897,.T.);
#8895 = VERTEX_POINT('',#8896);
#8896 = CARTESIAN_POINT('',(0.955,-0.6,0.405));
#8897 = LINE('',#8898,#8899);
#8898 = CARTESIAN_POINT('',(-0.955,-0.6,0.405));
#8899 = VECTOR('',#8900,1.);
#8900 = DIRECTION('',(1.,0.,0.));
#8901 = ORIENTED_EDGE('',*,*,#8902,.F.);
#8902 = EDGE_CURVE('',#8903,#8895,#8905,.T.);
#8903 = VERTEX_POINT('',#8904);
#8904 = CARTESIAN_POINT('',(0.955,-0.6,4.5E-02));
#8905 = LINE('',#8906,#8907);
#8906 = CARTESIAN_POINT('',(0.955,-0.6,4.5E-02));
#8907 = VECTOR('',#8908,1.);
#8908 = DIRECTION('',(0.,0.,1.));
#8909 = ORIENTED_EDGE('',*,*,#8910,.F.);
#8910 = EDGE_CURVE('',#8911,#8903,#8913,.T.);
#8911 = VERTEX_POINT('',#8912);
#8912 = CARTESIAN_POINT('',(0.7,-0.6,4.5E-02));
#8913 = LINE('',#8914,#8915);
#8914 = CARTESIAN_POINT('',(-0.955,-0.6,4.5E-02));
#8915 = VECTOR('',#8916,1.);
#8916 = DIRECTION('',(1.,0.,0.));
#8917 = ORIENTED_EDGE('',*,*,#8918,.F.);
#8918 = EDGE_CURVE('',#8710,#8911,#8919,.T.);
#8919 = LINE('',#8920,#8921);
#8920 = CARTESIAN_POINT('',(-0.955,-0.6,4.5E-02));
#8921 = VECTOR('',#8922,1.);
#8922 = DIRECTION('',(1.,0.,0.));
#8923 = PLANE('',#8924);
#8924 = AXIS2_PLACEMENT_3D('',#8925,#8926,#8927);
#8925 = CARTESIAN_POINT('',(-0.955,-0.6,4.5E-02));
#8926 = DIRECTION('',(0.,1.,0.));
#8927 = DIRECTION('',(0.,-0.,1.));
#8928 = ADVANCED_FACE('',(#8929),#8940,.T.);
#8929 = FACE_BOUND('',#8930,.T.);
#8930 = EDGE_LOOP('',(#8931,#8932,#8933,#8934));
#8931 = ORIENTED_EDGE('',*,*,#8793,.F.);
#8932 = ORIENTED_EDGE('',*,*,#8758,.F.);
#8933 = ORIENTED_EDGE('',*,*,#8676,.T.);
#8934 = ORIENTED_EDGE('',*,*,#8935,.T.);
#8935 = EDGE_CURVE('',#8677,#8794,#8936,.T.);
#8936 = LINE('',#8937,#8938);
#8937 = CARTESIAN_POINT('',(-0.745,-0.6,0.45));
#8938 = VECTOR('',#8939,1.);
#8939 = DIRECTION('',(0.,1.,0.));
#8940 = PLANE('',#8941);
#8941 = AXIS2_PLACEMENT_3D('',#8942,#8943,#8944);
#8942 = CARTESIAN_POINT('',(-1.,-0.6,0.45));
#8943 = DIRECTION('',(0.,0.,1.));
#8944 = DIRECTION('',(1.,0.,-0.));
#8945 = ADVANCED_FACE('',(#8946),#8957,.T.);
#8946 = FACE_BOUND('',#8947,.T.);
#8947 = EDGE_LOOP('',(#8948,#8954,#8955,#8956));
#8948 = ORIENTED_EDGE('',*,*,#8949,.T.);
#8949 = EDGE_CURVE('',#8685,#8802,#8950,.T.);
#8950 = LINE('',#8951,#8952);
#8951 = CARTESIAN_POINT('',(-0.7,-0.6,0.405));
#8952 = VECTOR('',#8953,1.);
#8953 = DIRECTION('',(0.,1.,0.));
#8954 = ORIENTED_EDGE('',*,*,#8801,.T.);
#8955 = ORIENTED_EDGE('',*,*,#8935,.F.);
#8956 = ORIENTED_EDGE('',*,*,#8684,.F.);
#8957 = CYLINDRICAL_SURFACE('',#8958,4.5E-02);
#8958 = AXIS2_PLACEMENT_3D('',#8959,#8960,#8961);
#8959 = CARTESIAN_POINT('',(-0.745,-0.6,0.405));
#8960 = DIRECTION('',(0.,1.,0.));
#8961 = DIRECTION('',(1.,0.,0.));
#8962 = ADVANCED_FACE('',(#8963),#9006,.T.);
#8963 = FACE_BOUND('',#8964,.T.);
#8964 = EDGE_LOOP('',(#8965,#8966,#8967,#8968,#8976,#8984,#8992,#9000));
#8965 = ORIENTED_EDGE('',*,*,#8826,.F.);
#8966 = ORIENTED_EDGE('',*,*,#8818,.T.);
#8967 = ORIENTED_EDGE('',*,*,#8810,.T.);
#8968 = ORIENTED_EDGE('',*,*,#8969,.T.);
#8969 = EDGE_CURVE('',#8802,#8970,#8972,.T.);
#8970 = VERTEX_POINT('',#8971);
#8971 = CARTESIAN_POINT('',(0.7,0.6,0.405));
#8972 = LINE('',#8973,#8974);
#8973 = CARTESIAN_POINT('',(-0.7,0.6,0.405));
#8974 = VECTOR('',#8975,1.);
#8975 = DIRECTION('',(1.,0.,0.));
#8976 = ORIENTED_EDGE('',*,*,#8977,.T.);
#8977 = EDGE_CURVE('',#8970,#8978,#8980,.T.);
#8978 = VERTEX_POINT('',#8979);
#8979 = CARTESIAN_POINT('',(0.955,0.6,0.405));
#8980 = LINE('',#8981,#8982);
#8981 = CARTESIAN_POINT('',(-0.955,0.6,0.405));
#8982 = VECTOR('',#8983,1.);
#8983 = DIRECTION('',(1.,0.,0.));
#8984 = ORIENTED_EDGE('',*,*,#8985,.F.);
#8985 = EDGE_CURVE('',#8986,#8978,#8988,.T.);
#8986 = VERTEX_POINT('',#8987);
#8987 = CARTESIAN_POINT('',(0.955,0.6,4.5E-02));
#8988 = LINE('',#8989,#8990);
#8989 = CARTESIAN_POINT('',(0.955,0.6,4.5E-02));
#8990 = VECTOR('',#8991,1.);
#8991 = DIRECTION('',(0.,0.,1.));
#8992 = ORIENTED_EDGE('',*,*,#8993,.F.);
#8993 = EDGE_CURVE('',#8994,#8986,#8996,.T.);
#8994 = VERTEX_POINT('',#8995);
#8995 = CARTESIAN_POINT('',(0.7,0.6,4.5E-02));
#8996 = LINE('',#8997,#8998);
#8997 = CARTESIAN_POINT('',(-0.955,0.6,4.5E-02));
#8998 = VECTOR('',#8999,1.);
#8999 = DIRECTION('',(1.,0.,0.));
#9000 = ORIENTED_EDGE('',*,*,#9001,.F.);
#9001 = EDGE_CURVE('',#8827,#8994,#9002,.T.);
#9002 = LINE('',#9003,#9004);
#9003 = CARTESIAN_POINT('',(-0.955,0.6,4.5E-02));
#9004 = VECTOR('',#9005,1.);
#9005 = DIRECTION('',(1.,0.,0.));
#9006 = PLANE('',#9007);
#9007 = AXIS2_PLACEMENT_3D('',#9008,#9009,#9010);
#9008 = CARTESIAN_POINT('',(-0.955,0.6,4.5E-02));
#9009 = DIRECTION('',(0.,1.,0.));
#9010 = DIRECTION('',(0.,-0.,1.));
#9011 = ADVANCED_FACE('',(#9012),#9023,.F.);
#9012 = FACE_BOUND('',#9013,.F.);
#9013 = EDGE_LOOP('',(#9014,#9015,#9016,#9022));
#9014 = ORIENTED_EDGE('',*,*,#8869,.F.);
#9015 = ORIENTED_EDGE('',*,*,#8918,.T.);
#9016 = ORIENTED_EDGE('',*,*,#9017,.T.);
#9017 = EDGE_CURVE('',#8911,#8994,#9018,.T.);
#9018 = LINE('',#9019,#9020);
#9019 = CARTESIAN_POINT('',(0.7,-0.6,4.5E-02));
#9020 = VECTOR('',#9021,1.);
#9021 = DIRECTION('',(0.,1.,0.));
#9022 = ORIENTED_EDGE('',*,*,#9001,.F.);
#9023 = PLANE('',#9024);
#9024 = AXIS2_PLACEMENT_3D('',#9025,#9026,#9027);
#9025 = CARTESIAN_POINT('',(-0.955,-0.6,4.5E-02));
#9026 = DIRECTION('',(0.,0.,1.));
#9027 = DIRECTION('',(1.,0.,-0.));
#9028 = ADVANCED_FACE('',(#9029),#9092,.F.);
#9029 = FACE_BOUND('',#9030,.F.);
#9030 = EDGE_LOOP('',(#9031,#9041,#9048,#9049,#9050,#9051,#9060,#9068,
    #9077,#9085));
#9031 = ORIENTED_EDGE('',*,*,#9032,.F.);
#9032 = EDGE_CURVE('',#9033,#9035,#9037,.T.);
#9033 = VERTEX_POINT('',#9034);
#9034 = CARTESIAN_POINT('',(0.745,-0.6,-2.775557561563E-17));
#9035 = VERTEX_POINT('',#9036);
#9036 = CARTESIAN_POINT('',(0.955,-0.6,-2.775557561563E-17));
#9037 = LINE('',#9038,#9039);
#9038 = CARTESIAN_POINT('',(0.7,-0.6,0.));
#9039 = VECTOR('',#9040,1.);
#9040 = DIRECTION('',(1.,0.,0.));
#9041 = ORIENTED_EDGE('',*,*,#9042,.F.);
#9042 = EDGE_CURVE('',#8911,#9033,#9043,.T.);
#9043 = CIRCLE('',#9044,4.5E-02);
#9044 = AXIS2_PLACEMENT_3D('',#9045,#9046,#9047);
#9045 = CARTESIAN_POINT('',(0.745,-0.6,4.5E-02));
#9046 = DIRECTION('',(0.,-1.,0.));
#9047 = DIRECTION('',(0.,0.,1.));
#9048 = ORIENTED_EDGE('',*,*,#8910,.T.);
#9049 = ORIENTED_EDGE('',*,*,#8902,.T.);
#9050 = ORIENTED_EDGE('',*,*,#8894,.F.);
#9051 = ORIENTED_EDGE('',*,*,#9052,.T.);
#9052 = EDGE_CURVE('',#8887,#9053,#9055,.T.);
#9053 = VERTEX_POINT('',#9054);
#9054 = CARTESIAN_POINT('',(0.745,-0.6,0.45));
#9055 = CIRCLE('',#9056,4.5E-02);
#9056 = AXIS2_PLACEMENT_3D('',#9057,#9058,#9059);
#9057 = CARTESIAN_POINT('',(0.745,-0.6,0.405));
#9058 = DIRECTION('',(0.,1.,0.));
#9059 = DIRECTION('',(0.,-0.,1.));
#9060 = ORIENTED_EDGE('',*,*,#9061,.T.);
#9061 = EDGE_CURVE('',#9053,#9062,#9064,.T.);
#9062 = VERTEX_POINT('',#9063);
#9063 = CARTESIAN_POINT('',(0.955,-0.6,0.45));
#9064 = LINE('',#9065,#9066);
#9065 = CARTESIAN_POINT('',(0.7,-0.6,0.45));
#9066 = VECTOR('',#9067,1.);
#9067 = DIRECTION('',(1.,0.,0.));
#9068 = ORIENTED_EDGE('',*,*,#9069,.F.);
#9069 = EDGE_CURVE('',#9070,#9062,#9072,.T.);
#9070 = VERTEX_POINT('',#9071);
#9071 = CARTESIAN_POINT('',(1.,-0.6,0.405));
#9072 = CIRCLE('',#9073,4.5E-02);
#9073 = AXIS2_PLACEMENT_3D('',#9074,#9075,#9076);
#9074 = CARTESIAN_POINT('',(0.955,-0.6,0.405));
#9075 = DIRECTION('',(0.,-1.,0.));
#9076 = DIRECTION('',(0.,0.,1.));
#9077 = ORIENTED_EDGE('',*,*,#9078,.F.);
#9078 = EDGE_CURVE('',#9079,#9070,#9081,.T.);
#9079 = VERTEX_POINT('',#9080);
#9080 = CARTESIAN_POINT('',(1.,-0.6,4.5E-02));
#9081 = LINE('',#9082,#9083);
#9082 = CARTESIAN_POINT('',(1.,-0.6,0.));
#9083 = VECTOR('',#9084,1.);
#9084 = DIRECTION('',(0.,0.,1.));
#9085 = ORIENTED_EDGE('',*,*,#9086,.T.);
#9086 = EDGE_CURVE('',#9079,#9035,#9087,.T.);
#9087 = CIRCLE('',#9088,4.5E-02);
#9088 = AXIS2_PLACEMENT_3D('',#9089,#9090,#9091);
#9089 = CARTESIAN_POINT('',(0.955,-0.6,4.5E-02));
#9090 = DIRECTION('',(0.,1.,0.));
#9091 = DIRECTION('',(0.,-0.,1.));
#9092 = PLANE('',#9093);
#9093 = AXIS2_PLACEMENT_3D('',#9094,#9095,#9096);
#9094 = CARTESIAN_POINT('',(0.7,-0.6,0.));
#9095 = DIRECTION('',(0.,1.,0.));
#9096 = DIRECTION('',(0.,-0.,1.));
#9097 = ADVANCED_FACE('',(#9098),#9123,.F.);
#9098 = FACE_BOUND('',#9099,.F.);
#9099 = EDGE_LOOP('',(#9100,#9101,#9109,#9117));
#9100 = ORIENTED_EDGE('',*,*,#8886,.F.);
#9101 = ORIENTED_EDGE('',*,*,#9102,.T.);
#9102 = EDGE_CURVE('',#8685,#9103,#9105,.T.);
#9103 = VERTEX_POINT('',#9104);
#9104 = CARTESIAN_POINT('',(-0.7,-0.6,0.45));
#9105 = LINE('',#9106,#9107);
#9106 = CARTESIAN_POINT('',(-0.7,-0.6,0.405));
#9107 = VECTOR('',#9108,1.);
#9108 = DIRECTION('',(0.,0.,1.));
#9109 = ORIENTED_EDGE('',*,*,#9110,.T.);
#9110 = EDGE_CURVE('',#9103,#9111,#9113,.T.);
#9111 = VERTEX_POINT('',#9112);
#9112 = CARTESIAN_POINT('',(0.7,-0.6,0.45));
#9113 = LINE('',#9114,#9115);
#9114 = CARTESIAN_POINT('',(-0.7,-0.6,0.45));
#9115 = VECTOR('',#9116,1.);
#9116 = DIRECTION('',(1.,0.,0.));
#9117 = ORIENTED_EDGE('',*,*,#9118,.F.);
#9118 = EDGE_CURVE('',#8887,#9111,#9119,.T.);
#9119 = LINE('',#9120,#9121);
#9120 = CARTESIAN_POINT('',(0.7,-0.6,0.405));
#9121 = VECTOR('',#9122,1.);
#9122 = DIRECTION('',(0.,0.,1.));
#9123 = PLANE('',#9124);
#9124 = AXIS2_PLACEMENT_3D('',#9125,#9126,#9127);
#9125 = CARTESIAN_POINT('',(-0.7,-0.6,0.405));
#9126 = DIRECTION('',(0.,1.,0.));
#9127 = DIRECTION('',(0.,-0.,1.));
#9128 = ADVANCED_FACE('',(#9129),#9147,.F.);
#9129 = FACE_BOUND('',#9130,.F.);
#9130 = EDGE_LOOP('',(#9131,#9132,#9133,#9141));
#9131 = ORIENTED_EDGE('',*,*,#9102,.F.);
#9132 = ORIENTED_EDGE('',*,*,#8949,.T.);
#9133 = ORIENTED_EDGE('',*,*,#9134,.T.);
#9134 = EDGE_CURVE('',#8802,#9135,#9137,.T.);
#9135 = VERTEX_POINT('',#9136);
#9136 = CARTESIAN_POINT('',(-0.7,0.6,0.45));
#9137 = LINE('',#9138,#9139);
#9138 = CARTESIAN_POINT('',(-0.7,0.6,0.405));
#9139 = VECTOR('',#9140,1.);
#9140 = DIRECTION('',(0.,0.,1.));
#9141 = ORIENTED_EDGE('',*,*,#9142,.F.);
#9142 = EDGE_CURVE('',#9103,#9135,#9143,.T.);
#9143 = LINE('',#9144,#9145);
#9144 = CARTESIAN_POINT('',(-0.7,-0.6,0.45));
#9145 = VECTOR('',#9146,1.);
#9146 = DIRECTION('',(0.,1.,0.));
#9147 = PLANE('',#9148);
#9148 = AXIS2_PLACEMENT_3D('',#9149,#9150,#9151);
#9149 = CARTESIAN_POINT('',(-0.7,-0.6,0.405));
#9150 = DIRECTION('',(1.,0.,0.));
#9151 = DIRECTION('',(0.,0.,1.));
#9152 = ADVANCED_FACE('',(#9153),#9216,.T.);
#9153 = FACE_BOUND('',#9154,.T.);
#9154 = EDGE_LOOP('',(#9155,#9165,#9172,#9173,#9174,#9175,#9184,#9192,
    #9201,#9209));
#9155 = ORIENTED_EDGE('',*,*,#9156,.F.);
#9156 = EDGE_CURVE('',#9157,#9159,#9161,.T.);
#9157 = VERTEX_POINT('',#9158);
#9158 = CARTESIAN_POINT('',(0.745,0.6,-2.775557561563E-17));
#9159 = VERTEX_POINT('',#9160);
#9160 = CARTESIAN_POINT('',(0.955,0.6,-2.775557561563E-17));
#9161 = LINE('',#9162,#9163);
#9162 = CARTESIAN_POINT('',(0.7,0.6,0.));
#9163 = VECTOR('',#9164,1.);
#9164 = DIRECTION('',(1.,0.,0.));
#9165 = ORIENTED_EDGE('',*,*,#9166,.F.);
#9166 = EDGE_CURVE('',#8994,#9157,#9167,.T.);
#9167 = CIRCLE('',#9168,4.5E-02);
#9168 = AXIS2_PLACEMENT_3D('',#9169,#9170,#9171);
#9169 = CARTESIAN_POINT('',(0.745,0.6,4.5E-02));
#9170 = DIRECTION('',(0.,-1.,0.));
#9171 = DIRECTION('',(0.,0.,1.));
#9172 = ORIENTED_EDGE('',*,*,#8993,.T.);
#9173 = ORIENTED_EDGE('',*,*,#8985,.T.);
#9174 = ORIENTED_EDGE('',*,*,#8977,.F.);
#9175 = ORIENTED_EDGE('',*,*,#9176,.T.);
#9176 = EDGE_CURVE('',#8970,#9177,#9179,.T.);
#9177 = VERTEX_POINT('',#9178);
#9178 = CARTESIAN_POINT('',(0.745,0.6,0.45));
#9179 = CIRCLE('',#9180,4.5E-02);
#9180 = AXIS2_PLACEMENT_3D('',#9181,#9182,#9183);
#9181 = CARTESIAN_POINT('',(0.745,0.6,0.405));
#9182 = DIRECTION('',(0.,1.,0.));
#9183 = DIRECTION('',(0.,-0.,1.));
#9184 = ORIENTED_EDGE('',*,*,#9185,.T.);
#9185 = EDGE_CURVE('',#9177,#9186,#9188,.T.);
#9186 = VERTEX_POINT('',#9187);
#9187 = CARTESIAN_POINT('',(0.955,0.6,0.45));
#9188 = LINE('',#9189,#9190);
#9189 = CARTESIAN_POINT('',(0.7,0.6,0.45));
#9190 = VECTOR('',#9191,1.);
#9191 = DIRECTION('',(1.,0.,0.));
#9192 = ORIENTED_EDGE('',*,*,#9193,.F.);
#9193 = EDGE_CURVE('',#9194,#9186,#9196,.T.);
#9194 = VERTEX_POINT('',#9195);
#9195 = CARTESIAN_POINT('',(1.,0.6,0.405));
#9196 = CIRCLE('',#9197,4.5E-02);
#9197 = AXIS2_PLACEMENT_3D('',#9198,#9199,#9200);
#9198 = CARTESIAN_POINT('',(0.955,0.6,0.405));
#9199 = DIRECTION('',(0.,-1.,0.));
#9200 = DIRECTION('',(0.,0.,1.));
#9201 = ORIENTED_EDGE('',*,*,#9202,.F.);
#9202 = EDGE_CURVE('',#9203,#9194,#9205,.T.);
#9203 = VERTEX_POINT('',#9204);
#9204 = CARTESIAN_POINT('',(1.,0.6,4.5E-02));
#9205 = LINE('',#9206,#9207);
#9206 = CARTESIAN_POINT('',(1.,0.6,0.));
#9207 = VECTOR('',#9208,1.);
#9208 = DIRECTION('',(0.,0.,1.));
#9209 = ORIENTED_EDGE('',*,*,#9210,.T.);
#9210 = EDGE_CURVE('',#9203,#9159,#9211,.T.);
#9211 = CIRCLE('',#9212,4.5E-02);
#9212 = AXIS2_PLACEMENT_3D('',#9213,#9214,#9215);
#9213 = CARTESIAN_POINT('',(0.955,0.6,4.5E-02));
#9214 = DIRECTION('',(0.,1.,0.));
#9215 = DIRECTION('',(0.,-0.,1.));
#9216 = PLANE('',#9217);
#9217 = AXIS2_PLACEMENT_3D('',#9218,#9219,#9220);
#9218 = CARTESIAN_POINT('',(0.7,0.6,0.));
#9219 = DIRECTION('',(0.,1.,0.));
#9220 = DIRECTION('',(0.,-0.,1.));
#9221 = ADVANCED_FACE('',(#9222),#9240,.T.);
#9222 = FACE_BOUND('',#9223,.T.);
#9223 = EDGE_LOOP('',(#9224,#9225,#9226,#9234));
#9224 = ORIENTED_EDGE('',*,*,#8969,.F.);
#9225 = ORIENTED_EDGE('',*,*,#9134,.T.);
#9226 = ORIENTED_EDGE('',*,*,#9227,.T.);
#9227 = EDGE_CURVE('',#9135,#9228,#9230,.T.);
#9228 = VERTEX_POINT('',#9229);
#9229 = CARTESIAN_POINT('',(0.7,0.6,0.45));
#9230 = LINE('',#9231,#9232);
#9231 = CARTESIAN_POINT('',(-0.7,0.6,0.45));
#9232 = VECTOR('',#9233,1.);
#9233 = DIRECTION('',(1.,0.,0.));
#9234 = ORIENTED_EDGE('',*,*,#9235,.F.);
#9235 = EDGE_CURVE('',#8970,#9228,#9236,.T.);
#9236 = LINE('',#9237,#9238);
#9237 = CARTESIAN_POINT('',(0.7,0.6,0.405));
#9238 = VECTOR('',#9239,1.);
#9239 = DIRECTION('',(0.,0.,1.));
#9240 = PLANE('',#9241);
#9241 = AXIS2_PLACEMENT_3D('',#9242,#9243,#9244);
#9242 = CARTESIAN_POINT('',(-0.7,0.6,0.405));
#9243 = DIRECTION('',(0.,1.,0.));
#9244 = DIRECTION('',(0.,-0.,1.));
#9245 = ADVANCED_FACE('',(#9246),#9257,.T.);
#9246 = FACE_BOUND('',#9247,.T.);
#9247 = EDGE_LOOP('',(#9248,#9249,#9250,#9256));
#9248 = ORIENTED_EDGE('',*,*,#9017,.T.);
#9249 = ORIENTED_EDGE('',*,*,#9166,.T.);
#9250 = ORIENTED_EDGE('',*,*,#9251,.F.);
#9251 = EDGE_CURVE('',#9033,#9157,#9252,.T.);
#9252 = LINE('',#9253,#9254);
#9253 = CARTESIAN_POINT('',(0.745,-0.6,-2.775557561563E-17));
#9254 = VECTOR('',#9255,1.);
#9255 = DIRECTION('',(0.,1.,0.));
#9256 = ORIENTED_EDGE('',*,*,#9042,.F.);
#9257 = CYLINDRICAL_SURFACE('',#9258,4.5E-02);
#9258 = AXIS2_PLACEMENT_3D('',#9259,#9260,#9261);
#9259 = CARTESIAN_POINT('',(0.745,-0.6,4.5E-02));
#9260 = DIRECTION('',(0.,1.,0.));
#9261 = DIRECTION('',(-1.,0.,0.));
#9262 = ADVANCED_FACE('',(#9263),#9274,.F.);
#9263 = FACE_BOUND('',#9264,.F.);
#9264 = EDGE_LOOP('',(#9265,#9266,#9267,#9268));
#9265 = ORIENTED_EDGE('',*,*,#9156,.F.);
#9266 = ORIENTED_EDGE('',*,*,#9251,.F.);
#9267 = ORIENTED_EDGE('',*,*,#9032,.T.);
#9268 = ORIENTED_EDGE('',*,*,#9269,.T.);
#9269 = EDGE_CURVE('',#9035,#9159,#9270,.T.);
#9270 = LINE('',#9271,#9272);
#9271 = CARTESIAN_POINT('',(0.955,-0.6,-2.775557561563E-17));
#9272 = VECTOR('',#9273,1.);
#9273 = DIRECTION('',(0.,1.,0.));
#9274 = PLANE('',#9275);
#9275 = AXIS2_PLACEMENT_3D('',#9276,#9277,#9278);
#9276 = CARTESIAN_POINT('',(0.7,-0.6,0.));
#9277 = DIRECTION('',(0.,0.,1.));
#9278 = DIRECTION('',(1.,0.,-0.));
#9279 = ADVANCED_FACE('',(#9280),#9291,.T.);
#9280 = FACE_BOUND('',#9281,.T.);
#9281 = EDGE_LOOP('',(#9282,#9283,#9284,#9285));
#9282 = ORIENTED_EDGE('',*,*,#9086,.T.);
#9283 = ORIENTED_EDGE('',*,*,#9269,.T.);
#9284 = ORIENTED_EDGE('',*,*,#9210,.F.);
#9285 = ORIENTED_EDGE('',*,*,#9286,.F.);
#9286 = EDGE_CURVE('',#9079,#9203,#9287,.T.);
#9287 = LINE('',#9288,#9289);
#9288 = CARTESIAN_POINT('',(1.,-0.6,4.5E-02));
#9289 = VECTOR('',#9290,1.);
#9290 = DIRECTION('',(0.,1.,0.));
#9291 = CYLINDRICAL_SURFACE('',#9292,4.5E-02);
#9292 = AXIS2_PLACEMENT_3D('',#9293,#9294,#9295);
#9293 = CARTESIAN_POINT('',(0.955,-0.6,4.5E-02));
#9294 = DIRECTION('',(0.,1.,0.));
#9295 = DIRECTION('',(1.,0.,0.));
#9296 = ADVANCED_FACE('',(#9297),#9308,.T.);
#9297 = FACE_BOUND('',#9298,.T.);
#9298 = EDGE_LOOP('',(#9299,#9300,#9301,#9302));
#9299 = ORIENTED_EDGE('',*,*,#9078,.F.);
#9300 = ORIENTED_EDGE('',*,*,#9286,.T.);
#9301 = ORIENTED_EDGE('',*,*,#9202,.T.);
#9302 = ORIENTED_EDGE('',*,*,#9303,.F.);
#9303 = EDGE_CURVE('',#9070,#9194,#9304,.T.);
#9304 = LINE('',#9305,#9306);
#9305 = CARTESIAN_POINT('',(1.,-0.6,0.405));
#9306 = VECTOR('',#9307,1.);
#9307 = DIRECTION('',(0.,1.,0.));
#9308 = PLANE('',#9309);
#9309 = AXIS2_PLACEMENT_3D('',#9310,#9311,#9312);
#9310 = CARTESIAN_POINT('',(1.,-0.6,0.));
#9311 = DIRECTION('',(1.,0.,0.));
#9312 = DIRECTION('',(0.,0.,1.));
#9313 = ADVANCED_FACE('',(#9314),#9325,.T.);
#9314 = FACE_BOUND('',#9315,.T.);
#9315 = EDGE_LOOP('',(#9316,#9317,#9318,#9324));
#9316 = ORIENTED_EDGE('',*,*,#9303,.T.);
#9317 = ORIENTED_EDGE('',*,*,#9193,.T.);
#9318 = ORIENTED_EDGE('',*,*,#9319,.F.);
#9319 = EDGE_CURVE('',#9062,#9186,#9320,.T.);
#9320 = LINE('',#9321,#9322);
#9321 = CARTESIAN_POINT('',(0.955,-0.6,0.45));
#9322 = VECTOR('',#9323,1.);
#9323 = DIRECTION('',(0.,1.,0.));
#9324 = ORIENTED_EDGE('',*,*,#9069,.F.);
#9325 = CYLINDRICAL_SURFACE('',#9326,4.5E-02);
#9326 = AXIS2_PLACEMENT_3D('',#9327,#9328,#9329);
#9327 = CARTESIAN_POINT('',(0.955,-0.6,0.405));
#9328 = DIRECTION('',(0.,1.,0.));
#9329 = DIRECTION('',(1.,0.,0.));
#9330 = ADVANCED_FACE('',(#9331),#9342,.T.);
#9331 = FACE_BOUND('',#9332,.T.);
#9332 = EDGE_LOOP('',(#9333,#9334,#9340,#9341));
#9333 = ORIENTED_EDGE('',*,*,#9185,.F.);
#9334 = ORIENTED_EDGE('',*,*,#9335,.F.);
#9335 = EDGE_CURVE('',#9053,#9177,#9336,.T.);
#9336 = LINE('',#9337,#9338);
#9337 = CARTESIAN_POINT('',(0.745,-0.6,0.45));
#9338 = VECTOR('',#9339,1.);
#9339 = DIRECTION('',(0.,1.,0.));
#9340 = ORIENTED_EDGE('',*,*,#9061,.T.);
#9341 = ORIENTED_EDGE('',*,*,#9319,.T.);
#9342 = PLANE('',#9343);
#9343 = AXIS2_PLACEMENT_3D('',#9344,#9345,#9346);
#9344 = CARTESIAN_POINT('',(0.7,-0.6,0.45));
#9345 = DIRECTION('',(0.,0.,1.));
#9346 = DIRECTION('',(1.,0.,-0.));
#9347 = ADVANCED_FACE('',(#9348),#9359,.T.);
#9348 = FACE_BOUND('',#9349,.T.);
#9349 = EDGE_LOOP('',(#9350,#9351,#9352,#9353));
#9350 = ORIENTED_EDGE('',*,*,#9052,.T.);
#9351 = ORIENTED_EDGE('',*,*,#9335,.T.);
#9352 = ORIENTED_EDGE('',*,*,#9176,.F.);
#9353 = ORIENTED_EDGE('',*,*,#9354,.F.);
#9354 = EDGE_CURVE('',#8887,#8970,#9355,.T.);
#9355 = LINE('',#9356,#9357);
#9356 = CARTESIAN_POINT('',(0.7,-0.6,0.405));
#9357 = VECTOR('',#9358,1.);
#9358 = DIRECTION('',(0.,1.,0.));
#9359 = CYLINDRICAL_SURFACE('',#9360,4.5E-02);
#9360 = AXIS2_PLACEMENT_3D('',#9361,#9362,#9363);
#9361 = CARTESIAN_POINT('',(0.745,-0.6,0.405));
#9362 = DIRECTION('',(0.,1.,0.));
#9363 = DIRECTION('',(-1.,0.,0.));
#9364 = ADVANCED_FACE('',(#9365),#9376,.T.);
#9365 = FACE_BOUND('',#9366,.T.);
#9366 = EDGE_LOOP('',(#9367,#9368,#9369,#9370));
#9367 = ORIENTED_EDGE('',*,*,#9118,.F.);
#9368 = ORIENTED_EDGE('',*,*,#9354,.T.);
#9369 = ORIENTED_EDGE('',*,*,#9235,.T.);
#9370 = ORIENTED_EDGE('',*,*,#9371,.F.);
#9371 = EDGE_CURVE('',#9111,#9228,#9372,.T.);
#9372 = LINE('',#9373,#9374);
#9373 = CARTESIAN_POINT('',(0.7,-0.6,0.45));
#9374 = VECTOR('',#9375,1.);
#9375 = DIRECTION('',(0.,1.,0.));
#9376 = PLANE('',#9377);
#9377 = AXIS2_PLACEMENT_3D('',#9378,#9379,#9380);
#9378 = CARTESIAN_POINT('',(0.7,-0.6,0.405));
#9379 = DIRECTION('',(1.,0.,0.));
#9380 = DIRECTION('',(0.,0.,1.));
#9381 = ADVANCED_FACE('',(#9382),#9388,.T.);
#9382 = FACE_BOUND('',#9383,.T.);
#9383 = EDGE_LOOP('',(#9384,#9385,#9386,#9387));
#9384 = ORIENTED_EDGE('',*,*,#9142,.F.);
#9385 = ORIENTED_EDGE('',*,*,#9110,.T.);
#9386 = ORIENTED_EDGE('',*,*,#9371,.T.);
#9387 = ORIENTED_EDGE('',*,*,#9227,.F.);
#9388 = PLANE('',#9389);
#9389 = AXIS2_PLACEMENT_3D('',#9390,#9391,#9392);
#9390 = CARTESIAN_POINT('',(-0.7,-0.6,0.45));
#9391 = DIRECTION('',(0.,0.,1.));
#9392 = DIRECTION('',(1.,0.,-0.));
#9393 = ( GEOMETRIC_REPRESENTATION_CONTEXT(3) 
GLOBAL_UNCERTAINTY_ASSIGNED_CONTEXT((#9397)) 
GLOBAL_UNIT_ASSIGNED_CONTEXT((#9394,#9395,#9396)) REPRESENTATION_CONTEXT
('Context #1','3D Context with UNIT and UNCERTAINTY') );
#9394 = ( LENGTH_UNIT() NAMED_UNIT(*) SI_UNIT(.MILLI.,.METRE.) );
#9395 = ( NAMED_UNIT(*) PLANE_ANGLE_UNIT() SI_UNIT($,.RADIAN.) );
#9396 = ( NAMED_UNIT(*) SI_UNIT($,.STERADIAN.) SOLID_ANGLE_UNIT() );
#9397 = UNCERTAINTY_MEASURE_WITH_UNIT(LENGTH_MEASURE(1.E-07),#9394,
  'distance_accuracy_value','confusion accuracy');
#9398 = CONTEXT_DEPENDENT_SHAPE_REPRESENTATION(#9399,#9401);
#9399 = ( REPRESENTATION_RELATIONSHIP('','',#8602,#10) 
REPRESENTATION_RELATIONSHIP_WITH_TRANSFORMATION(#9400) 
SHAPE_REPRESENTATION_RELATIONSHIP() );
#9400 = ITEM_DEFINED_TRANSFORMATION('','',#11,#51);
#9401 = PRODUCT_DEFINITION_SHAPE('Placement','Placement of an item',
  #9402);
#9402 = NEXT_ASSEMBLY_USAGE_OCCURRENCE('10','R10','',#5,#8597,$);
#9403 = PRODUCT_RELATED_PRODUCT_CATEGORY('part',$,(#8599));
#9404 = CONTEXT_DEPENDENT_SHAPE_REPRESENTATION(#9405,#9407);
#9405 = ( REPRESENTATION_RELATIONSHIP('','',#8602,#10) 
REPRESENTATION_RELATIONSHIP_WITH_TRANSFORMATION(#9406) 
SHAPE_REPRESENTATION_RELATIONSHIP() );
#9406 = ITEM_DEFINED_TRANSFORMATION('','',#11,#55);
#9407 = PRODUCT_DEFINITION_SHAPE('Placement','Placement of an item',
  #9408);
#9408 = NEXT_ASSEMBLY_USAGE_OCCURRENCE('11','R16','',#5,#8597,$);
#9409 = CONTEXT_DEPENDENT_SHAPE_REPRESENTATION(#9410,#9412);
#9410 = ( REPRESENTATION_RELATIONSHIP('','',#8602,#10) 
REPRESENTATION_RELATIONSHIP_WITH_TRANSFORMATION(#9411) 
SHAPE_REPRESENTATION_RELATIONSHIP() );
#9411 = ITEM_DEFINED_TRANSFORMATION('','',#11,#59);
#9412 = PRODUCT_DEFINITION_SHAPE('Placement','Placement of an item',
  #9413);
#9413 = NEXT_ASSEMBLY_USAGE_OCCURRENCE('12','R5','',#5,#8597,$);
#9414 = CONTEXT_DEPENDENT_SHAPE_REPRESENTATION(#9415,#9417);
#9415 = ( REPRESENTATION_RELATIONSHIP('','',#8602,#10) 
REPRESENTATION_RELATIONSHIP_WITH_TRANSFORMATION(#9416) 
SHAPE_REPRESENTATION_RELATIONSHIP() );
#9416 = ITEM_DEFINED_TRANSFORMATION('','',#11,#63);
#9417 = PRODUCT_DEFINITION_SHAPE('Placement','Placement of an item',
  #9418);
#9418 = NEXT_ASSEMBLY_USAGE_OCCURRENCE('13','R13','',#5,#8597,$);
#9419 = CONTEXT_DEPENDENT_SHAPE_REPRESENTATION(#9420,#9422);
#9420 = ( REPRESENTATION_RELATIONSHIP('','',#8602,#10) 
REPRESENTATION_RELATIONSHIP_WITH_TRANSFORMATION(#9421) 
SHAPE_REPRESENTATION_RELATIONSHIP() );
#9421 = ITEM_DEFINED_TRANSFORMATION('','',#11,#67);
#9422 = PRODUCT_DEFINITION_SHAPE('Placement','Placement of an item',
  #9423);
#9423 = NEXT_ASSEMBLY_USAGE_OCCURRENCE('14','R9','',#5,#8597,$);
#9424 = CONTEXT_DEPENDENT_SHAPE_REPRESENTATION(#9425,#9427);
#9425 = ( REPRESENTATION_RELATIONSHIP('','',#8602,#10) 
REPRESENTATION_RELATIONSHIP_WITH_TRANSFORMATION(#9426) 
SHAPE_REPRESENTATION_RELATIONSHIP() );
#9426 = ITEM_DEFINED_TRANSFORMATION('','',#11,#71);
#9427 = PRODUCT_DEFINITION_SHAPE('Placement','Placement of an item',
  #9428);
#9428 = NEXT_ASSEMBLY_USAGE_OCCURRENCE('15','R7','',#5,#8597,$);
#9429 = CONTEXT_DEPENDENT_SHAPE_REPRESENTATION(#9430,#9432);
#9430 = ( REPRESENTATION_RELATIONSHIP('','',#8602,#10) 
REPRESENTATION_RELATIONSHIP_WITH_TRANSFORMATION(#9431) 
SHAPE_REPRESENTATION_RELATIONSHIP() );
#9431 = ITEM_DEFINED_TRANSFORMATION('','',#11,#75);
#9432 = PRODUCT_DEFINITION_SHAPE('Placement','Placement of an item',
  #9433);
#9433 = NEXT_ASSEMBLY_USAGE_OCCURRENCE('16','R3','',#5,#8597,$);
#9434 = SHAPE_DEFINITION_REPRESENTATION(#9435,#9441);
#9435 = PRODUCT_DEFINITION_SHAPE('','',#9436);
#9436 = PRODUCT_DEFINITION('design','',#9437,#9440);
#9437 = PRODUCT_DEFINITION_FORMATION('','',#9438);
#9438 = PRODUCT('C_0805_2012Metric','C_0805_2012Metric','',(#9439));
#9439 = PRODUCT_CONTEXT('',#2,'mechanical');
#9440 = PRODUCT_DEFINITION_CONTEXT('part definition',#2,'design');
#9441 = ADVANCED_BREP_SHAPE_REPRESENTATION('',(#11,#9442),#10296);
#9442 = MANIFOLD_SOLID_BREP('',#9443);
#9443 = CLOSED_SHELL('',(#9444,#9520,#9551,#9576,#9601,#9625,#9649,#9674
    ,#9699,#9716,#9802,#9834,#9858,#9883,#9907,#9932,#9956,#9981,#9998,
    #10084,#10115,#10140,#10165,#10189,#10213,#10238,#10263,#10280));
#9444 = ADVANCED_FACE('',(#9445),#9515,.F.);
#9445 = FACE_BOUND('',#9446,.F.);
#9446 = EDGE_LOOP('',(#9447,#9457,#9466,#9474,#9483,#9491,#9500,#9508));
#9447 = ORIENTED_EDGE('',*,*,#9448,.F.);
#9448 = EDGE_CURVE('',#9449,#9451,#9453,.T.);
#9449 = VERTEX_POINT('',#9450);
#9450 = CARTESIAN_POINT('',(-1.,-0.625,4.E-02));
#9451 = VERTEX_POINT('',#9452);
#9452 = CARTESIAN_POINT('',(-1.,-0.625,1.21));
#9453 = LINE('',#9454,#9455);
#9454 = CARTESIAN_POINT('',(-1.,-0.625,0.));
#9455 = VECTOR('',#9456,1.);
#9456 = DIRECTION('',(0.,0.,1.));
#9457 = ORIENTED_EDGE('',*,*,#9458,.T.);
#9458 = EDGE_CURVE('',#9449,#9459,#9461,.T.);
#9459 = VERTEX_POINT('',#9460);
#9460 = CARTESIAN_POINT('',(-1.,-0.585,0.));
#9461 = CIRCLE('',#9462,4.E-02);
#9462 = AXIS2_PLACEMENT_3D('',#9463,#9464,#9465);
#9463 = CARTESIAN_POINT('',(-1.,-0.585,4.E-02));
#9464 = DIRECTION('',(1.,0.,-0.));
#9465 = DIRECTION('',(0.,0.,1.));
#9466 = ORIENTED_EDGE('',*,*,#9467,.T.);
#9467 = EDGE_CURVE('',#9459,#9468,#9470,.T.);
#9468 = VERTEX_POINT('',#9469);
#9469 = CARTESIAN_POINT('',(-1.,0.585,0.));
#9470 = LINE('',#9471,#9472);
#9471 = CARTESIAN_POINT('',(-1.,-0.625,0.));
#9472 = VECTOR('',#9473,1.);
#9473 = DIRECTION('',(0.,1.,0.));
#9474 = ORIENTED_EDGE('',*,*,#9475,.F.);
#9475 = EDGE_CURVE('',#9476,#9468,#9478,.T.);
#9476 = VERTEX_POINT('',#9477);
#9477 = CARTESIAN_POINT('',(-1.,0.625,4.E-02));
#9478 = CIRCLE('',#9479,4.E-02);
#9479 = AXIS2_PLACEMENT_3D('',#9480,#9481,#9482);
#9480 = CARTESIAN_POINT('',(-1.,0.585,4.E-02));
#9481 = DIRECTION('',(-1.,0.,0.));
#9482 = DIRECTION('',(0.,0.,1.));
#9483 = ORIENTED_EDGE('',*,*,#9484,.T.);
#9484 = EDGE_CURVE('',#9476,#9485,#9487,.T.);
#9485 = VERTEX_POINT('',#9486);
#9486 = CARTESIAN_POINT('',(-1.,0.625,1.21));
#9487 = LINE('',#9488,#9489);
#9488 = CARTESIAN_POINT('',(-1.,0.625,0.));
#9489 = VECTOR('',#9490,1.);
#9490 = DIRECTION('',(0.,0.,1.));
#9491 = ORIENTED_EDGE('',*,*,#9492,.T.);
#9492 = EDGE_CURVE('',#9485,#9493,#9495,.T.);
#9493 = VERTEX_POINT('',#9494);
#9494 = CARTESIAN_POINT('',(-1.,0.585,1.25));
#9495 = CIRCLE('',#9496,4.E-02);
#9496 = AXIS2_PLACEMENT_3D('',#9497,#9498,#9499);
#9497 = CARTESIAN_POINT('',(-1.,0.585,1.21));
#9498 = DIRECTION('',(1.,0.,-0.));
#9499 = DIRECTION('',(0.,0.,1.));
#9500 = ORIENTED_EDGE('',*,*,#9501,.F.);
#9501 = EDGE_CURVE('',#9502,#9493,#9504,.T.);
#9502 = VERTEX_POINT('',#9503);
#9503 = CARTESIAN_POINT('',(-1.,-0.585,1.25));
#9504 = LINE('',#9505,#9506);
#9505 = CARTESIAN_POINT('',(-1.,-0.625,1.25));
#9506 = VECTOR('',#9507,1.);
#9507 = DIRECTION('',(0.,1.,0.));
#9508 = ORIENTED_EDGE('',*,*,#9509,.F.);
#9509 = EDGE_CURVE('',#9451,#9502,#9510,.T.);
#9510 = CIRCLE('',#9511,4.E-02);
#9511 = AXIS2_PLACEMENT_3D('',#9512,#9513,#9514);
#9512 = CARTESIAN_POINT('',(-1.,-0.585,1.21));
#9513 = DIRECTION('',(-1.,0.,0.));
#9514 = DIRECTION('',(0.,0.,1.));
#9515 = PLANE('',#9516);
#9516 = AXIS2_PLACEMENT_3D('',#9517,#9518,#9519);
#9517 = CARTESIAN_POINT('',(-1.,-0.625,0.));
#9518 = DIRECTION('',(1.,0.,0.));
#9519 = DIRECTION('',(0.,0.,1.));
#9520 = ADVANCED_FACE('',(#9521),#9546,.F.);
#9521 = FACE_BOUND('',#9522,.F.);
#9522 = EDGE_LOOP('',(#9523,#9533,#9539,#9540));
#9523 = ORIENTED_EDGE('',*,*,#9524,.F.);
#9524 = EDGE_CURVE('',#9525,#9527,#9529,.T.);
#9525 = VERTEX_POINT('',#9526);
#9526 = CARTESIAN_POINT('',(-0.6,-0.625,4.E-02));
#9527 = VERTEX_POINT('',#9528);
#9528 = CARTESIAN_POINT('',(-0.6,-0.625,1.21));
#9529 = LINE('',#9530,#9531);
#9530 = CARTESIAN_POINT('',(-0.6,-0.625,0.));
#9531 = VECTOR('',#9532,1.);
#9532 = DIRECTION('',(0.,0.,1.));
#9533 = ORIENTED_EDGE('',*,*,#9534,.F.);
#9534 = EDGE_CURVE('',#9449,#9525,#9535,.T.);
#9535 = LINE('',#9536,#9537);
#9536 = CARTESIAN_POINT('',(-1.,-0.625,4.E-02));
#9537 = VECTOR('',#9538,1.);
#9538 = DIRECTION('',(1.,0.,0.));
#9539 = ORIENTED_EDGE('',*,*,#9448,.T.);
#9540 = ORIENTED_EDGE('',*,*,#9541,.T.);
#9541 = EDGE_CURVE('',#9451,#9527,#9542,.T.);
#9542 = LINE('',#9543,#9544);
#9543 = CARTESIAN_POINT('',(-1.,-0.625,1.21));
#9544 = VECTOR('',#9545,1.);
#9545 = DIRECTION('',(1.,0.,0.));
#9546 = PLANE('',#9547);
#9547 = AXIS2_PLACEMENT_3D('',#9548,#9549,#9550);
#9548 = CARTESIAN_POINT('',(-1.,-0.625,0.));
#9549 = DIRECTION('',(0.,1.,0.));
#9550 = DIRECTION('',(0.,-0.,1.));
#9551 = ADVANCED_FACE('',(#9552),#9571,.T.);
#9552 = FACE_BOUND('',#9553,.T.);
#9553 = EDGE_LOOP('',(#9554,#9555,#9563,#9570));
#9554 = ORIENTED_EDGE('',*,*,#9458,.T.);
#9555 = ORIENTED_EDGE('',*,*,#9556,.T.);
#9556 = EDGE_CURVE('',#9459,#9557,#9559,.T.);
#9557 = VERTEX_POINT('',#9558);
#9558 = CARTESIAN_POINT('',(-0.6,-0.585,0.));
#9559 = LINE('',#9560,#9561);
#9560 = CARTESIAN_POINT('',(-1.,-0.585,0.));
#9561 = VECTOR('',#9562,1.);
#9562 = DIRECTION('',(1.,0.,0.));
#9563 = ORIENTED_EDGE('',*,*,#9564,.F.);
#9564 = EDGE_CURVE('',#9525,#9557,#9565,.T.);
#9565 = CIRCLE('',#9566,4.E-02);
#9566 = AXIS2_PLACEMENT_3D('',#9567,#9568,#9569);
#9567 = CARTESIAN_POINT('',(-0.6,-0.585,4.E-02));
#9568 = DIRECTION('',(1.,0.,-0.));
#9569 = DIRECTION('',(0.,0.,1.));
#9570 = ORIENTED_EDGE('',*,*,#9534,.F.);
#9571 = CYLINDRICAL_SURFACE('',#9572,4.E-02);
#9572 = AXIS2_PLACEMENT_3D('',#9573,#9574,#9575);
#9573 = CARTESIAN_POINT('',(-1.,-0.585,4.E-02));
#9574 = DIRECTION('',(1.,0.,0.));
#9575 = DIRECTION('',(0.,-1.,0.));
#9576 = ADVANCED_FACE('',(#9577),#9596,.T.);
#9577 = FACE_BOUND('',#9578,.T.);
#9578 = EDGE_LOOP('',(#9579,#9580,#9589,#9595));
#9579 = ORIENTED_EDGE('',*,*,#9541,.T.);
#9580 = ORIENTED_EDGE('',*,*,#9581,.T.);
#9581 = EDGE_CURVE('',#9527,#9582,#9584,.T.);
#9582 = VERTEX_POINT('',#9583);
#9583 = CARTESIAN_POINT('',(-0.6,-0.585,1.25));
#9584 = CIRCLE('',#9585,4.E-02);
#9585 = AXIS2_PLACEMENT_3D('',#9586,#9587,#9588);
#9586 = CARTESIAN_POINT('',(-0.6,-0.585,1.21));
#9587 = DIRECTION('',(-1.,0.,0.));
#9588 = DIRECTION('',(0.,0.,1.));
#9589 = ORIENTED_EDGE('',*,*,#9590,.F.);
#9590 = EDGE_CURVE('',#9502,#9582,#9591,.T.);
#9591 = LINE('',#9592,#9593);
#9592 = CARTESIAN_POINT('',(-1.,-0.585,1.25));
#9593 = VECTOR('',#9594,1.);
#9594 = DIRECTION('',(1.,0.,0.));
#9595 = ORIENTED_EDGE('',*,*,#9509,.F.);
#9596 = CYLINDRICAL_SURFACE('',#9597,4.E-02);
#9597 = AXIS2_PLACEMENT_3D('',#9598,#9599,#9600);
#9598 = CARTESIAN_POINT('',(-1.,-0.585,1.21));
#9599 = DIRECTION('',(1.,0.,0.));
#9600 = DIRECTION('',(0.,-1.,0.));
#9601 = ADVANCED_FACE('',(#9602),#9620,.F.);
#9602 = FACE_BOUND('',#9603,.F.);
#9603 = EDGE_LOOP('',(#9604,#9605,#9606,#9614));
#9604 = ORIENTED_EDGE('',*,*,#9467,.F.);
#9605 = ORIENTED_EDGE('',*,*,#9556,.T.);
#9606 = ORIENTED_EDGE('',*,*,#9607,.T.);
#9607 = EDGE_CURVE('',#9557,#9608,#9610,.T.);
#9608 = VERTEX_POINT('',#9609);
#9609 = CARTESIAN_POINT('',(-0.6,0.585,0.));
#9610 = LINE('',#9611,#9612);
#9611 = CARTESIAN_POINT('',(-0.6,-0.625,0.));
#9612 = VECTOR('',#9613,1.);
#9613 = DIRECTION('',(0.,1.,0.));
#9614 = ORIENTED_EDGE('',*,*,#9615,.F.);
#9615 = EDGE_CURVE('',#9468,#9608,#9616,.T.);
#9616 = LINE('',#9617,#9618);
#9617 = CARTESIAN_POINT('',(-1.,0.585,0.));
#9618 = VECTOR('',#9619,1.);
#9619 = DIRECTION('',(1.,0.,0.));
#9620 = PLANE('',#9621);
#9621 = AXIS2_PLACEMENT_3D('',#9622,#9623,#9624);
#9622 = CARTESIAN_POINT('',(-1.,-0.625,0.));
#9623 = DIRECTION('',(0.,0.,1.));
#9624 = DIRECTION('',(1.,0.,-0.));
#9625 = ADVANCED_FACE('',(#9626),#9644,.T.);
#9626 = FACE_BOUND('',#9627,.T.);
#9627 = EDGE_LOOP('',(#9628,#9629,#9630,#9638));
#9628 = ORIENTED_EDGE('',*,*,#9501,.F.);
#9629 = ORIENTED_EDGE('',*,*,#9590,.T.);
#9630 = ORIENTED_EDGE('',*,*,#9631,.T.);
#9631 = EDGE_CURVE('',#9582,#9632,#9634,.T.);
#9632 = VERTEX_POINT('',#9633);
#9633 = CARTESIAN_POINT('',(-0.6,0.585,1.25));
#9634 = LINE('',#9635,#9636);
#9635 = CARTESIAN_POINT('',(-0.6,-0.625,1.25));
#9636 = VECTOR('',#9637,1.);
#9637 = DIRECTION('',(0.,1.,0.));
#9638 = ORIENTED_EDGE('',*,*,#9639,.F.);
#9639 = EDGE_CURVE('',#9493,#9632,#9640,.T.);
#9640 = LINE('',#9641,#9642);
#9641 = CARTESIAN_POINT('',(-1.,0.585,1.25));
#9642 = VECTOR('',#9643,1.);
#9643 = DIRECTION('',(1.,0.,0.));
#9644 = PLANE('',#9645);
#9645 = AXIS2_PLACEMENT_3D('',#9646,#9647,#9648);
#9646 = CARTESIAN_POINT('',(-1.,-0.625,1.25));
#9647 = DIRECTION('',(0.,0.,1.));
#9648 = DIRECTION('',(1.,0.,-0.));
#9649 = ADVANCED_FACE('',(#9650),#9669,.T.);
#9650 = FACE_BOUND('',#9651,.T.);
#9651 = EDGE_LOOP('',(#9652,#9660,#9667,#9668));
#9652 = ORIENTED_EDGE('',*,*,#9653,.T.);
#9653 = EDGE_CURVE('',#9476,#9654,#9656,.T.);
#9654 = VERTEX_POINT('',#9655);
#9655 = CARTESIAN_POINT('',(-0.6,0.625,4.E-02));
#9656 = LINE('',#9657,#9658);
#9657 = CARTESIAN_POINT('',(-1.,0.625,4.E-02));
#9658 = VECTOR('',#9659,1.);
#9659 = DIRECTION('',(1.,0.,0.));
#9660 = ORIENTED_EDGE('',*,*,#9661,.T.);
#9661 = EDGE_CURVE('',#9654,#9608,#9662,.T.);
#9662 = CIRCLE('',#9663,4.E-02);
#9663 = AXIS2_PLACEMENT_3D('',#9664,#9665,#9666);
#9664 = CARTESIAN_POINT('',(-0.6,0.585,4.E-02));
#9665 = DIRECTION('',(-1.,0.,0.));
#9666 = DIRECTION('',(0.,0.,1.));
#9667 = ORIENTED_EDGE('',*,*,#9615,.F.);
#9668 = ORIENTED_EDGE('',*,*,#9475,.F.);
#9669 = CYLINDRICAL_SURFACE('',#9670,4.E-02);
#9670 = AXIS2_PLACEMENT_3D('',#9671,#9672,#9673);
#9671 = CARTESIAN_POINT('',(-1.,0.585,4.E-02));
#9672 = DIRECTION('',(1.,0.,0.));
#9673 = DIRECTION('',(-0.,1.,0.));
#9674 = ADVANCED_FACE('',(#9675),#9694,.T.);
#9675 = FACE_BOUND('',#9676,.T.);
#9676 = EDGE_LOOP('',(#9677,#9678,#9679,#9688));
#9677 = ORIENTED_EDGE('',*,*,#9492,.T.);
#9678 = ORIENTED_EDGE('',*,*,#9639,.T.);
#9679 = ORIENTED_EDGE('',*,*,#9680,.F.);
#9680 = EDGE_CURVE('',#9681,#9632,#9683,.T.);
#9681 = VERTEX_POINT('',#9682);
#9682 = CARTESIAN_POINT('',(-0.6,0.625,1.21));
#9683 = CIRCLE('',#9684,4.E-02);
#9684 = AXIS2_PLACEMENT_3D('',#9685,#9686,#9687);
#9685 = CARTESIAN_POINT('',(-0.6,0.585,1.21));
#9686 = DIRECTION('',(1.,0.,-0.));
#9687 = DIRECTION('',(0.,0.,1.));
#9688 = ORIENTED_EDGE('',*,*,#9689,.F.);
#9689 = EDGE_CURVE('',#9485,#9681,#9690,.T.);
#9690 = LINE('',#9691,#9692);
#9691 = CARTESIAN_POINT('',(-1.,0.625,1.21));
#9692 = VECTOR('',#9693,1.);
#9693 = DIRECTION('',(1.,0.,0.));
#9694 = CYLINDRICAL_SURFACE('',#9695,4.E-02);
#9695 = AXIS2_PLACEMENT_3D('',#9696,#9697,#9698);
#9696 = CARTESIAN_POINT('',(-1.,0.585,1.21));
#9697 = DIRECTION('',(1.,0.,0.));
#9698 = DIRECTION('',(-0.,1.,0.));
#9699 = ADVANCED_FACE('',(#9700),#9711,.T.);
#9700 = FACE_BOUND('',#9701,.T.);
#9701 = EDGE_LOOP('',(#9702,#9708,#9709,#9710));
#9702 = ORIENTED_EDGE('',*,*,#9703,.F.);
#9703 = EDGE_CURVE('',#9654,#9681,#9704,.T.);
#9704 = LINE('',#9705,#9706);
#9705 = CARTESIAN_POINT('',(-0.6,0.625,0.));
#9706 = VECTOR('',#9707,1.);
#9707 = DIRECTION('',(0.,0.,1.));
#9708 = ORIENTED_EDGE('',*,*,#9653,.F.);
#9709 = ORIENTED_EDGE('',*,*,#9484,.T.);
#9710 = ORIENTED_EDGE('',*,*,#9689,.T.);
#9711 = PLANE('',#9712);
#9712 = AXIS2_PLACEMENT_3D('',#9713,#9714,#9715);
#9713 = CARTESIAN_POINT('',(-1.,0.625,0.));
#9714 = DIRECTION('',(0.,1.,0.));
#9715 = DIRECTION('',(0.,-0.,1.));
#9716 = ADVANCED_FACE('',(#9717,#9727),#9797,.T.);
#9717 = FACE_BOUND('',#9718,.T.);
#9718 = EDGE_LOOP('',(#9719,#9720,#9721,#9722,#9723,#9724,#9725,#9726));
#9719 = ORIENTED_EDGE('',*,*,#9524,.F.);
#9720 = ORIENTED_EDGE('',*,*,#9564,.T.);
#9721 = ORIENTED_EDGE('',*,*,#9607,.T.);
#9722 = ORIENTED_EDGE('',*,*,#9661,.F.);
#9723 = ORIENTED_EDGE('',*,*,#9703,.T.);
#9724 = ORIENTED_EDGE('',*,*,#9680,.T.);
#9725 = ORIENTED_EDGE('',*,*,#9631,.F.);
#9726 = ORIENTED_EDGE('',*,*,#9581,.F.);
#9727 = FACE_BOUND('',#9728,.T.);
#9728 = EDGE_LOOP('',(#9729,#9740,#9748,#9757,#9765,#9774,#9782,#9791));
#9729 = ORIENTED_EDGE('',*,*,#9730,.F.);
#9730 = EDGE_CURVE('',#9731,#9733,#9735,.T.);
#9731 = VERTEX_POINT('',#9732);
#9732 = CARTESIAN_POINT('',(-0.6,-0.585,8.E-02));
#9733 = VERTEX_POINT('',#9734);
#9734 = CARTESIAN_POINT('',(-0.6,-0.545,4.E-02));
#9735 = CIRCLE('',#9736,4.E-02);
#9736 = AXIS2_PLACEMENT_3D('',#9737,#9738,#9739);
#9737 = CARTESIAN_POINT('',(-0.6,-0.545,8.E-02));
#9738 = DIRECTION('',(1.,0.,-0.));
#9739 = DIRECTION('',(0.,0.,1.));
#9740 = ORIENTED_EDGE('',*,*,#9741,.T.);
#9741 = EDGE_CURVE('',#9731,#9742,#9744,.T.);
#9742 = VERTEX_POINT('',#9743);
#9743 = CARTESIAN_POINT('',(-0.6,-0.585,1.17));
#9744 = LINE('',#9745,#9746);
#9745 = CARTESIAN_POINT('',(-0.6,-0.585,4.E-02));
#9746 = VECTOR('',#9747,1.);
#9747 = DIRECTION('',(0.,0.,1.));
#9748 = ORIENTED_EDGE('',*,*,#9749,.T.);
#9749 = EDGE_CURVE('',#9742,#9750,#9752,.T.);
#9750 = VERTEX_POINT('',#9751);
#9751 = CARTESIAN_POINT('',(-0.6,-0.545,1.21));
#9752 = CIRCLE('',#9753,4.E-02);
#9753 = AXIS2_PLACEMENT_3D('',#9754,#9755,#9756);
#9754 = CARTESIAN_POINT('',(-0.6,-0.545,1.17));
#9755 = DIRECTION('',(-1.,0.,0.));
#9756 = DIRECTION('',(0.,0.,1.));
#9757 = ORIENTED_EDGE('',*,*,#9758,.T.);
#9758 = EDGE_CURVE('',#9750,#9759,#9761,.T.);
#9759 = VERTEX_POINT('',#9760);
#9760 = CARTESIAN_POINT('',(-0.6,0.545,1.21));
#9761 = LINE('',#9762,#9763);
#9762 = CARTESIAN_POINT('',(-0.6,-0.585,1.21));
#9763 = VECTOR('',#9764,1.);
#9764 = DIRECTION('',(0.,1.,0.));
#9765 = ORIENTED_EDGE('',*,*,#9766,.F.);
#9766 = EDGE_CURVE('',#9767,#9759,#9769,.T.);
#9767 = VERTEX_POINT('',#9768);
#9768 = CARTESIAN_POINT('',(-0.6,0.585,1.17));
#9769 = CIRCLE('',#9770,4.E-02);
#9770 = AXIS2_PLACEMENT_3D('',#9771,#9772,#9773);
#9771 = CARTESIAN_POINT('',(-0.6,0.545,1.17));
#9772 = DIRECTION('',(1.,0.,-0.));
#9773 = DIRECTION('',(0.,0.,1.));
#9774 = ORIENTED_EDGE('',*,*,#9775,.F.);
#9775 = EDGE_CURVE('',#9776,#9767,#9778,.T.);
#9776 = VERTEX_POINT('',#9777);
#9777 = CARTESIAN_POINT('',(-0.6,0.585,8.E-02));
#9778 = LINE('',#9779,#9780);
#9779 = CARTESIAN_POINT('',(-0.6,0.585,4.E-02));
#9780 = VECTOR('',#9781,1.);
#9781 = DIRECTION('',(0.,0.,1.));
#9782 = ORIENTED_EDGE('',*,*,#9783,.T.);
#9783 = EDGE_CURVE('',#9776,#9784,#9786,.T.);
#9784 = VERTEX_POINT('',#9785);
#9785 = CARTESIAN_POINT('',(-0.6,0.545,4.E-02));
#9786 = CIRCLE('',#9787,4.E-02);
#9787 = AXIS2_PLACEMENT_3D('',#9788,#9789,#9790);
#9788 = CARTESIAN_POINT('',(-0.6,0.545,8.E-02));
#9789 = DIRECTION('',(-1.,0.,0.));
#9790 = DIRECTION('',(0.,0.,1.));
#9791 = ORIENTED_EDGE('',*,*,#9792,.F.);
#9792 = EDGE_CURVE('',#9733,#9784,#9793,.T.);
#9793 = LINE('',#9794,#9795);
#9794 = CARTESIAN_POINT('',(-0.6,-0.585,4.E-02));
#9795 = VECTOR('',#9796,1.);
#9796 = DIRECTION('',(0.,1.,0.));
#9797 = PLANE('',#9798);
#9798 = AXIS2_PLACEMENT_3D('',#9799,#9800,#9801);
#9799 = CARTESIAN_POINT('',(-0.6,-0.625,0.));
#9800 = DIRECTION('',(1.,0.,0.));
#9801 = DIRECTION('',(0.,0.,1.));
#9802 = ADVANCED_FACE('',(#9803),#9829,.T.);
#9803 = FACE_BOUND('',#9804,.T.);
#9804 = EDGE_LOOP('',(#9805,#9806,#9814,#9823));
#9805 = ORIENTED_EDGE('',*,*,#9730,.T.);
#9806 = ORIENTED_EDGE('',*,*,#9807,.T.);
#9807 = EDGE_CURVE('',#9733,#9808,#9810,.T.);
#9808 = VERTEX_POINT('',#9809);
#9809 = CARTESIAN_POINT('',(0.6,-0.545,4.E-02));
#9810 = LINE('',#9811,#9812);
#9811 = CARTESIAN_POINT('',(-0.6,-0.545,4.E-02));
#9812 = VECTOR('',#9813,1.);
#9813 = DIRECTION('',(1.,0.,0.));
#9814 = ORIENTED_EDGE('',*,*,#9815,.F.);
#9815 = EDGE_CURVE('',#9816,#9808,#9818,.T.);
#9816 = VERTEX_POINT('',#9817);
#9817 = CARTESIAN_POINT('',(0.6,-0.585,8.E-02));
#9818 = CIRCLE('',#9819,4.E-02);
#9819 = AXIS2_PLACEMENT_3D('',#9820,#9821,#9822);
#9820 = CARTESIAN_POINT('',(0.6,-0.545,8.E-02));
#9821 = DIRECTION('',(1.,0.,-0.));
#9822 = DIRECTION('',(0.,0.,1.));
#9823 = ORIENTED_EDGE('',*,*,#9824,.F.);
#9824 = EDGE_CURVE('',#9731,#9816,#9825,.T.);
#9825 = LINE('',#9826,#9827);
#9826 = CARTESIAN_POINT('',(-0.6,-0.585,8.E-02));
#9827 = VECTOR('',#9828,1.);
#9828 = DIRECTION('',(1.,0.,0.));
#9829 = CYLINDRICAL_SURFACE('',#9830,4.E-02);
#9830 = AXIS2_PLACEMENT_3D('',#9831,#9832,#9833);
#9831 = CARTESIAN_POINT('',(-0.6,-0.545,8.E-02));
#9832 = DIRECTION('',(1.,0.,0.));
#9833 = DIRECTION('',(0.,-1.,0.));
#9834 = ADVANCED_FACE('',(#9835),#9853,.F.);
#9835 = FACE_BOUND('',#9836,.F.);
#9836 = EDGE_LOOP('',(#9837,#9838,#9839,#9847));
#9837 = ORIENTED_EDGE('',*,*,#9792,.F.);
#9838 = ORIENTED_EDGE('',*,*,#9807,.T.);
#9839 = ORIENTED_EDGE('',*,*,#9840,.T.);
#9840 = EDGE_CURVE('',#9808,#9841,#9843,.T.);
#9841 = VERTEX_POINT('',#9842);
#9842 = CARTESIAN_POINT('',(0.6,0.545,4.E-02));
#9843 = LINE('',#9844,#9845);
#9844 = CARTESIAN_POINT('',(0.6,-0.585,4.E-02));
#9845 = VECTOR('',#9846,1.);
#9846 = DIRECTION('',(0.,1.,0.));
#9847 = ORIENTED_EDGE('',*,*,#9848,.F.);
#9848 = EDGE_CURVE('',#9784,#9841,#9849,.T.);
#9849 = LINE('',#9850,#9851);
#9850 = CARTESIAN_POINT('',(-0.6,0.545,4.E-02));
#9851 = VECTOR('',#9852,1.);
#9852 = DIRECTION('',(1.,0.,0.));
#9853 = PLANE('',#9854);
#9854 = AXIS2_PLACEMENT_3D('',#9855,#9856,#9857);
#9855 = CARTESIAN_POINT('',(-0.6,-0.585,4.E-02));
#9856 = DIRECTION('',(0.,0.,1.));
#9857 = DIRECTION('',(1.,0.,-0.));
#9858 = ADVANCED_FACE('',(#9859),#9878,.T.);
#9859 = FACE_BOUND('',#9860,.T.);
#9860 = EDGE_LOOP('',(#9861,#9869,#9876,#9877));
#9861 = ORIENTED_EDGE('',*,*,#9862,.T.);
#9862 = EDGE_CURVE('',#9776,#9863,#9865,.T.);
#9863 = VERTEX_POINT('',#9864);
#9864 = CARTESIAN_POINT('',(0.6,0.585,8.E-02));
#9865 = LINE('',#9866,#9867);
#9866 = CARTESIAN_POINT('',(-0.6,0.585,8.E-02));
#9867 = VECTOR('',#9868,1.);
#9868 = DIRECTION('',(1.,0.,0.));
#9869 = ORIENTED_EDGE('',*,*,#9870,.T.);
#9870 = EDGE_CURVE('',#9863,#9841,#9871,.T.);
#9871 = CIRCLE('',#9872,4.E-02);
#9872 = AXIS2_PLACEMENT_3D('',#9873,#9874,#9875);
#9873 = CARTESIAN_POINT('',(0.6,0.545,8.E-02));
#9874 = DIRECTION('',(-1.,0.,0.));
#9875 = DIRECTION('',(0.,0.,1.));
#9876 = ORIENTED_EDGE('',*,*,#9848,.F.);
#9877 = ORIENTED_EDGE('',*,*,#9783,.F.);
#9878 = CYLINDRICAL_SURFACE('',#9879,4.E-02);
#9879 = AXIS2_PLACEMENT_3D('',#9880,#9881,#9882);
#9880 = CARTESIAN_POINT('',(-0.6,0.545,8.E-02));
#9881 = DIRECTION('',(1.,0.,0.));
#9882 = DIRECTION('',(-0.,1.,0.));
#9883 = ADVANCED_FACE('',(#9884),#9902,.T.);
#9884 = FACE_BOUND('',#9885,.T.);
#9885 = EDGE_LOOP('',(#9886,#9894,#9895,#9896));
#9886 = ORIENTED_EDGE('',*,*,#9887,.F.);
#9887 = EDGE_CURVE('',#9863,#9888,#9890,.T.);
#9888 = VERTEX_POINT('',#9889);
#9889 = CARTESIAN_POINT('',(0.6,0.585,1.17));
#9890 = LINE('',#9891,#9892);
#9891 = CARTESIAN_POINT('',(0.6,0.585,4.E-02));
#9892 = VECTOR('',#9893,1.);
#9893 = DIRECTION('',(0.,0.,1.));
#9894 = ORIENTED_EDGE('',*,*,#9862,.F.);
#9895 = ORIENTED_EDGE('',*,*,#9775,.T.);
#9896 = ORIENTED_EDGE('',*,*,#9897,.T.);
#9897 = EDGE_CURVE('',#9767,#9888,#9898,.T.);
#9898 = LINE('',#9899,#9900);
#9899 = CARTESIAN_POINT('',(-0.6,0.585,1.17));
#9900 = VECTOR('',#9901,1.);
#9901 = DIRECTION('',(1.,0.,0.));
#9902 = PLANE('',#9903);
#9903 = AXIS2_PLACEMENT_3D('',#9904,#9905,#9906);
#9904 = CARTESIAN_POINT('',(-0.6,0.585,4.E-02));
#9905 = DIRECTION('',(0.,1.,0.));
#9906 = DIRECTION('',(0.,-0.,1.));
#9907 = ADVANCED_FACE('',(#9908),#9927,.T.);
#9908 = FACE_BOUND('',#9909,.T.);
#9909 = EDGE_LOOP('',(#9910,#9911,#9919,#9926));
#9910 = ORIENTED_EDGE('',*,*,#9766,.T.);
#9911 = ORIENTED_EDGE('',*,*,#9912,.T.);
#9912 = EDGE_CURVE('',#9759,#9913,#9915,.T.);
#9913 = VERTEX_POINT('',#9914);
#9914 = CARTESIAN_POINT('',(0.6,0.545,1.21));
#9915 = LINE('',#9916,#9917);
#9916 = CARTESIAN_POINT('',(-0.6,0.545,1.21));
#9917 = VECTOR('',#9918,1.);
#9918 = DIRECTION('',(1.,0.,0.));
#9919 = ORIENTED_EDGE('',*,*,#9920,.F.);
#9920 = EDGE_CURVE('',#9888,#9913,#9921,.T.);
#9921 = CIRCLE('',#9922,4.E-02);
#9922 = AXIS2_PLACEMENT_3D('',#9923,#9924,#9925);
#9923 = CARTESIAN_POINT('',(0.6,0.545,1.17));
#9924 = DIRECTION('',(1.,0.,-0.));
#9925 = DIRECTION('',(0.,0.,1.));
#9926 = ORIENTED_EDGE('',*,*,#9897,.F.);
#9927 = CYLINDRICAL_SURFACE('',#9928,4.E-02);
#9928 = AXIS2_PLACEMENT_3D('',#9929,#9930,#9931);
#9929 = CARTESIAN_POINT('',(-0.6,0.545,1.17));
#9930 = DIRECTION('',(1.,0.,0.));
#9931 = DIRECTION('',(-0.,1.,0.));
#9932 = ADVANCED_FACE('',(#9933),#9951,.T.);
#9933 = FACE_BOUND('',#9934,.T.);
#9934 = EDGE_LOOP('',(#9935,#9936,#9944,#9950));
#9935 = ORIENTED_EDGE('',*,*,#9758,.F.);
#9936 = ORIENTED_EDGE('',*,*,#9937,.T.);
#9937 = EDGE_CURVE('',#9750,#9938,#9940,.T.);
#9938 = VERTEX_POINT('',#9939);
#9939 = CARTESIAN_POINT('',(0.6,-0.545,1.21));
#9940 = LINE('',#9941,#9942);
#9941 = CARTESIAN_POINT('',(-0.6,-0.545,1.21));
#9942 = VECTOR('',#9943,1.);
#9943 = DIRECTION('',(1.,0.,0.));
#9944 = ORIENTED_EDGE('',*,*,#9945,.T.);
#9945 = EDGE_CURVE('',#9938,#9913,#9946,.T.);
#9946 = LINE('',#9947,#9948);
#9947 = CARTESIAN_POINT('',(0.6,-0.585,1.21));
#9948 = VECTOR('',#9949,1.);
#9949 = DIRECTION('',(0.,1.,0.));
#9950 = ORIENTED_EDGE('',*,*,#9912,.F.);
#9951 = PLANE('',#9952);
#9952 = AXIS2_PLACEMENT_3D('',#9953,#9954,#9955);
#9953 = CARTESIAN_POINT('',(-0.6,-0.585,1.21));
#9954 = DIRECTION('',(0.,0.,1.));
#9955 = DIRECTION('',(1.,0.,-0.));
#9956 = ADVANCED_FACE('',(#9957),#9976,.T.);
#9957 = FACE_BOUND('',#9958,.T.);
#9958 = EDGE_LOOP('',(#9959,#9967,#9974,#9975));
#9959 = ORIENTED_EDGE('',*,*,#9960,.T.);
#9960 = EDGE_CURVE('',#9742,#9961,#9963,.T.);
#9961 = VERTEX_POINT('',#9962);
#9962 = CARTESIAN_POINT('',(0.6,-0.585,1.17));
#9963 = LINE('',#9964,#9965);
#9964 = CARTESIAN_POINT('',(-0.6,-0.585,1.17));
#9965 = VECTOR('',#9966,1.);
#9966 = DIRECTION('',(1.,0.,0.));
#9967 = ORIENTED_EDGE('',*,*,#9968,.T.);
#9968 = EDGE_CURVE('',#9961,#9938,#9969,.T.);
#9969 = CIRCLE('',#9970,4.E-02);
#9970 = AXIS2_PLACEMENT_3D('',#9971,#9972,#9973);
#9971 = CARTESIAN_POINT('',(0.6,-0.545,1.17));
#9972 = DIRECTION('',(-1.,0.,0.));
#9973 = DIRECTION('',(0.,0.,1.));
#9974 = ORIENTED_EDGE('',*,*,#9937,.F.);
#9975 = ORIENTED_EDGE('',*,*,#9749,.F.);
#9976 = CYLINDRICAL_SURFACE('',#9977,4.E-02);
#9977 = AXIS2_PLACEMENT_3D('',#9978,#9979,#9980);
#9978 = CARTESIAN_POINT('',(-0.6,-0.545,1.17));
#9979 = DIRECTION('',(1.,0.,0.));
#9980 = DIRECTION('',(0.,-1.,0.));
#9981 = ADVANCED_FACE('',(#9982),#9993,.F.);
#9982 = FACE_BOUND('',#9983,.F.);
#9983 = EDGE_LOOP('',(#9984,#9990,#9991,#9992));
#9984 = ORIENTED_EDGE('',*,*,#9985,.F.);
#9985 = EDGE_CURVE('',#9816,#9961,#9986,.T.);
#9986 = LINE('',#9987,#9988);
#9987 = CARTESIAN_POINT('',(0.6,-0.585,4.E-02));
#9988 = VECTOR('',#9989,1.);
#9989 = DIRECTION('',(0.,0.,1.));
#9990 = ORIENTED_EDGE('',*,*,#9824,.F.);
#9991 = ORIENTED_EDGE('',*,*,#9741,.T.);
#9992 = ORIENTED_EDGE('',*,*,#9960,.T.);
#9993 = PLANE('',#9994);
#9994 = AXIS2_PLACEMENT_3D('',#9995,#9996,#9997);
#9995 = CARTESIAN_POINT('',(-0.6,-0.585,4.E-02));
#9996 = DIRECTION('',(0.,1.,0.));
#9997 = DIRECTION('',(0.,-0.,1.));
#9998 = ADVANCED_FACE('',(#9999,#10069),#10079,.F.);
#9999 = FACE_BOUND('',#10000,.F.);
#10000 = EDGE_LOOP('',(#10001,#10011,#10020,#10028,#10037,#10045,#10054,
    #10062));
#10001 = ORIENTED_EDGE('',*,*,#10002,.F.);
#10002 = EDGE_CURVE('',#10003,#10005,#10007,.T.);
#10003 = VERTEX_POINT('',#10004);
#10004 = CARTESIAN_POINT('',(0.6,-0.625,4.E-02));
#10005 = VERTEX_POINT('',#10006);
#10006 = CARTESIAN_POINT('',(0.6,-0.625,1.21));
#10007 = LINE('',#10008,#10009);
#10008 = CARTESIAN_POINT('',(0.6,-0.625,0.));
#10009 = VECTOR('',#10010,1.);
#10010 = DIRECTION('',(0.,0.,1.));
#10011 = ORIENTED_EDGE('',*,*,#10012,.T.);
#10012 = EDGE_CURVE('',#10003,#10013,#10015,.T.);
#10013 = VERTEX_POINT('',#10014);
#10014 = CARTESIAN_POINT('',(0.6,-0.585,0.));
#10015 = CIRCLE('',#10016,4.E-02);
#10016 = AXIS2_PLACEMENT_3D('',#10017,#10018,#10019);
#10017 = CARTESIAN_POINT('',(0.6,-0.585,4.E-02));
#10018 = DIRECTION('',(1.,0.,-0.));
#10019 = DIRECTION('',(0.,0.,1.));
#10020 = ORIENTED_EDGE('',*,*,#10021,.T.);
#10021 = EDGE_CURVE('',#10013,#10022,#10024,.T.);
#10022 = VERTEX_POINT('',#10023);
#10023 = CARTESIAN_POINT('',(0.6,0.585,0.));
#10024 = LINE('',#10025,#10026);
#10025 = CARTESIAN_POINT('',(0.6,-0.625,0.));
#10026 = VECTOR('',#10027,1.);
#10027 = DIRECTION('',(0.,1.,0.));
#10028 = ORIENTED_EDGE('',*,*,#10029,.F.);
#10029 = EDGE_CURVE('',#10030,#10022,#10032,.T.);
#10030 = VERTEX_POINT('',#10031);
#10031 = CARTESIAN_POINT('',(0.6,0.625,4.E-02));
#10032 = CIRCLE('',#10033,4.E-02);
#10033 = AXIS2_PLACEMENT_3D('',#10034,#10035,#10036);
#10034 = CARTESIAN_POINT('',(0.6,0.585,4.E-02));
#10035 = DIRECTION('',(-1.,0.,0.));
#10036 = DIRECTION('',(0.,0.,1.));
#10037 = ORIENTED_EDGE('',*,*,#10038,.T.);
#10038 = EDGE_CURVE('',#10030,#10039,#10041,.T.);
#10039 = VERTEX_POINT('',#10040);
#10040 = CARTESIAN_POINT('',(0.6,0.625,1.21));
#10041 = LINE('',#10042,#10043);
#10042 = CARTESIAN_POINT('',(0.6,0.625,0.));
#10043 = VECTOR('',#10044,1.);
#10044 = DIRECTION('',(0.,0.,1.));
#10045 = ORIENTED_EDGE('',*,*,#10046,.T.);
#10046 = EDGE_CURVE('',#10039,#10047,#10049,.T.);
#10047 = VERTEX_POINT('',#10048);
#10048 = CARTESIAN_POINT('',(0.6,0.585,1.25));
#10049 = CIRCLE('',#10050,4.E-02);
#10050 = AXIS2_PLACEMENT_3D('',#10051,#10052,#10053);
#10051 = CARTESIAN_POINT('',(0.6,0.585,1.21));
#10052 = DIRECTION('',(1.,0.,-0.));
#10053 = DIRECTION('',(0.,0.,1.));
#10054 = ORIENTED_EDGE('',*,*,#10055,.F.);
#10055 = EDGE_CURVE('',#10056,#10047,#10058,.T.);
#10056 = VERTEX_POINT('',#10057);
#10057 = CARTESIAN_POINT('',(0.6,-0.585,1.25));
#10058 = LINE('',#10059,#10060);
#10059 = CARTESIAN_POINT('',(0.6,-0.625,1.25));
#10060 = VECTOR('',#10061,1.);
#10061 = DIRECTION('',(0.,1.,0.));
#10062 = ORIENTED_EDGE('',*,*,#10063,.F.);
#10063 = EDGE_CURVE('',#10005,#10056,#10064,.T.);
#10064 = CIRCLE('',#10065,4.E-02);
#10065 = AXIS2_PLACEMENT_3D('',#10066,#10067,#10068);
#10066 = CARTESIAN_POINT('',(0.6,-0.585,1.21));
#10067 = DIRECTION('',(-1.,0.,0.));
#10068 = DIRECTION('',(0.,0.,1.));
#10069 = FACE_BOUND('',#10070,.F.);
#10070 = EDGE_LOOP('',(#10071,#10072,#10073,#10074,#10075,#10076,#10077,
    #10078));
#10071 = ORIENTED_EDGE('',*,*,#9815,.F.);
#10072 = ORIENTED_EDGE('',*,*,#9985,.T.);
#10073 = ORIENTED_EDGE('',*,*,#9968,.T.);
#10074 = ORIENTED_EDGE('',*,*,#9945,.T.);
#10075 = ORIENTED_EDGE('',*,*,#9920,.F.);
#10076 = ORIENTED_EDGE('',*,*,#9887,.F.);
#10077 = ORIENTED_EDGE('',*,*,#9870,.T.);
#10078 = ORIENTED_EDGE('',*,*,#9840,.F.);
#10079 = PLANE('',#10080);
#10080 = AXIS2_PLACEMENT_3D('',#10081,#10082,#10083);
#10081 = CARTESIAN_POINT('',(0.6,-0.625,0.));
#10082 = DIRECTION('',(1.,0.,0.));
#10083 = DIRECTION('',(0.,0.,1.));
#10084 = ADVANCED_FACE('',(#10085),#10110,.F.);
#10085 = FACE_BOUND('',#10086,.F.);
#10086 = EDGE_LOOP('',(#10087,#10097,#10103,#10104));
#10087 = ORIENTED_EDGE('',*,*,#10088,.F.);
#10088 = EDGE_CURVE('',#10089,#10091,#10093,.T.);
#10089 = VERTEX_POINT('',#10090);
#10090 = CARTESIAN_POINT('',(1.,-0.625,4.E-02));
#10091 = VERTEX_POINT('',#10092);
#10092 = CARTESIAN_POINT('',(1.,-0.625,1.21));
#10093 = LINE('',#10094,#10095);
#10094 = CARTESIAN_POINT('',(1.,-0.625,0.));
#10095 = VECTOR('',#10096,1.);
#10096 = DIRECTION('',(0.,0.,1.));
#10097 = ORIENTED_EDGE('',*,*,#10098,.F.);
#10098 = EDGE_CURVE('',#10003,#10089,#10099,.T.);
#10099 = LINE('',#10100,#10101);
#10100 = CARTESIAN_POINT('',(0.6,-0.625,4.E-02));
#10101 = VECTOR('',#10102,1.);
#10102 = DIRECTION('',(1.,0.,0.));
#10103 = ORIENTED_EDGE('',*,*,#10002,.T.);
#10104 = ORIENTED_EDGE('',*,*,#10105,.T.);
#10105 = EDGE_CURVE('',#10005,#10091,#10106,.T.);
#10106 = LINE('',#10107,#10108);
#10107 = CARTESIAN_POINT('',(0.6,-0.625,1.21));
#10108 = VECTOR('',#10109,1.);
#10109 = DIRECTION('',(1.,0.,0.));
#10110 = PLANE('',#10111);
#10111 = AXIS2_PLACEMENT_3D('',#10112,#10113,#10114);
#10112 = CARTESIAN_POINT('',(0.6,-0.625,0.));
#10113 = DIRECTION('',(0.,1.,0.));
#10114 = DIRECTION('',(0.,-0.,1.));
#10115 = ADVANCED_FACE('',(#10116),#10135,.T.);
#10116 = FACE_BOUND('',#10117,.T.);
#10117 = EDGE_LOOP('',(#10118,#10119,#10127,#10134));
#10118 = ORIENTED_EDGE('',*,*,#10012,.T.);
#10119 = ORIENTED_EDGE('',*,*,#10120,.T.);
#10120 = EDGE_CURVE('',#10013,#10121,#10123,.T.);
#10121 = VERTEX_POINT('',#10122);
#10122 = CARTESIAN_POINT('',(1.,-0.585,0.));
#10123 = LINE('',#10124,#10125);
#10124 = CARTESIAN_POINT('',(0.6,-0.585,0.));
#10125 = VECTOR('',#10126,1.);
#10126 = DIRECTION('',(1.,0.,0.));
#10127 = ORIENTED_EDGE('',*,*,#10128,.F.);
#10128 = EDGE_CURVE('',#10089,#10121,#10129,.T.);
#10129 = CIRCLE('',#10130,4.E-02);
#10130 = AXIS2_PLACEMENT_3D('',#10131,#10132,#10133);
#10131 = CARTESIAN_POINT('',(1.,-0.585,4.E-02));
#10132 = DIRECTION('',(1.,0.,-0.));
#10133 = DIRECTION('',(0.,0.,1.));
#10134 = ORIENTED_EDGE('',*,*,#10098,.F.);
#10135 = CYLINDRICAL_SURFACE('',#10136,4.E-02);
#10136 = AXIS2_PLACEMENT_3D('',#10137,#10138,#10139);
#10137 = CARTESIAN_POINT('',(0.6,-0.585,4.E-02));
#10138 = DIRECTION('',(1.,0.,0.));
#10139 = DIRECTION('',(0.,-1.,0.));
#10140 = ADVANCED_FACE('',(#10141),#10160,.T.);
#10141 = FACE_BOUND('',#10142,.T.);
#10142 = EDGE_LOOP('',(#10143,#10144,#10153,#10159));
#10143 = ORIENTED_EDGE('',*,*,#10105,.T.);
#10144 = ORIENTED_EDGE('',*,*,#10145,.T.);
#10145 = EDGE_CURVE('',#10091,#10146,#10148,.T.);
#10146 = VERTEX_POINT('',#10147);
#10147 = CARTESIAN_POINT('',(1.,-0.585,1.25));
#10148 = CIRCLE('',#10149,4.E-02);
#10149 = AXIS2_PLACEMENT_3D('',#10150,#10151,#10152);
#10150 = CARTESIAN_POINT('',(1.,-0.585,1.21));
#10151 = DIRECTION('',(-1.,0.,0.));
#10152 = DIRECTION('',(0.,0.,1.));
#10153 = ORIENTED_EDGE('',*,*,#10154,.F.);
#10154 = EDGE_CURVE('',#10056,#10146,#10155,.T.);
#10155 = LINE('',#10156,#10157);
#10156 = CARTESIAN_POINT('',(0.6,-0.585,1.25));
#10157 = VECTOR('',#10158,1.);
#10158 = DIRECTION('',(1.,0.,0.));
#10159 = ORIENTED_EDGE('',*,*,#10063,.F.);
#10160 = CYLINDRICAL_SURFACE('',#10161,4.E-02);
#10161 = AXIS2_PLACEMENT_3D('',#10162,#10163,#10164);
#10162 = CARTESIAN_POINT('',(0.6,-0.585,1.21));
#10163 = DIRECTION('',(1.,0.,0.));
#10164 = DIRECTION('',(0.,-1.,0.));
#10165 = ADVANCED_FACE('',(#10166),#10184,.F.);
#10166 = FACE_BOUND('',#10167,.F.);
#10167 = EDGE_LOOP('',(#10168,#10169,#10170,#10178));
#10168 = ORIENTED_EDGE('',*,*,#10021,.F.);
#10169 = ORIENTED_EDGE('',*,*,#10120,.T.);
#10170 = ORIENTED_EDGE('',*,*,#10171,.T.);
#10171 = EDGE_CURVE('',#10121,#10172,#10174,.T.);
#10172 = VERTEX_POINT('',#10173);
#10173 = CARTESIAN_POINT('',(1.,0.585,0.));
#10174 = LINE('',#10175,#10176);
#10175 = CARTESIAN_POINT('',(1.,-0.625,0.));
#10176 = VECTOR('',#10177,1.);
#10177 = DIRECTION('',(0.,1.,0.));
#10178 = ORIENTED_EDGE('',*,*,#10179,.F.);
#10179 = EDGE_CURVE('',#10022,#10172,#10180,.T.);
#10180 = LINE('',#10181,#10182);
#10181 = CARTESIAN_POINT('',(0.6,0.585,0.));
#10182 = VECTOR('',#10183,1.);
#10183 = DIRECTION('',(1.,0.,0.));
#10184 = PLANE('',#10185);
#10185 = AXIS2_PLACEMENT_3D('',#10186,#10187,#10188);
#10186 = CARTESIAN_POINT('',(0.6,-0.625,0.));
#10187 = DIRECTION('',(0.,0.,1.));
#10188 = DIRECTION('',(1.,0.,-0.));
#10189 = ADVANCED_FACE('',(#10190),#10208,.T.);
#10190 = FACE_BOUND('',#10191,.T.);
#10191 = EDGE_LOOP('',(#10192,#10193,#10194,#10202));
#10192 = ORIENTED_EDGE('',*,*,#10055,.F.);
#10193 = ORIENTED_EDGE('',*,*,#10154,.T.);
#10194 = ORIENTED_EDGE('',*,*,#10195,.T.);
#10195 = EDGE_CURVE('',#10146,#10196,#10198,.T.);
#10196 = VERTEX_POINT('',#10197);
#10197 = CARTESIAN_POINT('',(1.,0.585,1.25));
#10198 = LINE('',#10199,#10200);
#10199 = CARTESIAN_POINT('',(1.,-0.625,1.25));
#10200 = VECTOR('',#10201,1.);
#10201 = DIRECTION('',(0.,1.,0.));
#10202 = ORIENTED_EDGE('',*,*,#10203,.F.);
#10203 = EDGE_CURVE('',#10047,#10196,#10204,.T.);
#10204 = LINE('',#10205,#10206);
#10205 = CARTESIAN_POINT('',(0.6,0.585,1.25));
#10206 = VECTOR('',#10207,1.);
#10207 = DIRECTION('',(1.,0.,0.));
#10208 = PLANE('',#10209);
#10209 = AXIS2_PLACEMENT_3D('',#10210,#10211,#10212);
#10210 = CARTESIAN_POINT('',(0.6,-0.625,1.25));
#10211 = DIRECTION('',(0.,0.,1.));
#10212 = DIRECTION('',(1.,0.,-0.));
#10213 = ADVANCED_FACE('',(#10214),#10233,.T.);
#10214 = FACE_BOUND('',#10215,.T.);
#10215 = EDGE_LOOP('',(#10216,#10224,#10231,#10232));
#10216 = ORIENTED_EDGE('',*,*,#10217,.T.);
#10217 = EDGE_CURVE('',#10030,#10218,#10220,.T.);
#10218 = VERTEX_POINT('',#10219);
#10219 = CARTESIAN_POINT('',(1.,0.625,4.E-02));
#10220 = LINE('',#10221,#10222);
#10221 = CARTESIAN_POINT('',(0.6,0.625,4.E-02));
#10222 = VECTOR('',#10223,1.);
#10223 = DIRECTION('',(1.,0.,0.));
#10224 = ORIENTED_EDGE('',*,*,#10225,.T.);
#10225 = EDGE_CURVE('',#10218,#10172,#10226,.T.);
#10226 = CIRCLE('',#10227,4.E-02);
#10227 = AXIS2_PLACEMENT_3D('',#10228,#10229,#10230);
#10228 = CARTESIAN_POINT('',(1.,0.585,4.E-02));
#10229 = DIRECTION('',(-1.,0.,0.));
#10230 = DIRECTION('',(0.,0.,1.));
#10231 = ORIENTED_EDGE('',*,*,#10179,.F.);
#10232 = ORIENTED_EDGE('',*,*,#10029,.F.);
#10233 = CYLINDRICAL_SURFACE('',#10234,4.E-02);
#10234 = AXIS2_PLACEMENT_3D('',#10235,#10236,#10237);
#10235 = CARTESIAN_POINT('',(0.6,0.585,4.E-02));
#10236 = DIRECTION('',(1.,0.,0.));
#10237 = DIRECTION('',(-0.,1.,0.));
#10238 = ADVANCED_FACE('',(#10239),#10258,.T.);
#10239 = FACE_BOUND('',#10240,.T.);
#10240 = EDGE_LOOP('',(#10241,#10242,#10243,#10252));
#10241 = ORIENTED_EDGE('',*,*,#10046,.T.);
#10242 = ORIENTED_EDGE('',*,*,#10203,.T.);
#10243 = ORIENTED_EDGE('',*,*,#10244,.F.);
#10244 = EDGE_CURVE('',#10245,#10196,#10247,.T.);
#10245 = VERTEX_POINT('',#10246);
#10246 = CARTESIAN_POINT('',(1.,0.625,1.21));
#10247 = CIRCLE('',#10248,4.E-02);
#10248 = AXIS2_PLACEMENT_3D('',#10249,#10250,#10251);
#10249 = CARTESIAN_POINT('',(1.,0.585,1.21));
#10250 = DIRECTION('',(1.,0.,-0.));
#10251 = DIRECTION('',(0.,0.,1.));
#10252 = ORIENTED_EDGE('',*,*,#10253,.F.);
#10253 = EDGE_CURVE('',#10039,#10245,#10254,.T.);
#10254 = LINE('',#10255,#10256);
#10255 = CARTESIAN_POINT('',(0.6,0.625,1.21));
#10256 = VECTOR('',#10257,1.);
#10257 = DIRECTION('',(1.,0.,0.));
#10258 = CYLINDRICAL_SURFACE('',#10259,4.E-02);
#10259 = AXIS2_PLACEMENT_3D('',#10260,#10261,#10262);
#10260 = CARTESIAN_POINT('',(0.6,0.585,1.21));
#10261 = DIRECTION('',(1.,0.,0.));
#10262 = DIRECTION('',(-0.,1.,0.));
#10263 = ADVANCED_FACE('',(#10264),#10275,.T.);
#10264 = FACE_BOUND('',#10265,.T.);
#10265 = EDGE_LOOP('',(#10266,#10272,#10273,#10274));
#10266 = ORIENTED_EDGE('',*,*,#10267,.F.);
#10267 = EDGE_CURVE('',#10218,#10245,#10268,.T.);
#10268 = LINE('',#10269,#10270);
#10269 = CARTESIAN_POINT('',(1.,0.625,0.));
#10270 = VECTOR('',#10271,1.);
#10271 = DIRECTION('',(0.,0.,1.));
#10272 = ORIENTED_EDGE('',*,*,#10217,.F.);
#10273 = ORIENTED_EDGE('',*,*,#10038,.T.);
#10274 = ORIENTED_EDGE('',*,*,#10253,.T.);
#10275 = PLANE('',#10276);
#10276 = AXIS2_PLACEMENT_3D('',#10277,#10278,#10279);
#10277 = CARTESIAN_POINT('',(0.6,0.625,0.));
#10278 = DIRECTION('',(0.,1.,0.));
#10279 = DIRECTION('',(0.,-0.,1.));
#10280 = ADVANCED_FACE('',(#10281),#10291,.T.);
#10281 = FACE_BOUND('',#10282,.T.);
#10282 = EDGE_LOOP('',(#10283,#10284,#10285,#10286,#10287,#10288,#10289,
    #10290));
#10283 = ORIENTED_EDGE('',*,*,#10088,.F.);
#10284 = ORIENTED_EDGE('',*,*,#10128,.T.);
#10285 = ORIENTED_EDGE('',*,*,#10171,.T.);
#10286 = ORIENTED_EDGE('',*,*,#10225,.F.);
#10287 = ORIENTED_EDGE('',*,*,#10267,.T.);
#10288 = ORIENTED_EDGE('',*,*,#10244,.T.);
#10289 = ORIENTED_EDGE('',*,*,#10195,.F.);
#10290 = ORIENTED_EDGE('',*,*,#10145,.F.);
#10291 = PLANE('',#10292);
#10292 = AXIS2_PLACEMENT_3D('',#10293,#10294,#10295);
#10293 = CARTESIAN_POINT('',(1.,-0.625,0.));
#10294 = DIRECTION('',(1.,0.,0.));
#10295 = DIRECTION('',(0.,0.,1.));
#10296 = ( GEOMETRIC_REPRESENTATION_CONTEXT(3) 
GLOBAL_UNCERTAINTY_ASSIGNED_CONTEXT((#10300)) 
GLOBAL_UNIT_ASSIGNED_CONTEXT((#10297,#10298,#10299)) 
REPRESENTATION_CONTEXT('Context #1',
  '3D Context with UNIT and UNCERTAINTY') );
#10297 = ( LENGTH_UNIT() NAMED_UNIT(*) SI_UNIT(.MILLI.,.METRE.) );
#10298 = ( NAMED_UNIT(*) PLANE_ANGLE_UNIT() SI_UNIT($,.RADIAN.) );
#10299 = ( NAMED_UNIT(*) SI_UNIT($,.STERADIAN.) SOLID_ANGLE_UNIT() );
#10300 = UNCERTAINTY_MEASURE_WITH_UNIT(LENGTH_MEASURE(1.E-07),#10297,
  'distance_accuracy_value','confusion accuracy');
#10301 = CONTEXT_DEPENDENT_SHAPE_REPRESENTATION(#10302,#10304);
#10302 = ( REPRESENTATION_RELATIONSHIP('','',#9441,#10) 
REPRESENTATION_RELATIONSHIP_WITH_TRANSFORMATION(#10303) 
SHAPE_REPRESENTATION_RELATIONSHIP() );
#10303 = ITEM_DEFINED_TRANSFORMATION('','',#11,#79);
#10304 = PRODUCT_DEFINITION_SHAPE('Placement','Placement of an item',
  #10305);
#10305 = NEXT_ASSEMBLY_USAGE_OCCURRENCE('17','C8','',#5,#9436,$);
#10306 = PRODUCT_RELATED_PRODUCT_CATEGORY('part',$,(#9438));
#10307 = CONTEXT_DEPENDENT_SHAPE_REPRESENTATION(#10308,#10310);
#10308 = ( REPRESENTATION_RELATIONSHIP('','',#9441,#10) 
REPRESENTATION_RELATIONSHIP_WITH_TRANSFORMATION(#10309) 
SHAPE_REPRESENTATION_RELATIONSHIP() );
#10309 = ITEM_DEFINED_TRANSFORMATION('','',#11,#83);
#10310 = PRODUCT_DEFINITION_SHAPE('Placement','Placement of an item',
  #10311);
#10311 = NEXT_ASSEMBLY_USAGE_OCCURRENCE('18','C3','',#5,#9436,$);
#10312 = CONTEXT_DEPENDENT_SHAPE_REPRESENTATION(#10313,#10315);
#10313 = ( REPRESENTATION_RELATIONSHIP('','',#8602,#10) 
REPRESENTATION_RELATIONSHIP_WITH_TRANSFORMATION(#10314) 
SHAPE_REPRESENTATION_RELATIONSHIP() );
#10314 = ITEM_DEFINED_TRANSFORMATION('','',#11,#87);
#10315 = PRODUCT_DEFINITION_SHAPE('Placement','Placement of an item',
  #10316);
#10316 = NEXT_ASSEMBLY_USAGE_OCCURRENCE('19','R8','',#5,#8597,$);
#10317 = CONTEXT_DEPENDENT_SHAPE_REPRESENTATION(#10318,#10320);
#10318 = ( REPRESENTATION_RELATIONSHIP('','',#9441,#10) 
REPRESENTATION_RELATIONSHIP_WITH_TRANSFORMATION(#10319) 
SHAPE_REPRESENTATION_RELATIONSHIP() );
#10319 = ITEM_DEFINED_TRANSFORMATION('','',#11,#91);
#10320 = PRODUCT_DEFINITION_SHAPE('Placement','Placement of an item',
  #10321);
#10321 = NEXT_ASSEMBLY_USAGE_OCCURRENCE('20','C2','',#5,#9436,$);
#10322 = CONTEXT_DEPENDENT_SHAPE_REPRESENTATION(#10323,#10325);
#10323 = ( REPRESENTATION_RELATIONSHIP('','',#9441,#10) 
REPRESENTATION_RELATIONSHIP_WITH_TRANSFORMATION(#10324) 
SHAPE_REPRESENTATION_RELATIONSHIP() );
#10324 = ITEM_DEFINED_TRANSFORMATION('','',#11,#95);
#10325 = PRODUCT_DEFINITION_SHAPE('Placement','Placement of an item',
  #10326);
#10326 = NEXT_ASSEMBLY_USAGE_OCCURRENCE('21','C1','',#5,#9436,$);
#10327 = CONTEXT_DEPENDENT_SHAPE_REPRESENTATION(#10328,#10330);
#10328 = ( REPRESENTATION_RELATIONSHIP('','',#8602,#10) 
REPRESENTATION_RELATIONSHIP_WITH_TRANSFORMATION(#10329) 
SHAPE_REPRESENTATION_RELATIONSHIP() );
#10329 = ITEM_DEFINED_TRANSFORMATION('','',#11,#99);
#10330 = PRODUCT_DEFINITION_SHAPE('Placement','Placement of an item',
  #10331);
#10331 = NEXT_ASSEMBLY_USAGE_OCCURRENCE('22','R2','',#5,#8597,$);
#10332 = CONTEXT_DEPENDENT_SHAPE_REPRESENTATION(#10333,#10335);
#10333 = ( REPRESENTATION_RELATIONSHIP('','',#8602,#10) 
REPRESENTATION_RELATIONSHIP_WITH_TRANSFORMATION(#10334) 
SHAPE_REPRESENTATION_RELATIONSHIP() );
#10334 = ITEM_DEFINED_TRANSFORMATION('','',#11,#103);
#10335 = PRODUCT_DEFINITION_SHAPE('Placement','Placement of an item',
  #10336);
#10336 = NEXT_ASSEMBLY_USAGE_OCCURRENCE('23','R15','',#5,#8597,$);
#10337 = CONTEXT_DEPENDENT_SHAPE_REPRESENTATION(#10338,#10340);
#10338 = ( REPRESENTATION_RELATIONSHIP('','',#8602,#10) 
REPRESENTATION_RELATIONSHIP_WITH_TRANSFORMATION(#10339) 
SHAPE_REPRESENTATION_RELATIONSHIP() );
#10339 = ITEM_DEFINED_TRANSFORMATION('','',#11,#107);
#10340 = PRODUCT_DEFINITION_SHAPE('Placement','Placement of an item',
  #10341);
#10341 = NEXT_ASSEMBLY_USAGE_OCCURRENCE('24','R6','',#5,#8597,$);
#10342 = CONTEXT_DEPENDENT_SHAPE_REPRESENTATION(#10343,#10345);
#10343 = ( REPRESENTATION_RELATIONSHIP('','',#9441,#10) 
REPRESENTATION_RELATIONSHIP_WITH_TRANSFORMATION(#10344) 
SHAPE_REPRESENTATION_RELATIONSHIP() );
#10344 = ITEM_DEFINED_TRANSFORMATION('','',#11,#111);
#10345 = PRODUCT_DEFINITION_SHAPE('Placement','Placement of an item',
  #10346);
#10346 = NEXT_ASSEMBLY_USAGE_OCCURRENCE('25','C4','',#5,#9436,$);
#10347 = CONTEXT_DEPENDENT_SHAPE_REPRESENTATION(#10348,#10350);
#10348 = ( REPRESENTATION_RELATIONSHIP('','',#8602,#10) 
REPRESENTATION_RELATIONSHIP_WITH_TRANSFORMATION(#10349) 
SHAPE_REPRESENTATION_RELATIONSHIP() );
#10349 = ITEM_DEFINED_TRANSFORMATION('','',#11,#115);
#10350 = PRODUCT_DEFINITION_SHAPE('Placement','Placement of an item',
  #10351);
#10351 = NEXT_ASSEMBLY_USAGE_OCCURRENCE('26','R11','',#5,#8597,$);
#10352 = CONTEXT_DEPENDENT_SHAPE_REPRESENTATION(#10353,#10355);
#10353 = ( REPRESENTATION_RELATIONSHIP('','',#9441,#10) 
REPRESENTATION_RELATIONSHIP_WITH_TRANSFORMATION(#10354) 
SHAPE_REPRESENTATION_RELATIONSHIP() );
#10354 = ITEM_DEFINED_TRANSFORMATION('','',#11,#119);
#10355 = PRODUCT_DEFINITION_SHAPE('Placement','Placement of an item',
  #10356);
#10356 = NEXT_ASSEMBLY_USAGE_OCCURRENCE('27','C5','',#5,#9436,$);
#10357 = CONTEXT_DEPENDENT_SHAPE_REPRESENTATION(#10358,#10360);
#10358 = ( REPRESENTATION_RELATIONSHIP('','',#9441,#10) 
REPRESENTATION_RELATIONSHIP_WITH_TRANSFORMATION(#10359) 
SHAPE_REPRESENTATION_RELATIONSHIP() );
#10359 = ITEM_DEFINED_TRANSFORMATION('','',#11,#123);
#10360 = PRODUCT_DEFINITION_SHAPE('Placement','Placement of an item',
  #10361);
#10361 = NEXT_ASSEMBLY_USAGE_OCCURRENCE('28','C6','',#5,#9436,$);
#10362 = CONTEXT_DEPENDENT_SHAPE_REPRESENTATION(#10363,#10365);
#10363 = ( REPRESENTATION_RELATIONSHIP('','',#8602,#10) 
REPRESENTATION_RELATIONSHIP_WITH_TRANSFORMATION(#10364) 
SHAPE_REPRESENTATION_RELATIONSHIP() );
#10364 = ITEM_DEFINED_TRANSFORMATION('','',#11,#127);
#10365 = PRODUCT_DEFINITION_SHAPE('Placement','Placement of an item',
  #10366);
#10366 = NEXT_ASSEMBLY_USAGE_OCCURRENCE('29','R4','',#5,#8597,$);
#10367 = CONTEXT_DEPENDENT_SHAPE_REPRESENTATION(#10368,#10370);
#10368 = ( REPRESENTATION_RELATIONSHIP('','',#9441,#10) 
REPRESENTATION_RELATIONSHIP_WITH_TRANSFORMATION(#10369) 
SHAPE_REPRESENTATION_RELATIONSHIP() );
#10369 = ITEM_DEFINED_TRANSFORMATION('','',#11,#131);
#10370 = PRODUCT_DEFINITION_SHAPE('Placement','Placement of an item',
  #10371);
#10371 = NEXT_ASSEMBLY_USAGE_OCCURRENCE('30','C7','',#5,#9436,$);
#10372 = CONTEXT_DEPENDENT_SHAPE_REPRESENTATION(#10373,#10375);
#10373 = ( REPRESENTATION_RELATIONSHIP('','',#8602,#10) 
REPRESENTATION_RELATIONSHIP_WITH_TRANSFORMATION(#10374) 
SHAPE_REPRESENTATION_RELATIONSHIP() );
#10374 = ITEM_DEFINED_TRANSFORMATION('','',#11,#135);
#10375 = PRODUCT_DEFINITION_SHAPE('Placement','Placement of an item',
  #10376);
#10376 = NEXT_ASSEMBLY_USAGE_OCCURRENCE('31','R12','',#5,#8597,$);
#10377 = CONTEXT_DEPENDENT_SHAPE_REPRESENTATION(#10378,#10380);
#10378 = ( REPRESENTATION_RELATIONSHIP('','',#8602,#10) 
REPRESENTATION_RELATIONSHIP_WITH_TRANSFORMATION(#10379) 
SHAPE_REPRESENTATION_RELATIONSHIP() );
#10379 = ITEM_DEFINED_TRANSFORMATION('','',#11,#139);
#10380 = PRODUCT_DEFINITION_SHAPE('Placement','Placement of an item',
  #10381);
#10381 = NEXT_ASSEMBLY_USAGE_OCCURRENCE('32','R14','',#5,#8597,$);
#10382 = CONTEXT_DEPENDENT_SHAPE_REPRESENTATION(#10383,#10385);
#10383 = ( REPRESENTATION_RELATIONSHIP('','',#8602,#10) 
REPRESENTATION_RELATIONSHIP_WITH_TRANSFORMATION(#10384) 
SHAPE_REPRESENTATION_RELATIONSHIP() );
#10384 = ITEM_DEFINED_TRANSFORMATION('','',#11,#143);
#10385 = PRODUCT_DEFINITION_SHAPE('Placement','Placement of an item',
  #10386);
#10386 = NEXT_ASSEMBLY_USAGE_OCCURRENCE('33','R1','',#5,#8597,$);
#10387 = SHAPE_DEFINITION_REPRESENTATION(#10388,#10394);
#10388 = PRODUCT_DEFINITION_SHAPE('','',#10389);
#10389 = PRODUCT_DEFINITION('design','',#10390,#10393);
#10390 = PRODUCT_DEFINITION_FORMATION('','',#10391);
#10391 = PRODUCT('MagnetronSensorArm_PCB','MagnetronSensorArm_PCB','',(
    #10392));
#10392 = PRODUCT_CONTEXT('',#2,'mechanical');
#10393 = PRODUCT_DEFINITION_CONTEXT('part definition',#2,'design');
#10394 = ADVANCED_BREP_SHAPE_REPRESENTATION('',(#11,#10395),#10974);
#10395 = MANIFOLD_SOLID_BREP('',#10396);
#10396 = CLOSED_SHELL('',(#10397,#10437,#10468,#10499,#10637,#10775,
    #10787,#10804,#10821,#10838,#10855,#10872,#10889,#10906,#10923,
    #10940,#10957));
#10397 = ADVANCED_FACE('',(#10398),#10432,.T.);
#10398 = FACE_BOUND('',#10399,.T.);
#10399 = EDGE_LOOP('',(#10400,#10410,#10418,#10426));
#10400 = ORIENTED_EDGE('',*,*,#10401,.T.);
#10401 = EDGE_CURVE('',#10402,#10404,#10406,.T.);
#10402 = VERTEX_POINT('',#10403);
#10403 = CARTESIAN_POINT('',(213.77,-107.92,0.));
#10404 = VERTEX_POINT('',#10405);
#10405 = CARTESIAN_POINT('',(213.77,-107.92,1.4298));
#10406 = LINE('',#10407,#10408);
#10407 = CARTESIAN_POINT('',(213.77,-107.92,0.));
#10408 = VECTOR('',#10409,1.);
#10409 = DIRECTION('',(0.,0.,1.));
#10410 = ORIENTED_EDGE('',*,*,#10411,.T.);
#10411 = EDGE_CURVE('',#10404,#10412,#10414,.T.);
#10412 = VERTEX_POINT('',#10413);
#10413 = CARTESIAN_POINT('',(83.77,-107.92,1.4298));
#10414 = LINE('',#10415,#10416);
#10415 = CARTESIAN_POINT('',(213.77,-107.92,1.4298));
#10416 = VECTOR('',#10417,1.);
#10417 = DIRECTION('',(-1.,0.,0.));
#10418 = ORIENTED_EDGE('',*,*,#10419,.F.);
#10419 = EDGE_CURVE('',#10420,#10412,#10422,.T.);
#10420 = VERTEX_POINT('',#10421);
#10421 = CARTESIAN_POINT('',(83.77,-107.92,0.));
#10422 = LINE('',#10423,#10424);
#10423 = CARTESIAN_POINT('',(83.77,-107.92,0.));
#10424 = VECTOR('',#10425,1.);
#10425 = DIRECTION('',(0.,0.,1.));
#10426 = ORIENTED_EDGE('',*,*,#10427,.F.);
#10427 = EDGE_CURVE('',#10402,#10420,#10428,.T.);
#10428 = LINE('',#10429,#10430);
#10429 = CARTESIAN_POINT('',(213.77,-107.92,0.));
#10430 = VECTOR('',#10431,1.);
#10431 = DIRECTION('',(-1.,0.,0.));
#10432 = PLANE('',#10433);
#10433 = AXIS2_PLACEMENT_3D('',#10434,#10435,#10436);
#10434 = CARTESIAN_POINT('',(213.77,-107.92,0.));
#10435 = DIRECTION('',(0.,-1.,0.));
#10436 = DIRECTION('',(-1.,0.,0.));
#10437 = ADVANCED_FACE('',(#10438),#10463,.T.);
#10438 = FACE_BOUND('',#10439,.T.);
#10439 = EDGE_LOOP('',(#10440,#10450,#10456,#10457));
#10440 = ORIENTED_EDGE('',*,*,#10441,.T.);
#10441 = EDGE_CURVE('',#10442,#10444,#10446,.T.);
#10442 = VERTEX_POINT('',#10443);
#10443 = CARTESIAN_POINT('',(213.77,-96.52,0.));
#10444 = VERTEX_POINT('',#10445);
#10445 = CARTESIAN_POINT('',(213.77,-96.52,1.4298));
#10446 = LINE('',#10447,#10448);
#10447 = CARTESIAN_POINT('',(213.77,-96.52,0.));
#10448 = VECTOR('',#10449,1.);
#10449 = DIRECTION('',(0.,0.,1.));
#10450 = ORIENTED_EDGE('',*,*,#10451,.T.);
#10451 = EDGE_CURVE('',#10444,#10404,#10452,.T.);
#10452 = LINE('',#10453,#10454);
#10453 = CARTESIAN_POINT('',(213.77,-96.52,1.4298));
#10454 = VECTOR('',#10455,1.);
#10455 = DIRECTION('',(0.,-1.,0.));
#10456 = ORIENTED_EDGE('',*,*,#10401,.F.);
#10457 = ORIENTED_EDGE('',*,*,#10458,.F.);
#10458 = EDGE_CURVE('',#10442,#10402,#10459,.T.);
#10459 = LINE('',#10460,#10461);
#10460 = CARTESIAN_POINT('',(213.77,-96.52,0.));
#10461 = VECTOR('',#10462,1.);
#10462 = DIRECTION('',(0.,-1.,0.));
#10463 = PLANE('',#10464);
#10464 = AXIS2_PLACEMENT_3D('',#10465,#10466,#10467);
#10465 = CARTESIAN_POINT('',(213.77,-96.52,0.));
#10466 = DIRECTION('',(1.,0.,-0.));
#10467 = DIRECTION('',(0.,-1.,0.));
#10468 = ADVANCED_FACE('',(#10469),#10494,.T.);
#10469 = FACE_BOUND('',#10470,.T.);
#10470 = EDGE_LOOP('',(#10471,#10472,#10480,#10488));
#10471 = ORIENTED_EDGE('',*,*,#10419,.T.);
#10472 = ORIENTED_EDGE('',*,*,#10473,.T.);
#10473 = EDGE_CURVE('',#10412,#10474,#10476,.T.);
#10474 = VERTEX_POINT('',#10475);
#10475 = CARTESIAN_POINT('',(83.77,-96.52,1.4298));
#10476 = LINE('',#10477,#10478);
#10477 = CARTESIAN_POINT('',(83.77,-107.92,1.4298));
#10478 = VECTOR('',#10479,1.);
#10479 = DIRECTION('',(0.,1.,0.));
#10480 = ORIENTED_EDGE('',*,*,#10481,.F.);
#10481 = EDGE_CURVE('',#10482,#10474,#10484,.T.);
#10482 = VERTEX_POINT('',#10483);
#10483 = CARTESIAN_POINT('',(83.77,-96.52,0.));
#10484 = LINE('',#10485,#10486);
#10485 = CARTESIAN_POINT('',(83.77,-96.52,0.));
#10486 = VECTOR('',#10487,1.);
#10487 = DIRECTION('',(0.,0.,1.));
#10488 = ORIENTED_EDGE('',*,*,#10489,.F.);
#10489 = EDGE_CURVE('',#10420,#10482,#10490,.T.);
#10490 = LINE('',#10491,#10492);
#10491 = CARTESIAN_POINT('',(83.77,-107.92,0.));
#10492 = VECTOR('',#10493,1.);
#10493 = DIRECTION('',(0.,1.,0.));
#10494 = PLANE('',#10495);
#10495 = AXIS2_PLACEMENT_3D('',#10496,#10497,#10498);
#10496 = CARTESIAN_POINT('',(83.77,-107.92,0.));
#10497 = DIRECTION('',(-1.,0.,0.));
#10498 = DIRECTION('',(0.,1.,0.));
#10499 = ADVANCED_FACE('',(#10500,#10511,#10522,#10533,#10544,#10555,
    #10566,#10577,#10588,#10599,#10610,#10621),#10632,.F.);
#10500 = FACE_BOUND('',#10501,.F.);
#10501 = EDGE_LOOP('',(#10502,#10503,#10504,#10510));
#10502 = ORIENTED_EDGE('',*,*,#10427,.F.);
#10503 = ORIENTED_EDGE('',*,*,#10458,.F.);
#10504 = ORIENTED_EDGE('',*,*,#10505,.F.);
#10505 = EDGE_CURVE('',#10482,#10442,#10506,.T.);
#10506 = LINE('',#10507,#10508);
#10507 = CARTESIAN_POINT('',(83.77,-96.52,0.));
#10508 = VECTOR('',#10509,1.);
#10509 = DIRECTION('',(1.,0.,0.));
#10510 = ORIENTED_EDGE('',*,*,#10489,.F.);
#10511 = FACE_BOUND('',#10512,.F.);
#10512 = EDGE_LOOP('',(#10513));
#10513 = ORIENTED_EDGE('',*,*,#10514,.T.);
#10514 = EDGE_CURVE('',#10515,#10515,#10517,.T.);
#10515 = VERTEX_POINT('',#10516);
#10516 = CARTESIAN_POINT('',(195.248,-104.3955,0.));
#10517 = CIRCLE('',#10518,0.5);
#10518 = AXIS2_PLACEMENT_3D('',#10519,#10520,#10521);
#10519 = CARTESIAN_POINT('',(195.248,-103.8955,0.));
#10520 = DIRECTION('',(-0.,0.,-1.));
#10521 = DIRECTION('',(-0.,-1.,0.));
#10522 = FACE_BOUND('',#10523,.F.);
#10523 = EDGE_LOOP('',(#10524));
#10524 = ORIENTED_EDGE('',*,*,#10525,.T.);
#10525 = EDGE_CURVE('',#10526,#10526,#10528,.T.);
#10526 = VERTEX_POINT('',#10527);
#10527 = CARTESIAN_POINT('',(197.788,-104.3955,0.));
#10528 = CIRCLE('',#10529,0.5);
#10529 = AXIS2_PLACEMENT_3D('',#10530,#10531,#10532);
#10530 = CARTESIAN_POINT('',(197.788,-103.8955,0.));
#10531 = DIRECTION('',(-0.,0.,-1.));
#10532 = DIRECTION('',(-0.,-1.,0.));
#10533 = FACE_BOUND('',#10534,.F.);
#10534 = EDGE_LOOP('',(#10535));
#10535 = ORIENTED_EDGE('',*,*,#10536,.T.);
#10536 = EDGE_CURVE('',#10537,#10537,#10539,.T.);
#10537 = VERTEX_POINT('',#10538);
#10538 = CARTESIAN_POINT('',(200.328,-104.3955,0.));
#10539 = CIRCLE('',#10540,0.5);
#10540 = AXIS2_PLACEMENT_3D('',#10541,#10542,#10543);
#10541 = CARTESIAN_POINT('',(200.328,-103.8955,0.));
#10542 = DIRECTION('',(-0.,0.,-1.));
#10543 = DIRECTION('',(-0.,-1.,0.));
#10544 = FACE_BOUND('',#10545,.F.);
#10545 = EDGE_LOOP('',(#10546));
#10546 = ORIENTED_EDGE('',*,*,#10547,.T.);
#10547 = EDGE_CURVE('',#10548,#10548,#10550,.T.);
#10548 = VERTEX_POINT('',#10549);
#10549 = CARTESIAN_POINT('',(202.868,-104.3955,0.));
#10550 = CIRCLE('',#10551,0.5);
#10551 = AXIS2_PLACEMENT_3D('',#10552,#10553,#10554);
#10552 = CARTESIAN_POINT('',(202.868,-103.8955,0.));
#10553 = DIRECTION('',(-0.,0.,-1.));
#10554 = DIRECTION('',(-0.,-1.,0.));
#10555 = FACE_BOUND('',#10556,.F.);
#10556 = EDGE_LOOP('',(#10557));
#10557 = ORIENTED_EDGE('',*,*,#10558,.T.);
#10558 = EDGE_CURVE('',#10559,#10559,#10561,.T.);
#10559 = VERTEX_POINT('',#10560);
#10560 = CARTESIAN_POINT('',(205.408,-104.3955,0.));
#10561 = CIRCLE('',#10562,0.5);
#10562 = AXIS2_PLACEMENT_3D('',#10563,#10564,#10565);
#10563 = CARTESIAN_POINT('',(205.408,-103.8955,0.));
#10564 = DIRECTION('',(-0.,0.,-1.));
#10565 = DIRECTION('',(-0.,-1.,0.));
#10566 = FACE_BOUND('',#10567,.F.);
#10567 = EDGE_LOOP('',(#10568));
#10568 = ORIENTED_EDGE('',*,*,#10569,.T.);
#10569 = EDGE_CURVE('',#10570,#10570,#10572,.T.);
#10570 = VERTEX_POINT('',#10571);
#10571 = CARTESIAN_POINT('',(195.248,-101.8555,0.));
#10572 = CIRCLE('',#10573,0.5);
#10573 = AXIS2_PLACEMENT_3D('',#10574,#10575,#10576);
#10574 = CARTESIAN_POINT('',(195.248,-101.3555,0.));
#10575 = DIRECTION('',(-0.,0.,-1.));
#10576 = DIRECTION('',(-0.,-1.,0.));
#10577 = FACE_BOUND('',#10578,.F.);
#10578 = EDGE_LOOP('',(#10579));
#10579 = ORIENTED_EDGE('',*,*,#10580,.T.);
#10580 = EDGE_CURVE('',#10581,#10581,#10583,.T.);
#10581 = VERTEX_POINT('',#10582);
#10582 = CARTESIAN_POINT('',(197.788,-101.8555,0.));
#10583 = CIRCLE('',#10584,0.5);
#10584 = AXIS2_PLACEMENT_3D('',#10585,#10586,#10587);
#10585 = CARTESIAN_POINT('',(197.788,-101.3555,0.));
#10586 = DIRECTION('',(-0.,0.,-1.));
#10587 = DIRECTION('',(-0.,-1.,0.));
#10588 = FACE_BOUND('',#10589,.F.);
#10589 = EDGE_LOOP('',(#10590));
#10590 = ORIENTED_EDGE('',*,*,#10591,.T.);
#10591 = EDGE_CURVE('',#10592,#10592,#10594,.T.);
#10592 = VERTEX_POINT('',#10593);
#10593 = CARTESIAN_POINT('',(200.328,-101.8555,0.));
#10594 = CIRCLE('',#10595,0.5);
#10595 = AXIS2_PLACEMENT_3D('',#10596,#10597,#10598);
#10596 = CARTESIAN_POINT('',(200.328,-101.3555,0.));
#10597 = DIRECTION('',(-0.,0.,-1.));
#10598 = DIRECTION('',(-0.,-1.,0.));
#10599 = FACE_BOUND('',#10600,.F.);
#10600 = EDGE_LOOP('',(#10601));
#10601 = ORIENTED_EDGE('',*,*,#10602,.T.);
#10602 = EDGE_CURVE('',#10603,#10603,#10605,.T.);
#10603 = VERTEX_POINT('',#10604);
#10604 = CARTESIAN_POINT('',(202.868,-101.8555,0.));
#10605 = CIRCLE('',#10606,0.5);
#10606 = AXIS2_PLACEMENT_3D('',#10607,#10608,#10609);
#10607 = CARTESIAN_POINT('',(202.868,-101.3555,0.));
#10608 = DIRECTION('',(-0.,0.,-1.));
#10609 = DIRECTION('',(-0.,-1.,0.));
#10610 = FACE_BOUND('',#10611,.F.);
#10611 = EDGE_LOOP('',(#10612));
#10612 = ORIENTED_EDGE('',*,*,#10613,.T.);
#10613 = EDGE_CURVE('',#10614,#10614,#10616,.T.);
#10614 = VERTEX_POINT('',#10615);
#10615 = CARTESIAN_POINT('',(205.408,-101.8555,0.));
#10616 = CIRCLE('',#10617,0.5);
#10617 = AXIS2_PLACEMENT_3D('',#10618,#10619,#10620);
#10618 = CARTESIAN_POINT('',(205.408,-101.3555,0.));
#10619 = DIRECTION('',(-0.,0.,-1.));
#10620 = DIRECTION('',(-0.,-1.,0.));
#10621 = FACE_BOUND('',#10622,.F.);
#10622 = EDGE_LOOP('',(#10623));
#10623 = ORIENTED_EDGE('',*,*,#10624,.T.);
#10624 = EDGE_CURVE('',#10625,#10625,#10627,.T.);
#10625 = VERTEX_POINT('',#10626);
#10626 = CARTESIAN_POINT('',(87.122,-101.422,0.));
#10627 = CIRCLE('',#10628,1.6);
#10628 = AXIS2_PLACEMENT_3D('',#10629,#10630,#10631);
#10629 = CARTESIAN_POINT('',(87.122,-99.822,0.));
#10630 = DIRECTION('',(-0.,0.,-1.));
#10631 = DIRECTION('',(-0.,-1.,0.));
#10632 = PLANE('',#10633);
#10633 = AXIS2_PLACEMENT_3D('',#10634,#10635,#10636);
#10634 = CARTESIAN_POINT('',(0.,0.,0.));
#10635 = DIRECTION('',(0.,0.,1.));
#10636 = DIRECTION('',(1.,0.,-0.));
#10637 = ADVANCED_FACE('',(#10638,#10649,#10660,#10671,#10682,#10693,
    #10704,#10715,#10726,#10737,#10748,#10759),#10770,.T.);
#10638 = FACE_BOUND('',#10639,.T.);
#10639 = EDGE_LOOP('',(#10640,#10641,#10642,#10648));
#10640 = ORIENTED_EDGE('',*,*,#10411,.F.);
#10641 = ORIENTED_EDGE('',*,*,#10451,.F.);
#10642 = ORIENTED_EDGE('',*,*,#10643,.F.);
#10643 = EDGE_CURVE('',#10474,#10444,#10644,.T.);
#10644 = LINE('',#10645,#10646);
#10645 = CARTESIAN_POINT('',(83.77,-96.52,1.4298));
#10646 = VECTOR('',#10647,1.);
#10647 = DIRECTION('',(1.,0.,0.));
#10648 = ORIENTED_EDGE('',*,*,#10473,.F.);
#10649 = FACE_BOUND('',#10650,.T.);
#10650 = EDGE_LOOP('',(#10651));
#10651 = ORIENTED_EDGE('',*,*,#10652,.T.);
#10652 = EDGE_CURVE('',#10653,#10653,#10655,.T.);
#10653 = VERTEX_POINT('',#10654);
#10654 = CARTESIAN_POINT('',(195.248,-104.3955,1.4298));
#10655 = CIRCLE('',#10656,0.5);
#10656 = AXIS2_PLACEMENT_3D('',#10657,#10658,#10659);
#10657 = CARTESIAN_POINT('',(195.248,-103.8955,1.4298));
#10658 = DIRECTION('',(-0.,0.,-1.));
#10659 = DIRECTION('',(-0.,-1.,0.));
#10660 = FACE_BOUND('',#10661,.T.);
#10661 = EDGE_LOOP('',(#10662));
#10662 = ORIENTED_EDGE('',*,*,#10663,.T.);
#10663 = EDGE_CURVE('',#10664,#10664,#10666,.T.);
#10664 = VERTEX_POINT('',#10665);
#10665 = CARTESIAN_POINT('',(197.788,-104.3955,1.4298));
#10666 = CIRCLE('',#10667,0.5);
#10667 = AXIS2_PLACEMENT_3D('',#10668,#10669,#10670);
#10668 = CARTESIAN_POINT('',(197.788,-103.8955,1.4298));
#10669 = DIRECTION('',(-0.,0.,-1.));
#10670 = DIRECTION('',(-0.,-1.,0.));
#10671 = FACE_BOUND('',#10672,.T.);
#10672 = EDGE_LOOP('',(#10673));
#10673 = ORIENTED_EDGE('',*,*,#10674,.T.);
#10674 = EDGE_CURVE('',#10675,#10675,#10677,.T.);
#10675 = VERTEX_POINT('',#10676);
#10676 = CARTESIAN_POINT('',(200.328,-104.3955,1.4298));
#10677 = CIRCLE('',#10678,0.5);
#10678 = AXIS2_PLACEMENT_3D('',#10679,#10680,#10681);
#10679 = CARTESIAN_POINT('',(200.328,-103.8955,1.4298));
#10680 = DIRECTION('',(-0.,0.,-1.));
#10681 = DIRECTION('',(-0.,-1.,0.));
#10682 = FACE_BOUND('',#10683,.T.);
#10683 = EDGE_LOOP('',(#10684));
#10684 = ORIENTED_EDGE('',*,*,#10685,.T.);
#10685 = EDGE_CURVE('',#10686,#10686,#10688,.T.);
#10686 = VERTEX_POINT('',#10687);
#10687 = CARTESIAN_POINT('',(202.868,-104.3955,1.4298));
#10688 = CIRCLE('',#10689,0.5);
#10689 = AXIS2_PLACEMENT_3D('',#10690,#10691,#10692);
#10690 = CARTESIAN_POINT('',(202.868,-103.8955,1.4298));
#10691 = DIRECTION('',(-0.,0.,-1.));
#10692 = DIRECTION('',(-0.,-1.,0.));
#10693 = FACE_BOUND('',#10694,.T.);
#10694 = EDGE_LOOP('',(#10695));
#10695 = ORIENTED_EDGE('',*,*,#10696,.T.);
#10696 = EDGE_CURVE('',#10697,#10697,#10699,.T.);
#10697 = VERTEX_POINT('',#10698);
#10698 = CARTESIAN_POINT('',(205.408,-104.3955,1.4298));
#10699 = CIRCLE('',#10700,0.5);
#10700 = AXIS2_PLACEMENT_3D('',#10701,#10702,#10703);
#10701 = CARTESIAN_POINT('',(205.408,-103.8955,1.4298));
#10702 = DIRECTION('',(-0.,0.,-1.));
#10703 = DIRECTION('',(-0.,-1.,0.));
#10704 = FACE_BOUND('',#10705,.T.);
#10705 = EDGE_LOOP('',(#10706));
#10706 = ORIENTED_EDGE('',*,*,#10707,.T.);
#10707 = EDGE_CURVE('',#10708,#10708,#10710,.T.);
#10708 = VERTEX_POINT('',#10709);
#10709 = CARTESIAN_POINT('',(195.248,-101.8555,1.4298));
#10710 = CIRCLE('',#10711,0.5);
#10711 = AXIS2_PLACEMENT_3D('',#10712,#10713,#10714);
#10712 = CARTESIAN_POINT('',(195.248,-101.3555,1.4298));
#10713 = DIRECTION('',(-0.,0.,-1.));
#10714 = DIRECTION('',(-0.,-1.,0.));
#10715 = FACE_BOUND('',#10716,.T.);
#10716 = EDGE_LOOP('',(#10717));
#10717 = ORIENTED_EDGE('',*,*,#10718,.T.);
#10718 = EDGE_CURVE('',#10719,#10719,#10721,.T.);
#10719 = VERTEX_POINT('',#10720);
#10720 = CARTESIAN_POINT('',(197.788,-101.8555,1.4298));
#10721 = CIRCLE('',#10722,0.5);
#10722 = AXIS2_PLACEMENT_3D('',#10723,#10724,#10725);
#10723 = CARTESIAN_POINT('',(197.788,-101.3555,1.4298));
#10724 = DIRECTION('',(-0.,0.,-1.));
#10725 = DIRECTION('',(-0.,-1.,0.));
#10726 = FACE_BOUND('',#10727,.T.);
#10727 = EDGE_LOOP('',(#10728));
#10728 = ORIENTED_EDGE('',*,*,#10729,.T.);
#10729 = EDGE_CURVE('',#10730,#10730,#10732,.T.);
#10730 = VERTEX_POINT('',#10731);
#10731 = CARTESIAN_POINT('',(200.328,-101.8555,1.4298));
#10732 = CIRCLE('',#10733,0.5);
#10733 = AXIS2_PLACEMENT_3D('',#10734,#10735,#10736);
#10734 = CARTESIAN_POINT('',(200.328,-101.3555,1.4298));
#10735 = DIRECTION('',(-0.,0.,-1.));
#10736 = DIRECTION('',(-0.,-1.,0.));
#10737 = FACE_BOUND('',#10738,.T.);
#10738 = EDGE_LOOP('',(#10739));
#10739 = ORIENTED_EDGE('',*,*,#10740,.T.);
#10740 = EDGE_CURVE('',#10741,#10741,#10743,.T.);
#10741 = VERTEX_POINT('',#10742);
#10742 = CARTESIAN_POINT('',(202.868,-101.8555,1.4298));
#10743 = CIRCLE('',#10744,0.5);
#10744 = AXIS2_PLACEMENT_3D('',#10745,#10746,#10747);
#10745 = CARTESIAN_POINT('',(202.868,-101.3555,1.4298));
#10746 = DIRECTION('',(-0.,0.,-1.));
#10747 = DIRECTION('',(-0.,-1.,0.));
#10748 = FACE_BOUND('',#10749,.T.);
#10749 = EDGE_LOOP('',(#10750));
#10750 = ORIENTED_EDGE('',*,*,#10751,.T.);
#10751 = EDGE_CURVE('',#10752,#10752,#10754,.T.);
#10752 = VERTEX_POINT('',#10753);
#10753 = CARTESIAN_POINT('',(205.408,-101.8555,1.4298));
#10754 = CIRCLE('',#10755,0.5);
#10755 = AXIS2_PLACEMENT_3D('',#10756,#10757,#10758);
#10756 = CARTESIAN_POINT('',(205.408,-101.3555,1.4298));
#10757 = DIRECTION('',(-0.,0.,-1.));
#10758 = DIRECTION('',(-0.,-1.,0.));
#10759 = FACE_BOUND('',#10760,.T.);
#10760 = EDGE_LOOP('',(#10761));
#10761 = ORIENTED_EDGE('',*,*,#10762,.T.);
#10762 = EDGE_CURVE('',#10763,#10763,#10765,.T.);
#10763 = VERTEX_POINT('',#10764);
#10764 = CARTESIAN_POINT('',(87.122,-101.422,1.4298));
#10765 = CIRCLE('',#10766,1.6);
#10766 = AXIS2_PLACEMENT_3D('',#10767,#10768,#10769);
#10767 = CARTESIAN_POINT('',(87.122,-99.822,1.4298));
#10768 = DIRECTION('',(-0.,0.,-1.));
#10769 = DIRECTION('',(-0.,-1.,0.));
#10770 = PLANE('',#10771);
#10771 = AXIS2_PLACEMENT_3D('',#10772,#10773,#10774);
#10772 = CARTESIAN_POINT('',(0.,0.,1.4298));
#10773 = DIRECTION('',(0.,0.,1.));
#10774 = DIRECTION('',(1.,0.,-0.));
#10775 = ADVANCED_FACE('',(#10776),#10782,.T.);
#10776 = FACE_BOUND('',#10777,.T.);
#10777 = EDGE_LOOP('',(#10778,#10779,#10780,#10781));
#10778 = ORIENTED_EDGE('',*,*,#10481,.T.);
#10779 = ORIENTED_EDGE('',*,*,#10643,.T.);
#10780 = ORIENTED_EDGE('',*,*,#10441,.F.);
#10781 = ORIENTED_EDGE('',*,*,#10505,.F.);
#10782 = PLANE('',#10783);
#10783 = AXIS2_PLACEMENT_3D('',#10784,#10785,#10786);
#10784 = CARTESIAN_POINT('',(83.77,-96.52,0.));
#10785 = DIRECTION('',(0.,1.,0.));
#10786 = DIRECTION('',(1.,0.,0.));
#10787 = ADVANCED_FACE('',(#10788),#10799,.F.);
#10788 = FACE_BOUND('',#10789,.T.);
#10789 = EDGE_LOOP('',(#10790,#10791,#10797,#10798));
#10790 = ORIENTED_EDGE('',*,*,#10514,.T.);
#10791 = ORIENTED_EDGE('',*,*,#10792,.T.);
#10792 = EDGE_CURVE('',#10515,#10653,#10793,.T.);
#10793 = LINE('',#10794,#10795);
#10794 = CARTESIAN_POINT('',(195.248,-104.3955,-5.42E-02));
#10795 = VECTOR('',#10796,1.);
#10796 = DIRECTION('',(0.,0.,1.));
#10797 = ORIENTED_EDGE('',*,*,#10652,.F.);
#10798 = ORIENTED_EDGE('',*,*,#10792,.F.);
#10799 = CYLINDRICAL_SURFACE('',#10800,0.5);
#10800 = AXIS2_PLACEMENT_3D('',#10801,#10802,#10803);
#10801 = CARTESIAN_POINT('',(195.248,-103.8955,-5.42E-02));
#10802 = DIRECTION('',(-0.,-0.,-1.));
#10803 = DIRECTION('',(-0.,-1.,0.));
#10804 = ADVANCED_FACE('',(#10805),#10816,.F.);
#10805 = FACE_BOUND('',#10806,.T.);
#10806 = EDGE_LOOP('',(#10807,#10808,#10814,#10815));
#10807 = ORIENTED_EDGE('',*,*,#10525,.T.);
#10808 = ORIENTED_EDGE('',*,*,#10809,.T.);
#10809 = EDGE_CURVE('',#10526,#10664,#10810,.T.);
#10810 = LINE('',#10811,#10812);
#10811 = CARTESIAN_POINT('',(197.788,-104.3955,-5.42E-02));
#10812 = VECTOR('',#10813,1.);
#10813 = DIRECTION('',(0.,0.,1.));
#10814 = ORIENTED_EDGE('',*,*,#10663,.F.);
#10815 = ORIENTED_EDGE('',*,*,#10809,.F.);
#10816 = CYLINDRICAL_SURFACE('',#10817,0.5);
#10817 = AXIS2_PLACEMENT_3D('',#10818,#10819,#10820);
#10818 = CARTESIAN_POINT('',(197.788,-103.8955,-5.42E-02));
#10819 = DIRECTION('',(-0.,-0.,-1.));
#10820 = DIRECTION('',(-0.,-1.,0.));
#10821 = ADVANCED_FACE('',(#10822),#10833,.F.);
#10822 = FACE_BOUND('',#10823,.T.);
#10823 = EDGE_LOOP('',(#10824,#10825,#10831,#10832));
#10824 = ORIENTED_EDGE('',*,*,#10536,.T.);
#10825 = ORIENTED_EDGE('',*,*,#10826,.T.);
#10826 = EDGE_CURVE('',#10537,#10675,#10827,.T.);
#10827 = LINE('',#10828,#10829);
#10828 = CARTESIAN_POINT('',(200.328,-104.3955,-5.42E-02));
#10829 = VECTOR('',#10830,1.);
#10830 = DIRECTION('',(0.,0.,1.));
#10831 = ORIENTED_EDGE('',*,*,#10674,.F.);
#10832 = ORIENTED_EDGE('',*,*,#10826,.F.);
#10833 = CYLINDRICAL_SURFACE('',#10834,0.5);
#10834 = AXIS2_PLACEMENT_3D('',#10835,#10836,#10837);
#10835 = CARTESIAN_POINT('',(200.328,-103.8955,-5.42E-02));
#10836 = DIRECTION('',(-0.,-0.,-1.));
#10837 = DIRECTION('',(-0.,-1.,0.));
#10838 = ADVANCED_FACE('',(#10839),#10850,.F.);
#10839 = FACE_BOUND('',#10840,.T.);
#10840 = EDGE_LOOP('',(#10841,#10842,#10848,#10849));
#10841 = ORIENTED_EDGE('',*,*,#10547,.T.);
#10842 = ORIENTED_EDGE('',*,*,#10843,.T.);
#10843 = EDGE_CURVE('',#10548,#10686,#10844,.T.);
#10844 = LINE('',#10845,#10846);
#10845 = CARTESIAN_POINT('',(202.868,-104.3955,-5.42E-02));
#10846 = VECTOR('',#10847,1.);
#10847 = DIRECTION('',(0.,0.,1.));
#10848 = ORIENTED_EDGE('',*,*,#10685,.F.);
#10849 = ORIENTED_EDGE('',*,*,#10843,.F.);
#10850 = CYLINDRICAL_SURFACE('',#10851,0.5);
#10851 = AXIS2_PLACEMENT_3D('',#10852,#10853,#10854);
#10852 = CARTESIAN_POINT('',(202.868,-103.8955,-5.42E-02));
#10853 = DIRECTION('',(-0.,-0.,-1.));
#10854 = DIRECTION('',(-0.,-1.,0.));
#10855 = ADVANCED_FACE('',(#10856),#10867,.F.);
#10856 = FACE_BOUND('',#10857,.T.);
#10857 = EDGE_LOOP('',(#10858,#10859,#10865,#10866));
#10858 = ORIENTED_EDGE('',*,*,#10558,.T.);
#10859 = ORIENTED_EDGE('',*,*,#10860,.T.);
#10860 = EDGE_CURVE('',#10559,#10697,#10861,.T.);
#10861 = LINE('',#10862,#10863);
#10862 = CARTESIAN_POINT('',(205.408,-104.3955,-5.42E-02));
#10863 = VECTOR('',#10864,1.);
#10864 = DIRECTION('',(0.,0.,1.));
#10865 = ORIENTED_EDGE('',*,*,#10696,.F.);
#10866 = ORIENTED_EDGE('',*,*,#10860,.F.);
#10867 = CYLINDRICAL_SURFACE('',#10868,0.5);
#10868 = AXIS2_PLACEMENT_3D('',#10869,#10870,#10871);
#10869 = CARTESIAN_POINT('',(205.408,-103.8955,-5.42E-02));
#10870 = DIRECTION('',(-0.,-0.,-1.));
#10871 = DIRECTION('',(-0.,-1.,0.));
#10872 = ADVANCED_FACE('',(#10873),#10884,.F.);
#10873 = FACE_BOUND('',#10874,.T.);
#10874 = EDGE_LOOP('',(#10875,#10876,#10882,#10883));
#10875 = ORIENTED_EDGE('',*,*,#10569,.T.);
#10876 = ORIENTED_EDGE('',*,*,#10877,.T.);
#10877 = EDGE_CURVE('',#10570,#10708,#10878,.T.);
#10878 = LINE('',#10879,#10880);
#10879 = CARTESIAN_POINT('',(195.248,-101.8555,-5.42E-02));
#10880 = VECTOR('',#10881,1.);
#10881 = DIRECTION('',(0.,0.,1.));
#10882 = ORIENTED_EDGE('',*,*,#10707,.F.);
#10883 = ORIENTED_EDGE('',*,*,#10877,.F.);
#10884 = CYLINDRICAL_SURFACE('',#10885,0.5);
#10885 = AXIS2_PLACEMENT_3D('',#10886,#10887,#10888);
#10886 = CARTESIAN_POINT('',(195.248,-101.3555,-5.42E-02));
#10887 = DIRECTION('',(-0.,-0.,-1.));
#10888 = DIRECTION('',(-0.,-1.,0.));
#10889 = ADVANCED_FACE('',(#10890),#10901,.F.);
#10890 = FACE_BOUND('',#10891,.T.);
#10891 = EDGE_LOOP('',(#10892,#10893,#10899,#10900));
#10892 = ORIENTED_EDGE('',*,*,#10580,.T.);
#10893 = ORIENTED_EDGE('',*,*,#10894,.T.);
#10894 = EDGE_CURVE('',#10581,#10719,#10895,.T.);
#10895 = LINE('',#10896,#10897);
#10896 = CARTESIAN_POINT('',(197.788,-101.8555,-5.42E-02));
#10897 = VECTOR('',#10898,1.);
#10898 = DIRECTION('',(0.,0.,1.));
#10899 = ORIENTED_EDGE('',*,*,#10718,.F.);
#10900 = ORIENTED_EDGE('',*,*,#10894,.F.);
#10901 = CYLINDRICAL_SURFACE('',#10902,0.5);
#10902 = AXIS2_PLACEMENT_3D('',#10903,#10904,#10905);
#10903 = CARTESIAN_POINT('',(197.788,-101.3555,-5.42E-02));
#10904 = DIRECTION('',(-0.,-0.,-1.));
#10905 = DIRECTION('',(-0.,-1.,0.));
#10906 = ADVANCED_FACE('',(#10907),#10918,.F.);
#10907 = FACE_BOUND('',#10908,.T.);
#10908 = EDGE_LOOP('',(#10909,#10910,#10916,#10917));
#10909 = ORIENTED_EDGE('',*,*,#10591,.T.);
#10910 = ORIENTED_EDGE('',*,*,#10911,.T.);
#10911 = EDGE_CURVE('',#10592,#10730,#10912,.T.);
#10912 = LINE('',#10913,#10914);
#10913 = CARTESIAN_POINT('',(200.328,-101.8555,-5.42E-02));
#10914 = VECTOR('',#10915,1.);
#10915 = DIRECTION('',(0.,0.,1.));
#10916 = ORIENTED_EDGE('',*,*,#10729,.F.);
#10917 = ORIENTED_EDGE('',*,*,#10911,.F.);
#10918 = CYLINDRICAL_SURFACE('',#10919,0.5);
#10919 = AXIS2_PLACEMENT_3D('',#10920,#10921,#10922);
#10920 = CARTESIAN_POINT('',(200.328,-101.3555,-5.42E-02));
#10921 = DIRECTION('',(-0.,-0.,-1.));
#10922 = DIRECTION('',(-0.,-1.,0.));
#10923 = ADVANCED_FACE('',(#10924),#10935,.F.);
#10924 = FACE_BOUND('',#10925,.T.);
#10925 = EDGE_LOOP('',(#10926,#10927,#10933,#10934));
#10926 = ORIENTED_EDGE('',*,*,#10602,.T.);
#10927 = ORIENTED_EDGE('',*,*,#10928,.T.);
#10928 = EDGE_CURVE('',#10603,#10741,#10929,.T.);
#10929 = LINE('',#10930,#10931);
#10930 = CARTESIAN_POINT('',(202.868,-101.8555,-5.42E-02));
#10931 = VECTOR('',#10932,1.);
#10932 = DIRECTION('',(0.,0.,1.));
#10933 = ORIENTED_EDGE('',*,*,#10740,.F.);
#10934 = ORIENTED_EDGE('',*,*,#10928,.F.);
#10935 = CYLINDRICAL_SURFACE('',#10936,0.5);
#10936 = AXIS2_PLACEMENT_3D('',#10937,#10938,#10939);
#10937 = CARTESIAN_POINT('',(202.868,-101.3555,-5.42E-02));
#10938 = DIRECTION('',(-0.,-0.,-1.));
#10939 = DIRECTION('',(-0.,-1.,0.));
#10940 = ADVANCED_FACE('',(#10941),#10952,.F.);
#10941 = FACE_BOUND('',#10942,.T.);
#10942 = EDGE_LOOP('',(#10943,#10944,#10950,#10951));
#10943 = ORIENTED_EDGE('',*,*,#10613,.T.);
#10944 = ORIENTED_EDGE('',*,*,#10945,.T.);
#10945 = EDGE_CURVE('',#10614,#10752,#10946,.T.);
#10946 = LINE('',#10947,#10948);
#10947 = CARTESIAN_POINT('',(205.408,-101.8555,-5.42E-02));
#10948 = VECTOR('',#10949,1.);
#10949 = DIRECTION('',(0.,0.,1.));
#10950 = ORIENTED_EDGE('',*,*,#10751,.F.);
#10951 = ORIENTED_EDGE('',*,*,#10945,.F.);
#10952 = CYLINDRICAL_SURFACE('',#10953,0.5);
#10953 = AXIS2_PLACEMENT_3D('',#10954,#10955,#10956);
#10954 = CARTESIAN_POINT('',(205.408,-101.3555,-5.42E-02));
#10955 = DIRECTION('',(-0.,-0.,-1.));
#10956 = DIRECTION('',(-0.,-1.,0.));
#10957 = ADVANCED_FACE('',(#10958),#10969,.F.);
#10958 = FACE_BOUND('',#10959,.T.);
#10959 = EDGE_LOOP('',(#10960,#10961,#10967,#10968));
#10960 = ORIENTED_EDGE('',*,*,#10624,.T.);
#10961 = ORIENTED_EDGE('',*,*,#10962,.T.);
#10962 = EDGE_CURVE('',#10625,#10763,#10963,.T.);
#10963 = LINE('',#10964,#10965);
#10964 = CARTESIAN_POINT('',(87.122,-101.422,-5.42E-02));
#10965 = VECTOR('',#10966,1.);
#10966 = DIRECTION('',(0.,0.,1.));
#10967 = ORIENTED_EDGE('',*,*,#10762,.F.);
#10968 = ORIENTED_EDGE('',*,*,#10962,.F.);
#10969 = CYLINDRICAL_SURFACE('',#10970,1.6);
#10970 = AXIS2_PLACEMENT_3D('',#10971,#10972,#10973);
#10971 = CARTESIAN_POINT('',(87.122,-99.822,-5.42E-02));
#10972 = DIRECTION('',(-0.,-0.,-1.));
#10973 = DIRECTION('',(-0.,-1.,0.));
#10974 = ( GEOMETRIC_REPRESENTATION_CONTEXT(3) 
GLOBAL_UNCERTAINTY_ASSIGNED_CONTEXT((#10978)) 
GLOBAL_UNIT_ASSIGNED_CONTEXT((#10975,#10976,#10977)) 
REPRESENTATION_CONTEXT('Context #1',
  '3D Context with UNIT and UNCERTAINTY') );
#10975 = ( LENGTH_UNIT() NAMED_UNIT(*) SI_UNIT(.MILLI.,.METRE.) );
#10976 = ( NAMED_UNIT(*) PLANE_ANGLE_UNIT() SI_UNIT($,.RADIAN.) );
#10977 = ( NAMED_UNIT(*) SI_UNIT($,.STERADIAN.) SOLID_ANGLE_UNIT() );
#10978 = UNCERTAINTY_MEASURE_WITH_UNIT(LENGTH_MEASURE(1.E-07),#10975,
  'distance_accuracy_value','confusion accuracy');
#10979 = CONTEXT_DEPENDENT_SHAPE_REPRESENTATION(#10980,#10982);
#10980 = ( REPRESENTATION_RELATIONSHIP('','',#10394,#10) 
REPRESENTATION_RELATIONSHIP_WITH_TRANSFORMATION(#10981) 
SHAPE_REPRESENTATION_RELATIONSHIP() );
#10981 = ITEM_DEFINED_TRANSFORMATION('','',#11,#147);
#10982 = PRODUCT_DEFINITION_SHAPE('Placement','Placement of an item',
  #10983);
#10983 = NEXT_ASSEMBLY_USAGE_OCCURRENCE('34','=>[0:1:1:6]','',#5,#10389,
  $);
#10984 = PRODUCT_RELATED_PRODUCT_CATEGORY('part',$,(#10391));
#10985 = MECHANICAL_DESIGN_GEOMETRIC_PRESENTATION_REPRESENTATION('',(
    #10986,#10994,#11001,#11008,#11015,#11022,#11029,#11036,#11044,
    #11051,#11058,#11065,#11072,#11079,#11087,#11094,#11101,#11108,
    #11115,#11122,#11129,#11136,#11143,#11150,#11157,#11164),#9393);
#10986 = STYLED_ITEM('color',(#10987),#8605);
#10987 = PRESENTATION_STYLE_ASSIGNMENT((#10988));
#10988 = SURFACE_STYLE_USAGE(.BOTH.,#10989);
#10989 = SURFACE_SIDE_STYLE('',(#10990));
#10990 = SURFACE_STYLE_FILL_AREA(#10991);
#10991 = FILL_AREA_STYLE('',(#10992));
#10992 = FILL_AREA_STYLE_COLOUR('',#10993);
#10993 = COLOUR_RGB('',0.823999987314,0.819999987296,0.781000009244);
#10994 = STYLED_ITEM('color',(#10995),#8645);
#10995 = PRESENTATION_STYLE_ASSIGNMENT((#10996));
#10996 = SURFACE_STYLE_USAGE(.BOTH.,#10997);
#10997 = SURFACE_SIDE_STYLE('',(#10998));
#10998 = SURFACE_STYLE_FILL_AREA(#10999);
#10999 = FILL_AREA_STYLE('',(#11000));
#11000 = FILL_AREA_STYLE_COLOUR('',#10993);
#11001 = STYLED_ITEM('color',(#11002),#8728);
#11002 = PRESENTATION_STYLE_ASSIGNMENT((#11003));
#11003 = SURFACE_STYLE_USAGE(.BOTH.,#11004);
#11004 = SURFACE_SIDE_STYLE('',(#11005));
#11005 = SURFACE_STYLE_FILL_AREA(#11006);
#11006 = FILL_AREA_STYLE('',(#11007));
#11007 = FILL_AREA_STYLE_COLOUR('',#10993);
#11008 = STYLED_ITEM('color',(#11009),#8753);
#11009 = PRESENTATION_STYLE_ASSIGNMENT((#11010));
#11010 = SURFACE_STYLE_USAGE(.BOTH.,#11011);
#11011 = SURFACE_SIDE_STYLE('',(#11012));
#11012 = SURFACE_STYLE_FILL_AREA(#11013);
#11013 = FILL_AREA_STYLE('',(#11014));
#11014 = FILL_AREA_STYLE_COLOUR('',#10993);
#11015 = STYLED_ITEM('color',(#11016),#8778);
#11016 = PRESENTATION_STYLE_ASSIGNMENT((#11017));
#11017 = SURFACE_STYLE_USAGE(.BOTH.,#11018);
#11018 = SURFACE_SIDE_STYLE('',(#11019));
#11019 = SURFACE_STYLE_FILL_AREA(#11020);
#11020 = FILL_AREA_STYLE('',(#11021));
#11021 = FILL_AREA_STYLE_COLOUR('',#10993);
#11022 = STYLED_ITEM('color',(#11023),#8845);
#11023 = PRESENTATION_STYLE_ASSIGNMENT((#11024));
#11024 = SURFACE_STYLE_USAGE(.BOTH.,#11025);
#11025 = SURFACE_SIDE_STYLE('',(#11026));
#11026 = SURFACE_STYLE_FILL_AREA(#11027);
#11027 = FILL_AREA_STYLE('',(#11028));
#11028 = FILL_AREA_STYLE_COLOUR('',#10993);
#11029 = STYLED_ITEM('color',(#11030),#8862);
#11030 = PRESENTATION_STYLE_ASSIGNMENT((#11031));
#11031 = SURFACE_STYLE_USAGE(.BOTH.,#11032);
#11032 = SURFACE_SIDE_STYLE('',(#11033));
#11033 = SURFACE_STYLE_FILL_AREA(#11034);
#11034 = FILL_AREA_STYLE('',(#11035));
#11035 = FILL_AREA_STYLE_COLOUR('',#10993);
#11036 = STYLED_ITEM('color',(#11037),#8879);
#11037 = PRESENTATION_STYLE_ASSIGNMENT((#11038));
#11038 = SURFACE_STYLE_USAGE(.BOTH.,#11039);
#11039 = SURFACE_SIDE_STYLE('',(#11040));
#11040 = SURFACE_STYLE_FILL_AREA(#11041);
#11041 = FILL_AREA_STYLE('',(#11042));
#11042 = FILL_AREA_STYLE_COLOUR('',#11043);
#11043 = COLOUR_RGB('',0.894999966383,0.890999961016,0.813000030345);
#11044 = STYLED_ITEM('color',(#11045),#8928);
#11045 = PRESENTATION_STYLE_ASSIGNMENT((#11046));
#11046 = SURFACE_STYLE_USAGE(.BOTH.,#11047);
#11047 = SURFACE_SIDE_STYLE('',(#11048));
#11048 = SURFACE_STYLE_FILL_AREA(#11049);
#11049 = FILL_AREA_STYLE('',(#11050));
#11050 = FILL_AREA_STYLE_COLOUR('',#10993);
#11051 = STYLED_ITEM('color',(#11052),#8945);
#11052 = PRESENTATION_STYLE_ASSIGNMENT((#11053));
#11053 = SURFACE_STYLE_USAGE(.BOTH.,#11054);
#11054 = SURFACE_SIDE_STYLE('',(#11055));
#11055 = SURFACE_STYLE_FILL_AREA(#11056);
#11056 = FILL_AREA_STYLE('',(#11057));
#11057 = FILL_AREA_STYLE_COLOUR('',#10993);
#11058 = STYLED_ITEM('color',(#11059),#8962);
#11059 = PRESENTATION_STYLE_ASSIGNMENT((#11060));
#11060 = SURFACE_STYLE_USAGE(.BOTH.,#11061);
#11061 = SURFACE_SIDE_STYLE('',(#11062));
#11062 = SURFACE_STYLE_FILL_AREA(#11063);
#11063 = FILL_AREA_STYLE('',(#11064));
#11064 = FILL_AREA_STYLE_COLOUR('',#11043);
#11065 = STYLED_ITEM('color',(#11066),#9011);
#11066 = PRESENTATION_STYLE_ASSIGNMENT((#11067));
#11067 = SURFACE_STYLE_USAGE(.BOTH.,#11068);
#11068 = SURFACE_SIDE_STYLE('',(#11069));
#11069 = SURFACE_STYLE_FILL_AREA(#11070);
#11070 = FILL_AREA_STYLE('',(#11071));
#11071 = FILL_AREA_STYLE_COLOUR('',#11043);
#11072 = STYLED_ITEM('color',(#11073),#9028);
#11073 = PRESENTATION_STYLE_ASSIGNMENT((#11074));
#11074 = SURFACE_STYLE_USAGE(.BOTH.,#11075);
#11075 = SURFACE_SIDE_STYLE('',(#11076));
#11076 = SURFACE_STYLE_FILL_AREA(#11077);
#11077 = FILL_AREA_STYLE('',(#11078));
#11078 = FILL_AREA_STYLE_COLOUR('',#10993);
#11079 = STYLED_ITEM('color',(#11080),#9097);
#11080 = PRESENTATION_STYLE_ASSIGNMENT((#11081));
#11081 = SURFACE_STYLE_USAGE(.BOTH.,#11082);
#11082 = SURFACE_SIDE_STYLE('',(#11083));
#11083 = SURFACE_STYLE_FILL_AREA(#11084);
#11084 = FILL_AREA_STYLE('',(#11085));
#11085 = FILL_AREA_STYLE_COLOUR('',#11086);
#11086 = COLOUR_RGB('',8.200000279077E-02,8.600000121357E-02,
  9.399999706163E-02);
#11087 = STYLED_ITEM('color',(#11088),#9128);
#11088 = PRESENTATION_STYLE_ASSIGNMENT((#11089));
#11089 = SURFACE_STYLE_USAGE(.BOTH.,#11090);
#11090 = SURFACE_SIDE_STYLE('',(#11091));
#11091 = SURFACE_STYLE_FILL_AREA(#11092);
#11092 = FILL_AREA_STYLE('',(#11093));
#11093 = FILL_AREA_STYLE_COLOUR('',#11086);
#11094 = STYLED_ITEM('color',(#11095),#9152);
#11095 = PRESENTATION_STYLE_ASSIGNMENT((#11096));
#11096 = SURFACE_STYLE_USAGE(.BOTH.,#11097);
#11097 = SURFACE_SIDE_STYLE('',(#11098));
#11098 = SURFACE_STYLE_FILL_AREA(#11099);
#11099 = FILL_AREA_STYLE('',(#11100));
#11100 = FILL_AREA_STYLE_COLOUR('',#10993);
#11101 = STYLED_ITEM('color',(#11102),#9221);
#11102 = PRESENTATION_STYLE_ASSIGNMENT((#11103));
#11103 = SURFACE_STYLE_USAGE(.BOTH.,#11104);
#11104 = SURFACE_SIDE_STYLE('',(#11105));
#11105 = SURFACE_STYLE_FILL_AREA(#11106);
#11106 = FILL_AREA_STYLE('',(#11107));
#11107 = FILL_AREA_STYLE_COLOUR('',#11086);
#11108 = STYLED_ITEM('color',(#11109),#9245);
#11109 = PRESENTATION_STYLE_ASSIGNMENT((#11110));
#11110 = SURFACE_STYLE_USAGE(.BOTH.,#11111);
#11111 = SURFACE_SIDE_STYLE('',(#11112));
#11112 = SURFACE_STYLE_FILL_AREA(#11113);
#11113 = FILL_AREA_STYLE('',(#11114));
#11114 = FILL_AREA_STYLE_COLOUR('',#10993);
#11115 = STYLED_ITEM('color',(#11116),#9262);
#11116 = PRESENTATION_STYLE_ASSIGNMENT((#11117));
#11117 = SURFACE_STYLE_USAGE(.BOTH.,#11118);
#11118 = SURFACE_SIDE_STYLE('',(#11119));
#11119 = SURFACE_STYLE_FILL_AREA(#11120);
#11120 = FILL_AREA_STYLE('',(#11121));
#11121 = FILL_AREA_STYLE_COLOUR('',#10993);
#11122 = STYLED_ITEM('color',(#11123),#9279);
#11123 = PRESENTATION_STYLE_ASSIGNMENT((#11124));
#11124 = SURFACE_STYLE_USAGE(.BOTH.,#11125);
#11125 = SURFACE_SIDE_STYLE('',(#11126));
#11126 = SURFACE_STYLE_FILL_AREA(#11127);
#11127 = FILL_AREA_STYLE('',(#11128));
#11128 = FILL_AREA_STYLE_COLOUR('',#10993);
#11129 = STYLED_ITEM('color',(#11130),#9296);
#11130 = PRESENTATION_STYLE_ASSIGNMENT((#11131));
#11131 = SURFACE_STYLE_USAGE(.BOTH.,#11132);
#11132 = SURFACE_SIDE_STYLE('',(#11133));
#11133 = SURFACE_STYLE_FILL_AREA(#11134);
#11134 = FILL_AREA_STYLE('',(#11135));
#11135 = FILL_AREA_STYLE_COLOUR('',#10993);
#11136 = STYLED_ITEM('color',(#11137),#9313);
#11137 = PRESENTATION_STYLE_ASSIGNMENT((#11138));
#11138 = SURFACE_STYLE_USAGE(.BOTH.,#11139);
#11139 = SURFACE_SIDE_STYLE('',(#11140));
#11140 = SURFACE_STYLE_FILL_AREA(#11141);
#11141 = FILL_AREA_STYLE('',(#11142));
#11142 = FILL_AREA_STYLE_COLOUR('',#10993);
#11143 = STYLED_ITEM('color',(#11144),#9330);
#11144 = PRESENTATION_STYLE_ASSIGNMENT((#11145));
#11145 = SURFACE_STYLE_USAGE(.BOTH.,#11146);
#11146 = SURFACE_SIDE_STYLE('',(#11147));
#11147 = SURFACE_STYLE_FILL_AREA(#11148);
#11148 = FILL_AREA_STYLE('',(#11149));
#11149 = FILL_AREA_STYLE_COLOUR('',#10993);
#11150 = STYLED_ITEM('color',(#11151),#9347);
#11151 = PRESENTATION_STYLE_ASSIGNMENT((#11152));
#11152 = SURFACE_STYLE_USAGE(.BOTH.,#11153);
#11153 = SURFACE_SIDE_STYLE('',(#11154));
#11154 = SURFACE_STYLE_FILL_AREA(#11155);
#11155 = FILL_AREA_STYLE('',(#11156));
#11156 = FILL_AREA_STYLE_COLOUR('',#10993);
#11157 = STYLED_ITEM('color',(#11158),#9364);
#11158 = PRESENTATION_STYLE_ASSIGNMENT((#11159));
#11159 = SURFACE_STYLE_USAGE(.BOTH.,#11160);
#11160 = SURFACE_SIDE_STYLE('',(#11161));
#11161 = SURFACE_STYLE_FILL_AREA(#11162);
#11162 = FILL_AREA_STYLE('',(#11163));
#11163 = FILL_AREA_STYLE_COLOUR('',#11086);
#11164 = STYLED_ITEM('color',(#11165),#9381);
#11165 = PRESENTATION_STYLE_ASSIGNMENT((#11166));
#11166 = SURFACE_STYLE_USAGE(.BOTH.,#11167);
#11167 = SURFACE_SIDE_STYLE('',(#11168));
#11168 = SURFACE_STYLE_FILL_AREA(#11169);
#11169 = FILL_AREA_STYLE('',(#11170));
#11170 = FILL_AREA_STYLE_COLOUR('',#11086);
#11171 = MECHANICAL_DESIGN_GEOMETRIC_PRESENTATION_REPRESENTATION('',(
    #11172),#10974);
#11172 = STYLED_ITEM('color',(#11173),#10395);
#11173 = PRESENTATION_STYLE_ASSIGNMENT((#11174));
#11174 = SURFACE_STYLE_USAGE(.BOTH.,#11175);
#11175 = SURFACE_SIDE_STYLE('',(#11176));
#11176 = SURFACE_STYLE_FILL_AREA(#11177);
#11177 = FILL_AREA_STYLE('',(#11178));
#11178 = FILL_AREA_STYLE_COLOUR('',#11179);
#11179 = COLOUR_RGB('',0.349849897762,7.251972705943E-02,0.444570153493
  );
#11180 = MECHANICAL_DESIGN_GEOMETRIC_PRESENTATION_REPRESENTATION('',(
    #11181,#11188,#11195,#11202,#11209,#11216,#11223,#11230,#11237,
    #11244,#11251,#11259,#11266,#11273,#11280,#11287,#11294,#11301,
    #11308,#11315,#11322,#11329,#11336,#11343,#11350,#11357,#11364,
    #11371),#10296);
#11181 = STYLED_ITEM('color',(#11182),#9444);
#11182 = PRESENTATION_STYLE_ASSIGNMENT((#11183));
#11183 = SURFACE_STYLE_USAGE(.BOTH.,#11184);
#11184 = SURFACE_SIDE_STYLE('',(#11185));
#11185 = SURFACE_STYLE_FILL_AREA(#11186);
#11186 = FILL_AREA_STYLE('',(#11187));
#11187 = FILL_AREA_STYLE_COLOUR('',#10993);
#11188 = STYLED_ITEM('color',(#11189),#9520);
#11189 = PRESENTATION_STYLE_ASSIGNMENT((#11190));
#11190 = SURFACE_STYLE_USAGE(.BOTH.,#11191);
#11191 = SURFACE_SIDE_STYLE('',(#11192));
#11192 = SURFACE_STYLE_FILL_AREA(#11193);
#11193 = FILL_AREA_STYLE('',(#11194));
#11194 = FILL_AREA_STYLE_COLOUR('',#10993);
#11195 = STYLED_ITEM('color',(#11196),#9551);
#11196 = PRESENTATION_STYLE_ASSIGNMENT((#11197));
#11197 = SURFACE_STYLE_USAGE(.BOTH.,#11198);
#11198 = SURFACE_SIDE_STYLE('',(#11199));
#11199 = SURFACE_STYLE_FILL_AREA(#11200);
#11200 = FILL_AREA_STYLE('',(#11201));
#11201 = FILL_AREA_STYLE_COLOUR('',#10993);
#11202 = STYLED_ITEM('color',(#11203),#9576);
#11203 = PRESENTATION_STYLE_ASSIGNMENT((#11204));
#11204 = SURFACE_STYLE_USAGE(.BOTH.,#11205);
#11205 = SURFACE_SIDE_STYLE('',(#11206));
#11206 = SURFACE_STYLE_FILL_AREA(#11207);
#11207 = FILL_AREA_STYLE('',(#11208));
#11208 = FILL_AREA_STYLE_COLOUR('',#10993);
#11209 = STYLED_ITEM('color',(#11210),#9601);
#11210 = PRESENTATION_STYLE_ASSIGNMENT((#11211));
#11211 = SURFACE_STYLE_USAGE(.BOTH.,#11212);
#11212 = SURFACE_SIDE_STYLE('',(#11213));
#11213 = SURFACE_STYLE_FILL_AREA(#11214);
#11214 = FILL_AREA_STYLE('',(#11215));
#11215 = FILL_AREA_STYLE_COLOUR('',#10993);
#11216 = STYLED_ITEM('color',(#11217),#9625);
#11217 = PRESENTATION_STYLE_ASSIGNMENT((#11218));
#11218 = SURFACE_STYLE_USAGE(.BOTH.,#11219);
#11219 = SURFACE_SIDE_STYLE('',(#11220));
#11220 = SURFACE_STYLE_FILL_AREA(#11221);
#11221 = FILL_AREA_STYLE('',(#11222));
#11222 = FILL_AREA_STYLE_COLOUR('',#10993);
#11223 = STYLED_ITEM('color',(#11224),#9649);
#11224 = PRESENTATION_STYLE_ASSIGNMENT((#11225));
#11225 = SURFACE_STYLE_USAGE(.BOTH.,#11226);
#11226 = SURFACE_SIDE_STYLE('',(#11227));
#11227 = SURFACE_STYLE_FILL_AREA(#11228);
#11228 = FILL_AREA_STYLE('',(#11229));
#11229 = FILL_AREA_STYLE_COLOUR('',#10993);
#11230 = STYLED_ITEM('color',(#11231),#9674);
#11231 = PRESENTATION_STYLE_ASSIGNMENT((#11232));
#11232 = SURFACE_STYLE_USAGE(.BOTH.,#11233);
#11233 = SURFACE_SIDE_STYLE('',(#11234));
#11234 = SURFACE_STYLE_FILL_AREA(#11235);
#11235 = FILL_AREA_STYLE('',(#11236));
#11236 = FILL_AREA_STYLE_COLOUR('',#10993);
#11237 = STYLED_ITEM('color',(#11238),#9699);
#11238 = PRESENTATION_STYLE_ASSIGNMENT((#11239));
#11239 = SURFACE_STYLE_USAGE(.BOTH.,#11240);
#11240 = SURFACE_SIDE_STYLE('',(#11241));
#11241 = SURFACE_STYLE_FILL_AREA(#11242);
#11242 = FILL_AREA_STYLE('',(#11243));
#11243 = FILL_AREA_STYLE_COLOUR('',#10993);
#11244 = STYLED_ITEM('color',(#11245),#9716);
#11245 = PRESENTATION_STYLE_ASSIGNMENT((#11246));
#11246 = SURFACE_STYLE_USAGE(.BOTH.,#11247);
#11247 = SURFACE_SIDE_STYLE('',(#11248));
#11248 = SURFACE_STYLE_FILL_AREA(#11249);
#11249 = FILL_AREA_STYLE('',(#11250));
#11250 = FILL_AREA_STYLE_COLOUR('',#10993);
#11251 = STYLED_ITEM('color',(#11252),#9802);
#11252 = PRESENTATION_STYLE_ASSIGNMENT((#11253));
#11253 = SURFACE_STYLE_USAGE(.BOTH.,#11254);
#11254 = SURFACE_SIDE_STYLE('',(#11255));
#11255 = SURFACE_STYLE_FILL_AREA(#11256);
#11256 = FILL_AREA_STYLE('',(#11257));
#11257 = FILL_AREA_STYLE_COLOUR('',#11258);
#11258 = COLOUR_RGB('',0.379000005575,0.270000008848,0.214999999939);
#11259 = STYLED_ITEM('color',(#11260),#9834);
#11260 = PRESENTATION_STYLE_ASSIGNMENT((#11261));
#11261 = SURFACE_STYLE_USAGE(.BOTH.,#11262);
#11262 = SURFACE_SIDE_STYLE('',(#11263));
#11263 = SURFACE_STYLE_FILL_AREA(#11264);
#11264 = FILL_AREA_STYLE('',(#11265));
#11265 = FILL_AREA_STYLE_COLOUR('',#11258);
#11266 = STYLED_ITEM('color',(#11267),#9858);
#11267 = PRESENTATION_STYLE_ASSIGNMENT((#11268));
#11268 = SURFACE_STYLE_USAGE(.BOTH.,#11269);
#11269 = SURFACE_SIDE_STYLE('',(#11270));
#11270 = SURFACE_STYLE_FILL_AREA(#11271);
#11271 = FILL_AREA_STYLE('',(#11272));
#11272 = FILL_AREA_STYLE_COLOUR('',#11258);
#11273 = STYLED_ITEM('color',(#11274),#9883);
#11274 = PRESENTATION_STYLE_ASSIGNMENT((#11275));
#11275 = SURFACE_STYLE_USAGE(.BOTH.,#11276);
#11276 = SURFACE_SIDE_STYLE('',(#11277));
#11277 = SURFACE_STYLE_FILL_AREA(#11278);
#11278 = FILL_AREA_STYLE('',(#11279));
#11279 = FILL_AREA_STYLE_COLOUR('',#11258);
#11280 = STYLED_ITEM('color',(#11281),#9907);
#11281 = PRESENTATION_STYLE_ASSIGNMENT((#11282));
#11282 = SURFACE_STYLE_USAGE(.BOTH.,#11283);
#11283 = SURFACE_SIDE_STYLE('',(#11284));
#11284 = SURFACE_STYLE_FILL_AREA(#11285);
#11285 = FILL_AREA_STYLE('',(#11286));
#11286 = FILL_AREA_STYLE_COLOUR('',#11258);
#11287 = STYLED_ITEM('color',(#11288),#9932);
#11288 = PRESENTATION_STYLE_ASSIGNMENT((#11289));
#11289 = SURFACE_STYLE_USAGE(.BOTH.,#11290);
#11290 = SURFACE_SIDE_STYLE('',(#11291));
#11291 = SURFACE_STYLE_FILL_AREA(#11292);
#11292 = FILL_AREA_STYLE('',(#11293));
#11293 = FILL_AREA_STYLE_COLOUR('',#11258);
#11294 = STYLED_ITEM('color',(#11295),#9956);
#11295 = PRESENTATION_STYLE_ASSIGNMENT((#11296));
#11296 = SURFACE_STYLE_USAGE(.BOTH.,#11297);
#11297 = SURFACE_SIDE_STYLE('',(#11298));
#11298 = SURFACE_STYLE_FILL_AREA(#11299);
#11299 = FILL_AREA_STYLE('',(#11300));
#11300 = FILL_AREA_STYLE_COLOUR('',#11258);
#11301 = STYLED_ITEM('color',(#11302),#9981);
#11302 = PRESENTATION_STYLE_ASSIGNMENT((#11303));
#11303 = SURFACE_STYLE_USAGE(.BOTH.,#11304);
#11304 = SURFACE_SIDE_STYLE('',(#11305));
#11305 = SURFACE_STYLE_FILL_AREA(#11306);
#11306 = FILL_AREA_STYLE('',(#11307));
#11307 = FILL_AREA_STYLE_COLOUR('',#11258);
#11308 = STYLED_ITEM('color',(#11309),#9998);
#11309 = PRESENTATION_STYLE_ASSIGNMENT((#11310));
#11310 = SURFACE_STYLE_USAGE(.BOTH.,#11311);
#11311 = SURFACE_SIDE_STYLE('',(#11312));
#11312 = SURFACE_STYLE_FILL_AREA(#11313);
#11313 = FILL_AREA_STYLE('',(#11314));
#11314 = FILL_AREA_STYLE_COLOUR('',#10993);
#11315 = STYLED_ITEM('color',(#11316),#10084);
#11316 = PRESENTATION_STYLE_ASSIGNMENT((#11317));
#11317 = SURFACE_STYLE_USAGE(.BOTH.,#11318);
#11318 = SURFACE_SIDE_STYLE('',(#11319));
#11319 = SURFACE_STYLE_FILL_AREA(#11320);
#11320 = FILL_AREA_STYLE('',(#11321));
#11321 = FILL_AREA_STYLE_COLOUR('',#10993);
#11322 = STYLED_ITEM('color',(#11323),#10115);
#11323 = PRESENTATION_STYLE_ASSIGNMENT((#11324));
#11324 = SURFACE_STYLE_USAGE(.BOTH.,#11325);
#11325 = SURFACE_SIDE_STYLE('',(#11326));
#11326 = SURFACE_STYLE_FILL_AREA(#11327);
#11327 = FILL_AREA_STYLE('',(#11328));
#11328 = FILL_AREA_STYLE_COLOUR('',#10993);
#11329 = STYLED_ITEM('color',(#11330),#10140);
#11330 = PRESENTATION_STYLE_ASSIGNMENT((#11331));
#11331 = SURFACE_STYLE_USAGE(.BOTH.,#11332);
#11332 = SURFACE_SIDE_STYLE('',(#11333));
#11333 = SURFACE_STYLE_FILL_AREA(#11334);
#11334 = FILL_AREA_STYLE('',(#11335));
#11335 = FILL_AREA_STYLE_COLOUR('',#10993);
#11336 = STYLED_ITEM('color',(#11337),#10165);
#11337 = PRESENTATION_STYLE_ASSIGNMENT((#11338));
#11338 = SURFACE_STYLE_USAGE(.BOTH.,#11339);
#11339 = SURFACE_SIDE_STYLE('',(#11340));
#11340 = SURFACE_STYLE_FILL_AREA(#11341);
#11341 = FILL_AREA_STYLE('',(#11342));
#11342 = FILL_AREA_STYLE_COLOUR('',#10993);
#11343 = STYLED_ITEM('color',(#11344),#10189);
#11344 = PRESENTATION_STYLE_ASSIGNMENT((#11345));
#11345 = SURFACE_STYLE_USAGE(.BOTH.,#11346);
#11346 = SURFACE_SIDE_STYLE('',(#11347));
#11347 = SURFACE_STYLE_FILL_AREA(#11348);
#11348 = FILL_AREA_STYLE('',(#11349));
#11349 = FILL_AREA_STYLE_COLOUR('',#10993);
#11350 = STYLED_ITEM('color',(#11351),#10213);
#11351 = PRESENTATION_STYLE_ASSIGNMENT((#11352));
#11352 = SURFACE_STYLE_USAGE(.BOTH.,#11353);
#11353 = SURFACE_SIDE_STYLE('',(#11354));
#11354 = SURFACE_STYLE_FILL_AREA(#11355);
#11355 = FILL_AREA_STYLE('',(#11356));
#11356 = FILL_AREA_STYLE_COLOUR('',#10993);
#11357 = STYLED_ITEM('color',(#11358),#10238);
#11358 = PRESENTATION_STYLE_ASSIGNMENT((#11359));
#11359 = SURFACE_STYLE_USAGE(.BOTH.,#11360);
#11360 = SURFACE_SIDE_STYLE('',(#11361));
#11361 = SURFACE_STYLE_FILL_AREA(#11362);
#11362 = FILL_AREA_STYLE('',(#11363));
#11363 = FILL_AREA_STYLE_COLOUR('',#10993);
#11364 = STYLED_ITEM('color',(#11365),#10263);
#11365 = PRESENTATION_STYLE_ASSIGNMENT((#11366));
#11366 = SURFACE_STYLE_USAGE(.BOTH.,#11367);
#11367 = SURFACE_SIDE_STYLE('',(#11368));
#11368 = SURFACE_STYLE_FILL_AREA(#11369);
#11369 = FILL_AREA_STYLE('',(#11370));
#11370 = FILL_AREA_STYLE_COLOUR('',#10993);
#11371 = STYLED_ITEM('color',(#11372),#10280);
#11372 = PRESENTATION_STYLE_ASSIGNMENT((#11373));
#11373 = SURFACE_STYLE_USAGE(.BOTH.,#11374);
#11374 = SURFACE_SIDE_STYLE('',(#11375));
#11375 = SURFACE_STYLE_FILL_AREA(#11376);
#11376 = FILL_AREA_STYLE('',(#11377));
#11377 = FILL_AREA_STYLE_COLOUR('',#10993);
#11378 = MECHANICAL_DESIGN_GEOMETRIC_PRESENTATION_REPRESENTATION('',(
    #11379,#11387,#11394,#11401,#11408,#11415,#11422,#11429,#11436,
    #11443,#11450,#11457,#11464,#11471,#11478,#11485,#11492,#11499,
    #11506,#11513,#11520,#11527,#11534,#11541,#11548,#11555,#11562,
    #11569,#11577,#11584,#11591,#11598,#11605,#11612,#11619,#11626,
    #11633,#11640,#11647,#11654,#11661,#11668,#11675,#11682,#11689,
    #11696,#11703,#11710,#11717,#11724,#11731,#11738,#11745,#11752,
    #11759,#11766,#11773,#11780,#11787,#11794,#11801,#11808,#11815,
    #11822,#11829,#11836,#11843,#11850,#11857,#11864,#11871,#11878,
    #11885,#11892,#11899,#11906,#11913,#11920,#11927,#11934,#11941,
    #11948,#11955,#11962,#11969,#11976,#11983,#11990,#11997,#12004,
    #12011,#12018,#12025,#12032,#12039,#12046,#12053,#12060,#12067,
    #12074,#12081,#12088,#12095,#12102,#12109,#12116,#12123,#12130,
    #12137,#12144,#12151,#12158,#12165,#12172,#12179,#12186,#12193,
    #12200,#12207,#12214,#12221,#12228,#12235,#12242,#12249,#12256,
    #12263,#12270,#12277,#12284,#12291,#12298,#12305,#12312,#12319,
    #12326,#12333,#12340,#12347,#12354,#12361,#12368,#12375,#12382,
    #12389,#12396,#12403,#12410,#12417,#12424,#12431,#12438,#12445,
    #12452,#12459,#12466,#12473,#12480,#12487,#12494,#12501,#12508,
    #12515,#12522,#12529,#12536,#12543,#12550,#12557,#12564,#12571,
    #12578,#12585,#12592,#12599,#12606,#12613,#12620,#12627,#12634,
    #12641,#12648,#12655,#12662,#12669,#12676,#12683,#12690,#12697,
    #12704,#12711,#12718,#12725,#12732,#12739,#12746,#12753,#12760,
    #12767,#12774,#12781,#12788,#12795,#12802,#12809,#12816,#12823,
    #12830,#12837,#12844,#12851,#12858,#12865,#12872,#12879,#12886,
    #12893,#12900,#12907,#12914,#12921,#12928),#8584);
#11379 = STYLED_ITEM('color',(#11380),#2448);
#11380 = PRESENTATION_STYLE_ASSIGNMENT((#11381));
#11381 = SURFACE_STYLE_USAGE(.BOTH.,#11382);
#11382 = SURFACE_SIDE_STYLE('',(#11383));
#11383 = SURFACE_STYLE_FILL_AREA(#11384);
#11384 = FILL_AREA_STYLE('',(#11385));
#11385 = FILL_AREA_STYLE_COLOUR('',#11386);
#11386 = COLOUR_RGB('',0.145098047169,0.14117647753,0.14117647753);
#11387 = STYLED_ITEM('color',(#11388),#2520);
#11388 = PRESENTATION_STYLE_ASSIGNMENT((#11389));
#11389 = SURFACE_STYLE_USAGE(.BOTH.,#11390);
#11390 = SURFACE_SIDE_STYLE('',(#11391));
#11391 = SURFACE_STYLE_FILL_AREA(#11392);
#11392 = FILL_AREA_STYLE('',(#11393));
#11393 = FILL_AREA_STYLE_COLOUR('',#11386);
#11394 = STYLED_ITEM('color',(#11395),#2583);
#11395 = PRESENTATION_STYLE_ASSIGNMENT((#11396));
#11396 = SURFACE_STYLE_USAGE(.BOTH.,#11397);
#11397 = SURFACE_SIDE_STYLE('',(#11398));
#11398 = SURFACE_STYLE_FILL_AREA(#11399);
#11399 = FILL_AREA_STYLE('',(#11400));
#11400 = FILL_AREA_STYLE_COLOUR('',#11386);
#11401 = STYLED_ITEM('color',(#11402),#2662);
#11402 = PRESENTATION_STYLE_ASSIGNMENT((#11403));
#11403 = SURFACE_STYLE_USAGE(.BOTH.,#11404);
#11404 = SURFACE_SIDE_STYLE('',(#11405));
#11405 = SURFACE_STYLE_FILL_AREA(#11406);
#11406 = FILL_AREA_STYLE('',(#11407));
#11407 = FILL_AREA_STYLE_COLOUR('',#11386);
#11408 = STYLED_ITEM('color',(#11409),#2702);
#11409 = PRESENTATION_STYLE_ASSIGNMENT((#11410));
#11410 = SURFACE_STYLE_USAGE(.BOTH.,#11411);
#11411 = SURFACE_SIDE_STYLE('',(#11412));
#11412 = SURFACE_STYLE_FILL_AREA(#11413);
#11413 = FILL_AREA_STYLE('',(#11414));
#11414 = FILL_AREA_STYLE_COLOUR('',#11386);
#11415 = STYLED_ITEM('color',(#11416),#2726);
#11416 = PRESENTATION_STYLE_ASSIGNMENT((#11417));
#11417 = SURFACE_STYLE_USAGE(.BOTH.,#11418);
#11418 = SURFACE_SIDE_STYLE('',(#11419));
#11419 = SURFACE_STYLE_FILL_AREA(#11420);
#11420 = FILL_AREA_STYLE('',(#11421));
#11421 = FILL_AREA_STYLE_COLOUR('',#11386);
#11422 = STYLED_ITEM('color',(#11423),#2759);
#11423 = PRESENTATION_STYLE_ASSIGNMENT((#11424));
#11424 = SURFACE_STYLE_USAGE(.BOTH.,#11425);
#11425 = SURFACE_SIDE_STYLE('',(#11426));
#11426 = SURFACE_STYLE_FILL_AREA(#11427);
#11427 = FILL_AREA_STYLE('',(#11428));
#11428 = FILL_AREA_STYLE_COLOUR('',#11386);
#11429 = STYLED_ITEM('color',(#11430),#2815);
#11430 = PRESENTATION_STYLE_ASSIGNMENT((#11431));
#11431 = SURFACE_STYLE_USAGE(.BOTH.,#11432);
#11432 = SURFACE_SIDE_STYLE('',(#11433));
#11433 = SURFACE_STYLE_FILL_AREA(#11434);
#11434 = FILL_AREA_STYLE('',(#11435));
#11435 = FILL_AREA_STYLE_COLOUR('',#11386);
#11436 = STYLED_ITEM('color',(#11437),#3362);
#11437 = PRESENTATION_STYLE_ASSIGNMENT((#11438));
#11438 = SURFACE_STYLE_USAGE(.BOTH.,#11439);
#11439 = SURFACE_SIDE_STYLE('',(#11440));
#11440 = SURFACE_STYLE_FILL_AREA(#11441);
#11441 = FILL_AREA_STYLE('',(#11442));
#11442 = FILL_AREA_STYLE_COLOUR('',#11386);
#11443 = STYLED_ITEM('color',(#11444),#3443);
#11444 = PRESENTATION_STYLE_ASSIGNMENT((#11445));
#11445 = SURFACE_STYLE_USAGE(.BOTH.,#11446);
#11446 = SURFACE_SIDE_STYLE('',(#11447));
#11447 = SURFACE_STYLE_FILL_AREA(#11448);
#11448 = FILL_AREA_STYLE('',(#11449));
#11449 = FILL_AREA_STYLE_COLOUR('',#11386);
#11450 = STYLED_ITEM('color',(#11451),#3483);
#11451 = PRESENTATION_STYLE_ASSIGNMENT((#11452));
#11452 = SURFACE_STYLE_USAGE(.BOTH.,#11453);
#11453 = SURFACE_SIDE_STYLE('',(#11454));
#11454 = SURFACE_STYLE_FILL_AREA(#11455);
#11455 = FILL_AREA_STYLE('',(#11456));
#11456 = FILL_AREA_STYLE_COLOUR('',#11386);
#11457 = STYLED_ITEM('color',(#11458),#3507);
#11458 = PRESENTATION_STYLE_ASSIGNMENT((#11459));
#11459 = SURFACE_STYLE_USAGE(.BOTH.,#11460);
#11460 = SURFACE_SIDE_STYLE('',(#11461));
#11461 = SURFACE_STYLE_FILL_AREA(#11462);
#11462 = FILL_AREA_STYLE('',(#11463));
#11463 = FILL_AREA_STYLE_COLOUR('',#11386);
#11464 = STYLED_ITEM('color',(#11465),#3540);
#11465 = PRESENTATION_STYLE_ASSIGNMENT((#11466));
#11466 = SURFACE_STYLE_USAGE(.BOTH.,#11467);
#11467 = SURFACE_SIDE_STYLE('',(#11468));
#11468 = SURFACE_STYLE_FILL_AREA(#11469);
#11469 = FILL_AREA_STYLE('',(#11470));
#11470 = FILL_AREA_STYLE_COLOUR('',#11386);
#11471 = STYLED_ITEM('color',(#11472),#3564);
#11472 = PRESENTATION_STYLE_ASSIGNMENT((#11473));
#11473 = SURFACE_STYLE_USAGE(.BOTH.,#11474);
#11474 = SURFACE_SIDE_STYLE('',(#11475));
#11475 = SURFACE_STYLE_FILL_AREA(#11476);
#11476 = FILL_AREA_STYLE('',(#11477));
#11477 = FILL_AREA_STYLE_COLOUR('',#11386);
#11478 = STYLED_ITEM('color',(#11479),#3620);
#11479 = PRESENTATION_STYLE_ASSIGNMENT((#11480));
#11480 = SURFACE_STYLE_USAGE(.BOTH.,#11481);
#11481 = SURFACE_SIDE_STYLE('',(#11482));
#11482 = SURFACE_STYLE_FILL_AREA(#11483);
#11483 = FILL_AREA_STYLE('',(#11484));
#11484 = FILL_AREA_STYLE_COLOUR('',#11386);
#11485 = STYLED_ITEM('color',(#11486),#3644);
#11486 = PRESENTATION_STYLE_ASSIGNMENT((#11487));
#11487 = SURFACE_STYLE_USAGE(.BOTH.,#11488);
#11488 = SURFACE_SIDE_STYLE('',(#11489));
#11489 = SURFACE_STYLE_FILL_AREA(#11490);
#11490 = FILL_AREA_STYLE('',(#11491));
#11491 = FILL_AREA_STYLE_COLOUR('',#11386);
#11492 = STYLED_ITEM('color',(#11493),#3677);
#11493 = PRESENTATION_STYLE_ASSIGNMENT((#11494));
#11494 = SURFACE_STYLE_USAGE(.BOTH.,#11495);
#11495 = SURFACE_SIDE_STYLE('',(#11496));
#11496 = SURFACE_STYLE_FILL_AREA(#11497);
#11497 = FILL_AREA_STYLE('',(#11498));
#11498 = FILL_AREA_STYLE_COLOUR('',#11386);
#11499 = STYLED_ITEM('color',(#11500),#3694);
#11500 = PRESENTATION_STYLE_ASSIGNMENT((#11501));
#11501 = SURFACE_STYLE_USAGE(.BOTH.,#11502);
#11502 = SURFACE_SIDE_STYLE('',(#11503));
#11503 = SURFACE_STYLE_FILL_AREA(#11504);
#11504 = FILL_AREA_STYLE('',(#11505));
#11505 = FILL_AREA_STYLE_COLOUR('',#11386);
#11506 = STYLED_ITEM('color',(#11507),#4087);
#11507 = PRESENTATION_STYLE_ASSIGNMENT((#11508));
#11508 = SURFACE_STYLE_USAGE(.BOTH.,#11509);
#11509 = SURFACE_SIDE_STYLE('',(#11510));
#11510 = SURFACE_STYLE_FILL_AREA(#11511);
#11511 = FILL_AREA_STYLE('',(#11512));
#11512 = FILL_AREA_STYLE_COLOUR('',#11386);
#11513 = STYLED_ITEM('color',(#11514),#4099);
#11514 = PRESENTATION_STYLE_ASSIGNMENT((#11515));
#11515 = SURFACE_STYLE_USAGE(.BOTH.,#11516);
#11516 = SURFACE_SIDE_STYLE('',(#11517));
#11517 = SURFACE_STYLE_FILL_AREA(#11518);
#11518 = FILL_AREA_STYLE('',(#11519));
#11519 = FILL_AREA_STYLE_COLOUR('',#11386);
#11520 = STYLED_ITEM('color',(#11521),#4123);
#11521 = PRESENTATION_STYLE_ASSIGNMENT((#11522));
#11522 = SURFACE_STYLE_USAGE(.BOTH.,#11523);
#11523 = SURFACE_SIDE_STYLE('',(#11524));
#11524 = SURFACE_STYLE_FILL_AREA(#11525);
#11525 = FILL_AREA_STYLE('',(#11526));
#11526 = FILL_AREA_STYLE_COLOUR('',#11386);
#11527 = STYLED_ITEM('color',(#11528),#4140);
#11528 = PRESENTATION_STYLE_ASSIGNMENT((#11529));
#11529 = SURFACE_STYLE_USAGE(.BOTH.,#11530);
#11530 = SURFACE_SIDE_STYLE('',(#11531));
#11531 = SURFACE_STYLE_FILL_AREA(#11532);
#11532 = FILL_AREA_STYLE('',(#11533));
#11533 = FILL_AREA_STYLE_COLOUR('',#11386);
#11534 = STYLED_ITEM('color',(#11535),#4159);
#11535 = PRESENTATION_STYLE_ASSIGNMENT((#11536));
#11536 = SURFACE_STYLE_USAGE(.BOTH.,#11537);
#11537 = SURFACE_SIDE_STYLE('',(#11538));
#11538 = SURFACE_STYLE_FILL_AREA(#11539);
#11539 = FILL_AREA_STYLE('',(#11540));
#11540 = FILL_AREA_STYLE_COLOUR('',#11386);
#11541 = STYLED_ITEM('color',(#11542),#4171);
#11542 = PRESENTATION_STYLE_ASSIGNMENT((#11543));
#11543 = SURFACE_STYLE_USAGE(.BOTH.,#11544);
#11544 = SURFACE_SIDE_STYLE('',(#11545));
#11545 = SURFACE_STYLE_FILL_AREA(#11546);
#11546 = FILL_AREA_STYLE('',(#11547));
#11547 = FILL_AREA_STYLE_COLOUR('',#11386);
#11548 = STYLED_ITEM('color',(#11549),#4183);
#11549 = PRESENTATION_STYLE_ASSIGNMENT((#11550));
#11550 = SURFACE_STYLE_USAGE(.BOTH.,#11551);
#11551 = SURFACE_SIDE_STYLE('',(#11552));
#11552 = SURFACE_STYLE_FILL_AREA(#11553);
#11553 = FILL_AREA_STYLE('',(#11554));
#11554 = FILL_AREA_STYLE_COLOUR('',#11386);
#11555 = STYLED_ITEM('color',(#11556),#4211);
#11556 = PRESENTATION_STYLE_ASSIGNMENT((#11557));
#11557 = SURFACE_STYLE_USAGE(.BOTH.,#11558);
#11558 = SURFACE_SIDE_STYLE('',(#11559));
#11559 = SURFACE_STYLE_FILL_AREA(#11560);
#11560 = FILL_AREA_STYLE('',(#11561));
#11561 = FILL_AREA_STYLE_COLOUR('',#11386);
#11562 = STYLED_ITEM('color',(#11563),#4239);
#11563 = PRESENTATION_STYLE_ASSIGNMENT((#11564));
#11564 = SURFACE_STYLE_USAGE(.BOTH.,#11565);
#11565 = SURFACE_SIDE_STYLE('',(#11566));
#11566 = SURFACE_STYLE_FILL_AREA(#11567);
#11567 = FILL_AREA_STYLE('',(#11568));
#11568 = FILL_AREA_STYLE_COLOUR('',#11386);
#11569 = STYLED_ITEM('color',(#11570),#4267);
#11570 = PRESENTATION_STYLE_ASSIGNMENT((#11571));
#11571 = SURFACE_STYLE_USAGE(.BOTH.,#11572);
#11572 = SURFACE_SIDE_STYLE('',(#11573));
#11573 = SURFACE_STYLE_FILL_AREA(#11574);
#11574 = FILL_AREA_STYLE('',(#11575));
#11575 = FILL_AREA_STYLE_COLOUR('',#11576);
#11576 = COLOUR_RGB('',0.858823546443,0.737254912529,0.494117641438);
#11577 = STYLED_ITEM('color',(#11578),#4298);
#11578 = PRESENTATION_STYLE_ASSIGNMENT((#11579));
#11579 = SURFACE_STYLE_USAGE(.BOTH.,#11580);
#11580 = SURFACE_SIDE_STYLE('',(#11581));
#11581 = SURFACE_STYLE_FILL_AREA(#11582);
#11582 = FILL_AREA_STYLE('',(#11583));
#11583 = FILL_AREA_STYLE_COLOUR('',#11576);
#11584 = STYLED_ITEM('color',(#11585),#4322);
#11585 = PRESENTATION_STYLE_ASSIGNMENT((#11586));
#11586 = SURFACE_STYLE_USAGE(.BOTH.,#11587);
#11587 = SURFACE_SIDE_STYLE('',(#11588));
#11588 = SURFACE_STYLE_FILL_AREA(#11589);
#11589 = FILL_AREA_STYLE('',(#11590));
#11590 = FILL_AREA_STYLE_COLOUR('',#11576);
#11591 = STYLED_ITEM('color',(#11592),#4346);
#11592 = PRESENTATION_STYLE_ASSIGNMENT((#11593));
#11593 = SURFACE_STYLE_USAGE(.BOTH.,#11594);
#11594 = SURFACE_SIDE_STYLE('',(#11595));
#11595 = SURFACE_STYLE_FILL_AREA(#11596);
#11596 = FILL_AREA_STYLE('',(#11597));
#11597 = FILL_AREA_STYLE_COLOUR('',#11576);
#11598 = STYLED_ITEM('color',(#11599),#4363);
#11599 = PRESENTATION_STYLE_ASSIGNMENT((#11600));
#11600 = SURFACE_STYLE_USAGE(.BOTH.,#11601);
#11601 = SURFACE_SIDE_STYLE('',(#11602));
#11602 = SURFACE_STYLE_FILL_AREA(#11603);
#11603 = FILL_AREA_STYLE('',(#11604));
#11604 = FILL_AREA_STYLE_COLOUR('',#11386);
#11605 = STYLED_ITEM('color',(#11606),#4388);
#11606 = PRESENTATION_STYLE_ASSIGNMENT((#11607));
#11607 = SURFACE_STYLE_USAGE(.BOTH.,#11608);
#11608 = SURFACE_SIDE_STYLE('',(#11609));
#11609 = SURFACE_STYLE_FILL_AREA(#11610);
#11610 = FILL_AREA_STYLE('',(#11611));
#11611 = FILL_AREA_STYLE_COLOUR('',#11576);
#11612 = STYLED_ITEM('color',(#11613),#4419);
#11613 = PRESENTATION_STYLE_ASSIGNMENT((#11614));
#11614 = SURFACE_STYLE_USAGE(.BOTH.,#11615);
#11615 = SURFACE_SIDE_STYLE('',(#11616));
#11616 = SURFACE_STYLE_FILL_AREA(#11617);
#11617 = FILL_AREA_STYLE('',(#11618));
#11618 = FILL_AREA_STYLE_COLOUR('',#11576);
#11619 = STYLED_ITEM('color',(#11620),#4443);
#11620 = PRESENTATION_STYLE_ASSIGNMENT((#11621));
#11621 = SURFACE_STYLE_USAGE(.BOTH.,#11622);
#11622 = SURFACE_SIDE_STYLE('',(#11623));
#11623 = SURFACE_STYLE_FILL_AREA(#11624);
#11624 = FILL_AREA_STYLE('',(#11625));
#11625 = FILL_AREA_STYLE_COLOUR('',#11576);
#11626 = STYLED_ITEM('color',(#11627),#4467);
#11627 = PRESENTATION_STYLE_ASSIGNMENT((#11628));
#11628 = SURFACE_STYLE_USAGE(.BOTH.,#11629);
#11629 = SURFACE_SIDE_STYLE('',(#11630));
#11630 = SURFACE_STYLE_FILL_AREA(#11631);
#11631 = FILL_AREA_STYLE('',(#11632));
#11632 = FILL_AREA_STYLE_COLOUR('',#11576);
#11633 = STYLED_ITEM('color',(#11634),#4484);
#11634 = PRESENTATION_STYLE_ASSIGNMENT((#11635));
#11635 = SURFACE_STYLE_USAGE(.BOTH.,#11636);
#11636 = SURFACE_SIDE_STYLE('',(#11637));
#11637 = SURFACE_STYLE_FILL_AREA(#11638);
#11638 = FILL_AREA_STYLE('',(#11639));
#11639 = FILL_AREA_STYLE_COLOUR('',#11576);
#11640 = STYLED_ITEM('color',(#11641),#4515);
#11641 = PRESENTATION_STYLE_ASSIGNMENT((#11642));
#11642 = SURFACE_STYLE_USAGE(.BOTH.,#11643);
#11643 = SURFACE_SIDE_STYLE('',(#11644));
#11644 = SURFACE_STYLE_FILL_AREA(#11645);
#11645 = FILL_AREA_STYLE('',(#11646));
#11646 = FILL_AREA_STYLE_COLOUR('',#11576);
#11647 = STYLED_ITEM('color',(#11648),#4539);
#11648 = PRESENTATION_STYLE_ASSIGNMENT((#11649));
#11649 = SURFACE_STYLE_USAGE(.BOTH.,#11650);
#11650 = SURFACE_SIDE_STYLE('',(#11651));
#11651 = SURFACE_STYLE_FILL_AREA(#11652);
#11652 = FILL_AREA_STYLE('',(#11653));
#11653 = FILL_AREA_STYLE_COLOUR('',#11576);
#11654 = STYLED_ITEM('color',(#11655),#4563);
#11655 = PRESENTATION_STYLE_ASSIGNMENT((#11656));
#11656 = SURFACE_STYLE_USAGE(.BOTH.,#11657);
#11657 = SURFACE_SIDE_STYLE('',(#11658));
#11658 = SURFACE_STYLE_FILL_AREA(#11659);
#11659 = FILL_AREA_STYLE('',(#11660));
#11660 = FILL_AREA_STYLE_COLOUR('',#11576);
#11661 = STYLED_ITEM('color',(#11662),#4580);
#11662 = PRESENTATION_STYLE_ASSIGNMENT((#11663));
#11663 = SURFACE_STYLE_USAGE(.BOTH.,#11664);
#11664 = SURFACE_SIDE_STYLE('',(#11665));
#11665 = SURFACE_STYLE_FILL_AREA(#11666);
#11666 = FILL_AREA_STYLE('',(#11667));
#11667 = FILL_AREA_STYLE_COLOUR('',#11576);
#11668 = STYLED_ITEM('color',(#11669),#4611);
#11669 = PRESENTATION_STYLE_ASSIGNMENT((#11670));
#11670 = SURFACE_STYLE_USAGE(.BOTH.,#11671);
#11671 = SURFACE_SIDE_STYLE('',(#11672));
#11672 = SURFACE_STYLE_FILL_AREA(#11673);
#11673 = FILL_AREA_STYLE('',(#11674));
#11674 = FILL_AREA_STYLE_COLOUR('',#11576);
#11675 = STYLED_ITEM('color',(#11676),#4635);
#11676 = PRESENTATION_STYLE_ASSIGNMENT((#11677));
#11677 = SURFACE_STYLE_USAGE(.BOTH.,#11678);
#11678 = SURFACE_SIDE_STYLE('',(#11679));
#11679 = SURFACE_STYLE_FILL_AREA(#11680);
#11680 = FILL_AREA_STYLE('',(#11681));
#11681 = FILL_AREA_STYLE_COLOUR('',#11576);
#11682 = STYLED_ITEM('color',(#11683),#4659);
#11683 = PRESENTATION_STYLE_ASSIGNMENT((#11684));
#11684 = SURFACE_STYLE_USAGE(.BOTH.,#11685);
#11685 = SURFACE_SIDE_STYLE('',(#11686));
#11686 = SURFACE_STYLE_FILL_AREA(#11687);
#11687 = FILL_AREA_STYLE('',(#11688));
#11688 = FILL_AREA_STYLE_COLOUR('',#11576);
#11689 = STYLED_ITEM('color',(#11690),#4676);
#11690 = PRESENTATION_STYLE_ASSIGNMENT((#11691));
#11691 = SURFACE_STYLE_USAGE(.BOTH.,#11692);
#11692 = SURFACE_SIDE_STYLE('',(#11693));
#11693 = SURFACE_STYLE_FILL_AREA(#11694);
#11694 = FILL_AREA_STYLE('',(#11695));
#11695 = FILL_AREA_STYLE_COLOUR('',#11576);
#11696 = STYLED_ITEM('color',(#11697),#4707);
#11697 = PRESENTATION_STYLE_ASSIGNMENT((#11698));
#11698 = SURFACE_STYLE_USAGE(.BOTH.,#11699);
#11699 = SURFACE_SIDE_STYLE('',(#11700));
#11700 = SURFACE_STYLE_FILL_AREA(#11701);
#11701 = FILL_AREA_STYLE('',(#11702));
#11702 = FILL_AREA_STYLE_COLOUR('',#11576);
#11703 = STYLED_ITEM('color',(#11704),#4731);
#11704 = PRESENTATION_STYLE_ASSIGNMENT((#11705));
#11705 = SURFACE_STYLE_USAGE(.BOTH.,#11706);
#11706 = SURFACE_SIDE_STYLE('',(#11707));
#11707 = SURFACE_STYLE_FILL_AREA(#11708);
#11708 = FILL_AREA_STYLE('',(#11709));
#11709 = FILL_AREA_STYLE_COLOUR('',#11576);
#11710 = STYLED_ITEM('color',(#11711),#4755);
#11711 = PRESENTATION_STYLE_ASSIGNMENT((#11712));
#11712 = SURFACE_STYLE_USAGE(.BOTH.,#11713);
#11713 = SURFACE_SIDE_STYLE('',(#11714));
#11714 = SURFACE_STYLE_FILL_AREA(#11715);
#11715 = FILL_AREA_STYLE('',(#11716));
#11716 = FILL_AREA_STYLE_COLOUR('',#11576);
#11717 = STYLED_ITEM('color',(#11718),#4772);
#11718 = PRESENTATION_STYLE_ASSIGNMENT((#11719));
#11719 = SURFACE_STYLE_USAGE(.BOTH.,#11720);
#11720 = SURFACE_SIDE_STYLE('',(#11721));
#11721 = SURFACE_STYLE_FILL_AREA(#11722);
#11722 = FILL_AREA_STYLE('',(#11723));
#11723 = FILL_AREA_STYLE_COLOUR('',#11576);
#11724 = STYLED_ITEM('color',(#11725),#4803);
#11725 = PRESENTATION_STYLE_ASSIGNMENT((#11726));
#11726 = SURFACE_STYLE_USAGE(.BOTH.,#11727);
#11727 = SURFACE_SIDE_STYLE('',(#11728));
#11728 = SURFACE_STYLE_FILL_AREA(#11729);
#11729 = FILL_AREA_STYLE('',(#11730));
#11730 = FILL_AREA_STYLE_COLOUR('',#11576);
#11731 = STYLED_ITEM('color',(#11732),#4827);
#11732 = PRESENTATION_STYLE_ASSIGNMENT((#11733));
#11733 = SURFACE_STYLE_USAGE(.BOTH.,#11734);
#11734 = SURFACE_SIDE_STYLE('',(#11735));
#11735 = SURFACE_STYLE_FILL_AREA(#11736);
#11736 = FILL_AREA_STYLE('',(#11737));
#11737 = FILL_AREA_STYLE_COLOUR('',#11576);
#11738 = STYLED_ITEM('color',(#11739),#4851);
#11739 = PRESENTATION_STYLE_ASSIGNMENT((#11740));
#11740 = SURFACE_STYLE_USAGE(.BOTH.,#11741);
#11741 = SURFACE_SIDE_STYLE('',(#11742));
#11742 = SURFACE_STYLE_FILL_AREA(#11743);
#11743 = FILL_AREA_STYLE('',(#11744));
#11744 = FILL_AREA_STYLE_COLOUR('',#11576);
#11745 = STYLED_ITEM('color',(#11746),#4868);
#11746 = PRESENTATION_STYLE_ASSIGNMENT((#11747));
#11747 = SURFACE_STYLE_USAGE(.BOTH.,#11748);
#11748 = SURFACE_SIDE_STYLE('',(#11749));
#11749 = SURFACE_STYLE_FILL_AREA(#11750);
#11750 = FILL_AREA_STYLE('',(#11751));
#11751 = FILL_AREA_STYLE_COLOUR('',#11386);
#11752 = STYLED_ITEM('color',(#11753),#4893);
#11753 = PRESENTATION_STYLE_ASSIGNMENT((#11754));
#11754 = SURFACE_STYLE_USAGE(.BOTH.,#11755);
#11755 = SURFACE_SIDE_STYLE('',(#11756));
#11756 = SURFACE_STYLE_FILL_AREA(#11757);
#11757 = FILL_AREA_STYLE('',(#11758));
#11758 = FILL_AREA_STYLE_COLOUR('',#11386);
#11759 = STYLED_ITEM('color',(#11760),#4918);
#11760 = PRESENTATION_STYLE_ASSIGNMENT((#11761));
#11761 = SURFACE_STYLE_USAGE(.BOTH.,#11762);
#11762 = SURFACE_SIDE_STYLE('',(#11763));
#11763 = SURFACE_STYLE_FILL_AREA(#11764);
#11764 = FILL_AREA_STYLE('',(#11765));
#11765 = FILL_AREA_STYLE_COLOUR('',#11576);
#11766 = STYLED_ITEM('color',(#11767),#4949);
#11767 = PRESENTATION_STYLE_ASSIGNMENT((#11768));
#11768 = SURFACE_STYLE_USAGE(.BOTH.,#11769);
#11769 = SURFACE_SIDE_STYLE('',(#11770));
#11770 = SURFACE_STYLE_FILL_AREA(#11771);
#11771 = FILL_AREA_STYLE('',(#11772));
#11772 = FILL_AREA_STYLE_COLOUR('',#11576);
#11773 = STYLED_ITEM('color',(#11774),#4973);
#11774 = PRESENTATION_STYLE_ASSIGNMENT((#11775));
#11775 = SURFACE_STYLE_USAGE(.BOTH.,#11776);
#11776 = SURFACE_SIDE_STYLE('',(#11777));
#11777 = SURFACE_STYLE_FILL_AREA(#11778);
#11778 = FILL_AREA_STYLE('',(#11779));
#11779 = FILL_AREA_STYLE_COLOUR('',#11576);
#11780 = STYLED_ITEM('color',(#11781),#4997);
#11781 = PRESENTATION_STYLE_ASSIGNMENT((#11782));
#11782 = SURFACE_STYLE_USAGE(.BOTH.,#11783);
#11783 = SURFACE_SIDE_STYLE('',(#11784));
#11784 = SURFACE_STYLE_FILL_AREA(#11785);
#11785 = FILL_AREA_STYLE('',(#11786));
#11786 = FILL_AREA_STYLE_COLOUR('',#11576);
#11787 = STYLED_ITEM('color',(#11788),#5014);
#11788 = PRESENTATION_STYLE_ASSIGNMENT((#11789));
#11789 = SURFACE_STYLE_USAGE(.BOTH.,#11790);
#11790 = SURFACE_SIDE_STYLE('',(#11791));
#11791 = SURFACE_STYLE_FILL_AREA(#11792);
#11792 = FILL_AREA_STYLE('',(#11793));
#11793 = FILL_AREA_STYLE_COLOUR('',#11576);
#11794 = STYLED_ITEM('color',(#11795),#5045);
#11795 = PRESENTATION_STYLE_ASSIGNMENT((#11796));
#11796 = SURFACE_STYLE_USAGE(.BOTH.,#11797);
#11797 = SURFACE_SIDE_STYLE('',(#11798));
#11798 = SURFACE_STYLE_FILL_AREA(#11799);
#11799 = FILL_AREA_STYLE('',(#11800));
#11800 = FILL_AREA_STYLE_COLOUR('',#11576);
#11801 = STYLED_ITEM('color',(#11802),#5069);
#11802 = PRESENTATION_STYLE_ASSIGNMENT((#11803));
#11803 = SURFACE_STYLE_USAGE(.BOTH.,#11804);
#11804 = SURFACE_SIDE_STYLE('',(#11805));
#11805 = SURFACE_STYLE_FILL_AREA(#11806);
#11806 = FILL_AREA_STYLE('',(#11807));
#11807 = FILL_AREA_STYLE_COLOUR('',#11576);
#11808 = STYLED_ITEM('color',(#11809),#5093);
#11809 = PRESENTATION_STYLE_ASSIGNMENT((#11810));
#11810 = SURFACE_STYLE_USAGE(.BOTH.,#11811);
#11811 = SURFACE_SIDE_STYLE('',(#11812));
#11812 = SURFACE_STYLE_FILL_AREA(#11813);
#11813 = FILL_AREA_STYLE('',(#11814));
#11814 = FILL_AREA_STYLE_COLOUR('',#11576);
#11815 = STYLED_ITEM('color',(#11816),#5110);
#11816 = PRESENTATION_STYLE_ASSIGNMENT((#11817));
#11817 = SURFACE_STYLE_USAGE(.BOTH.,#11818);
#11818 = SURFACE_SIDE_STYLE('',(#11819));
#11819 = SURFACE_STYLE_FILL_AREA(#11820);
#11820 = FILL_AREA_STYLE('',(#11821));
#11821 = FILL_AREA_STYLE_COLOUR('',#11576);
#11822 = STYLED_ITEM('color',(#11823),#5141);
#11823 = PRESENTATION_STYLE_ASSIGNMENT((#11824));
#11824 = SURFACE_STYLE_USAGE(.BOTH.,#11825);
#11825 = SURFACE_SIDE_STYLE('',(#11826));
#11826 = SURFACE_STYLE_FILL_AREA(#11827);
#11827 = FILL_AREA_STYLE('',(#11828));
#11828 = FILL_AREA_STYLE_COLOUR('',#11576);
#11829 = STYLED_ITEM('color',(#11830),#5165);
#11830 = PRESENTATION_STYLE_ASSIGNMENT((#11831));
#11831 = SURFACE_STYLE_USAGE(.BOTH.,#11832);
#11832 = SURFACE_SIDE_STYLE('',(#11833));
#11833 = SURFACE_STYLE_FILL_AREA(#11834);
#11834 = FILL_AREA_STYLE('',(#11835));
#11835 = FILL_AREA_STYLE_COLOUR('',#11576);
#11836 = STYLED_ITEM('color',(#11837),#5189);
#11837 = PRESENTATION_STYLE_ASSIGNMENT((#11838));
#11838 = SURFACE_STYLE_USAGE(.BOTH.,#11839);
#11839 = SURFACE_SIDE_STYLE('',(#11840));
#11840 = SURFACE_STYLE_FILL_AREA(#11841);
#11841 = FILL_AREA_STYLE('',(#11842));
#11842 = FILL_AREA_STYLE_COLOUR('',#11576);
#11843 = STYLED_ITEM('color',(#11844),#5206);
#11844 = PRESENTATION_STYLE_ASSIGNMENT((#11845));
#11845 = SURFACE_STYLE_USAGE(.BOTH.,#11846);
#11846 = SURFACE_SIDE_STYLE('',(#11847));
#11847 = SURFACE_STYLE_FILL_AREA(#11848);
#11848 = FILL_AREA_STYLE('',(#11849));
#11849 = FILL_AREA_STYLE_COLOUR('',#11576);
#11850 = STYLED_ITEM('color',(#11851),#5237);
#11851 = PRESENTATION_STYLE_ASSIGNMENT((#11852));
#11852 = SURFACE_STYLE_USAGE(.BOTH.,#11853);
#11853 = SURFACE_SIDE_STYLE('',(#11854));
#11854 = SURFACE_STYLE_FILL_AREA(#11855);
#11855 = FILL_AREA_STYLE('',(#11856));
#11856 = FILL_AREA_STYLE_COLOUR('',#11576);
#11857 = STYLED_ITEM('color',(#11858),#5261);
#11858 = PRESENTATION_STYLE_ASSIGNMENT((#11859));
#11859 = SURFACE_STYLE_USAGE(.BOTH.,#11860);
#11860 = SURFACE_SIDE_STYLE('',(#11861));
#11861 = SURFACE_STYLE_FILL_AREA(#11862);
#11862 = FILL_AREA_STYLE('',(#11863));
#11863 = FILL_AREA_STYLE_COLOUR('',#11576);
#11864 = STYLED_ITEM('color',(#11865),#5285);
#11865 = PRESENTATION_STYLE_ASSIGNMENT((#11866));
#11866 = SURFACE_STYLE_USAGE(.BOTH.,#11867);
#11867 = SURFACE_SIDE_STYLE('',(#11868));
#11868 = SURFACE_STYLE_FILL_AREA(#11869);
#11869 = FILL_AREA_STYLE('',(#11870));
#11870 = FILL_AREA_STYLE_COLOUR('',#11576);
#11871 = STYLED_ITEM('color',(#11872),#5302);
#11872 = PRESENTATION_STYLE_ASSIGNMENT((#11873));
#11873 = SURFACE_STYLE_USAGE(.BOTH.,#11874);
#11874 = SURFACE_SIDE_STYLE('',(#11875));
#11875 = SURFACE_STYLE_FILL_AREA(#11876);
#11876 = FILL_AREA_STYLE('',(#11877));
#11877 = FILL_AREA_STYLE_COLOUR('',#11386);
#11878 = STYLED_ITEM('color',(#11879),#5327);
#11879 = PRESENTATION_STYLE_ASSIGNMENT((#11880));
#11880 = SURFACE_STYLE_USAGE(.BOTH.,#11881);
#11881 = SURFACE_SIDE_STYLE('',(#11882));
#11882 = SURFACE_STYLE_FILL_AREA(#11883);
#11883 = FILL_AREA_STYLE('',(#11884));
#11884 = FILL_AREA_STYLE_COLOUR('',#11386);
#11885 = STYLED_ITEM('color',(#11886),#5352);
#11886 = PRESENTATION_STYLE_ASSIGNMENT((#11887));
#11887 = SURFACE_STYLE_USAGE(.BOTH.,#11888);
#11888 = SURFACE_SIDE_STYLE('',(#11889));
#11889 = SURFACE_STYLE_FILL_AREA(#11890);
#11890 = FILL_AREA_STYLE('',(#11891));
#11891 = FILL_AREA_STYLE_COLOUR('',#11386);
#11892 = STYLED_ITEM('color',(#11893),#5377);
#11893 = PRESENTATION_STYLE_ASSIGNMENT((#11894));
#11894 = SURFACE_STYLE_USAGE(.BOTH.,#11895);
#11895 = SURFACE_SIDE_STYLE('',(#11896));
#11896 = SURFACE_STYLE_FILL_AREA(#11897);
#11897 = FILL_AREA_STYLE('',(#11898));
#11898 = FILL_AREA_STYLE_COLOUR('',#11386);
#11899 = STYLED_ITEM('color',(#11900),#5388);
#11900 = PRESENTATION_STYLE_ASSIGNMENT((#11901));
#11901 = SURFACE_STYLE_USAGE(.BOTH.,#11902);
#11902 = SURFACE_SIDE_STYLE('',(#11903));
#11903 = SURFACE_STYLE_FILL_AREA(#11904);
#11904 = FILL_AREA_STYLE('',(#11905));
#11905 = FILL_AREA_STYLE_COLOUR('',#11386);
#11906 = STYLED_ITEM('color',(#11907),#5399);
#11907 = PRESENTATION_STYLE_ASSIGNMENT((#11908));
#11908 = SURFACE_STYLE_USAGE(.BOTH.,#11909);
#11909 = SURFACE_SIDE_STYLE('',(#11910));
#11910 = SURFACE_STYLE_FILL_AREA(#11911);
#11911 = FILL_AREA_STYLE('',(#11912));
#11912 = FILL_AREA_STYLE_COLOUR('',#11386);
#11913 = STYLED_ITEM('color',(#11914),#5410);
#11914 = PRESENTATION_STYLE_ASSIGNMENT((#11915));
#11915 = SURFACE_STYLE_USAGE(.BOTH.,#11916);
#11916 = SURFACE_SIDE_STYLE('',(#11917));
#11917 = SURFACE_STYLE_FILL_AREA(#11918);
#11918 = FILL_AREA_STYLE('',(#11919));
#11919 = FILL_AREA_STYLE_COLOUR('',#11576);
#11920 = STYLED_ITEM('color',(#11921),#5441);
#11921 = PRESENTATION_STYLE_ASSIGNMENT((#11922));
#11922 = SURFACE_STYLE_USAGE(.BOTH.,#11923);
#11923 = SURFACE_SIDE_STYLE('',(#11924));
#11924 = SURFACE_STYLE_FILL_AREA(#11925);
#11925 = FILL_AREA_STYLE('',(#11926));
#11926 = FILL_AREA_STYLE_COLOUR('',#11576);
#11927 = STYLED_ITEM('color',(#11928),#5465);
#11928 = PRESENTATION_STYLE_ASSIGNMENT((#11929));
#11929 = SURFACE_STYLE_USAGE(.BOTH.,#11930);
#11930 = SURFACE_SIDE_STYLE('',(#11931));
#11931 = SURFACE_STYLE_FILL_AREA(#11932);
#11932 = FILL_AREA_STYLE('',(#11933));
#11933 = FILL_AREA_STYLE_COLOUR('',#11576);
#11934 = STYLED_ITEM('color',(#11935),#5489);
#11935 = PRESENTATION_STYLE_ASSIGNMENT((#11936));
#11936 = SURFACE_STYLE_USAGE(.BOTH.,#11937);
#11937 = SURFACE_SIDE_STYLE('',(#11938));
#11938 = SURFACE_STYLE_FILL_AREA(#11939);
#11939 = FILL_AREA_STYLE('',(#11940));
#11940 = FILL_AREA_STYLE_COLOUR('',#11576);
#11941 = STYLED_ITEM('color',(#11942),#5506);
#11942 = PRESENTATION_STYLE_ASSIGNMENT((#11943));
#11943 = SURFACE_STYLE_USAGE(.BOTH.,#11944);
#11944 = SURFACE_SIDE_STYLE('',(#11945));
#11945 = SURFACE_STYLE_FILL_AREA(#11946);
#11946 = FILL_AREA_STYLE('',(#11947));
#11947 = FILL_AREA_STYLE_COLOUR('',#11576);
#11948 = STYLED_ITEM('color',(#11949),#5537);
#11949 = PRESENTATION_STYLE_ASSIGNMENT((#11950));
#11950 = SURFACE_STYLE_USAGE(.BOTH.,#11951);
#11951 = SURFACE_SIDE_STYLE('',(#11952));
#11952 = SURFACE_STYLE_FILL_AREA(#11953);
#11953 = FILL_AREA_STYLE('',(#11954));
#11954 = FILL_AREA_STYLE_COLOUR('',#11576);
#11955 = STYLED_ITEM('color',(#11956),#5561);
#11956 = PRESENTATION_STYLE_ASSIGNMENT((#11957));
#11957 = SURFACE_STYLE_USAGE(.BOTH.,#11958);
#11958 = SURFACE_SIDE_STYLE('',(#11959));
#11959 = SURFACE_STYLE_FILL_AREA(#11960);
#11960 = FILL_AREA_STYLE('',(#11961));
#11961 = FILL_AREA_STYLE_COLOUR('',#11576);
#11962 = STYLED_ITEM('color',(#11963),#5585);
#11963 = PRESENTATION_STYLE_ASSIGNMENT((#11964));
#11964 = SURFACE_STYLE_USAGE(.BOTH.,#11965);
#11965 = SURFACE_SIDE_STYLE('',(#11966));
#11966 = SURFACE_STYLE_FILL_AREA(#11967);
#11967 = FILL_AREA_STYLE('',(#11968));
#11968 = FILL_AREA_STYLE_COLOUR('',#11576);
#11969 = STYLED_ITEM('color',(#11970),#5602);
#11970 = PRESENTATION_STYLE_ASSIGNMENT((#11971));
#11971 = SURFACE_STYLE_USAGE(.BOTH.,#11972);
#11972 = SURFACE_SIDE_STYLE('',(#11973));
#11973 = SURFACE_STYLE_FILL_AREA(#11974);
#11974 = FILL_AREA_STYLE('',(#11975));
#11975 = FILL_AREA_STYLE_COLOUR('',#11576);
#11976 = STYLED_ITEM('color',(#11977),#5633);
#11977 = PRESENTATION_STYLE_ASSIGNMENT((#11978));
#11978 = SURFACE_STYLE_USAGE(.BOTH.,#11979);
#11979 = SURFACE_SIDE_STYLE('',(#11980));
#11980 = SURFACE_STYLE_FILL_AREA(#11981);
#11981 = FILL_AREA_STYLE('',(#11982));
#11982 = FILL_AREA_STYLE_COLOUR('',#11576);
#11983 = STYLED_ITEM('color',(#11984),#5657);
#11984 = PRESENTATION_STYLE_ASSIGNMENT((#11985));
#11985 = SURFACE_STYLE_USAGE(.BOTH.,#11986);
#11986 = SURFACE_SIDE_STYLE('',(#11987));
#11987 = SURFACE_STYLE_FILL_AREA(#11988);
#11988 = FILL_AREA_STYLE('',(#11989));
#11989 = FILL_AREA_STYLE_COLOUR('',#11576);
#11990 = STYLED_ITEM('color',(#11991),#5681);
#11991 = PRESENTATION_STYLE_ASSIGNMENT((#11992));
#11992 = SURFACE_STYLE_USAGE(.BOTH.,#11993);
#11993 = SURFACE_SIDE_STYLE('',(#11994));
#11994 = SURFACE_STYLE_FILL_AREA(#11995);
#11995 = FILL_AREA_STYLE('',(#11996));
#11996 = FILL_AREA_STYLE_COLOUR('',#11576);
#11997 = STYLED_ITEM('color',(#11998),#5698);
#11998 = PRESENTATION_STYLE_ASSIGNMENT((#11999));
#11999 = SURFACE_STYLE_USAGE(.BOTH.,#12000);
#12000 = SURFACE_SIDE_STYLE('',(#12001));
#12001 = SURFACE_STYLE_FILL_AREA(#12002);
#12002 = FILL_AREA_STYLE('',(#12003));
#12003 = FILL_AREA_STYLE_COLOUR('',#11576);
#12004 = STYLED_ITEM('color',(#12005),#5729);
#12005 = PRESENTATION_STYLE_ASSIGNMENT((#12006));
#12006 = SURFACE_STYLE_USAGE(.BOTH.,#12007);
#12007 = SURFACE_SIDE_STYLE('',(#12008));
#12008 = SURFACE_STYLE_FILL_AREA(#12009);
#12009 = FILL_AREA_STYLE('',(#12010));
#12010 = FILL_AREA_STYLE_COLOUR('',#11576);
#12011 = STYLED_ITEM('color',(#12012),#5753);
#12012 = PRESENTATION_STYLE_ASSIGNMENT((#12013));
#12013 = SURFACE_STYLE_USAGE(.BOTH.,#12014);
#12014 = SURFACE_SIDE_STYLE('',(#12015));
#12015 = SURFACE_STYLE_FILL_AREA(#12016);
#12016 = FILL_AREA_STYLE('',(#12017));
#12017 = FILL_AREA_STYLE_COLOUR('',#11576);
#12018 = STYLED_ITEM('color',(#12019),#5777);
#12019 = PRESENTATION_STYLE_ASSIGNMENT((#12020));
#12020 = SURFACE_STYLE_USAGE(.BOTH.,#12021);
#12021 = SURFACE_SIDE_STYLE('',(#12022));
#12022 = SURFACE_STYLE_FILL_AREA(#12023);
#12023 = FILL_AREA_STYLE('',(#12024));
#12024 = FILL_AREA_STYLE_COLOUR('',#11576);
#12025 = STYLED_ITEM('color',(#12026),#5794);
#12026 = PRESENTATION_STYLE_ASSIGNMENT((#12027));
#12027 = SURFACE_STYLE_USAGE(.BOTH.,#12028);
#12028 = SURFACE_SIDE_STYLE('',(#12029));
#12029 = SURFACE_STYLE_FILL_AREA(#12030);
#12030 = FILL_AREA_STYLE('',(#12031));
#12031 = FILL_AREA_STYLE_COLOUR('',#11576);
#12032 = STYLED_ITEM('color',(#12033),#5825);
#12033 = PRESENTATION_STYLE_ASSIGNMENT((#12034));
#12034 = SURFACE_STYLE_USAGE(.BOTH.,#12035);
#12035 = SURFACE_SIDE_STYLE('',(#12036));
#12036 = SURFACE_STYLE_FILL_AREA(#12037);
#12037 = FILL_AREA_STYLE('',(#12038));
#12038 = FILL_AREA_STYLE_COLOUR('',#11576);
#12039 = STYLED_ITEM('color',(#12040),#5849);
#12040 = PRESENTATION_STYLE_ASSIGNMENT((#12041));
#12041 = SURFACE_STYLE_USAGE(.BOTH.,#12042);
#12042 = SURFACE_SIDE_STYLE('',(#12043));
#12043 = SURFACE_STYLE_FILL_AREA(#12044);
#12044 = FILL_AREA_STYLE('',(#12045));
#12045 = FILL_AREA_STYLE_COLOUR('',#11576);
#12046 = STYLED_ITEM('color',(#12047),#5873);
#12047 = PRESENTATION_STYLE_ASSIGNMENT((#12048));
#12048 = SURFACE_STYLE_USAGE(.BOTH.,#12049);
#12049 = SURFACE_SIDE_STYLE('',(#12050));
#12050 = SURFACE_STYLE_FILL_AREA(#12051);
#12051 = FILL_AREA_STYLE('',(#12052));
#12052 = FILL_AREA_STYLE_COLOUR('',#11576);
#12053 = STYLED_ITEM('color',(#12054),#5890);
#12054 = PRESENTATION_STYLE_ASSIGNMENT((#12055));
#12055 = SURFACE_STYLE_USAGE(.BOTH.,#12056);
#12056 = SURFACE_SIDE_STYLE('',(#12057));
#12057 = SURFACE_STYLE_FILL_AREA(#12058);
#12058 = FILL_AREA_STYLE('',(#12059));
#12059 = FILL_AREA_STYLE_COLOUR('',#11576);
#12060 = STYLED_ITEM('color',(#12061),#5921);
#12061 = PRESENTATION_STYLE_ASSIGNMENT((#12062));
#12062 = SURFACE_STYLE_USAGE(.BOTH.,#12063);
#12063 = SURFACE_SIDE_STYLE('',(#12064));
#12064 = SURFACE_STYLE_FILL_AREA(#12065);
#12065 = FILL_AREA_STYLE('',(#12066));
#12066 = FILL_AREA_STYLE_COLOUR('',#11576);
#12067 = STYLED_ITEM('color',(#12068),#5945);
#12068 = PRESENTATION_STYLE_ASSIGNMENT((#12069));
#12069 = SURFACE_STYLE_USAGE(.BOTH.,#12070);
#12070 = SURFACE_SIDE_STYLE('',(#12071));
#12071 = SURFACE_STYLE_FILL_AREA(#12072);
#12072 = FILL_AREA_STYLE('',(#12073));
#12073 = FILL_AREA_STYLE_COLOUR('',#11576);
#12074 = STYLED_ITEM('color',(#12075),#5969);
#12075 = PRESENTATION_STYLE_ASSIGNMENT((#12076));
#12076 = SURFACE_STYLE_USAGE(.BOTH.,#12077);
#12077 = SURFACE_SIDE_STYLE('',(#12078));
#12078 = SURFACE_STYLE_FILL_AREA(#12079);
#12079 = FILL_AREA_STYLE('',(#12080));
#12080 = FILL_AREA_STYLE_COLOUR('',#11576);
#12081 = STYLED_ITEM('color',(#12082),#5986);
#12082 = PRESENTATION_STYLE_ASSIGNMENT((#12083));
#12083 = SURFACE_STYLE_USAGE(.BOTH.,#12084);
#12084 = SURFACE_SIDE_STYLE('',(#12085));
#12085 = SURFACE_STYLE_FILL_AREA(#12086);
#12086 = FILL_AREA_STYLE('',(#12087));
#12087 = FILL_AREA_STYLE_COLOUR('',#11576);
#12088 = STYLED_ITEM('color',(#12089),#6017);
#12089 = PRESENTATION_STYLE_ASSIGNMENT((#12090));
#12090 = SURFACE_STYLE_USAGE(.BOTH.,#12091);
#12091 = SURFACE_SIDE_STYLE('',(#12092));
#12092 = SURFACE_STYLE_FILL_AREA(#12093);
#12093 = FILL_AREA_STYLE('',(#12094));
#12094 = FILL_AREA_STYLE_COLOUR('',#11576);
#12095 = STYLED_ITEM('color',(#12096),#6041);
#12096 = PRESENTATION_STYLE_ASSIGNMENT((#12097));
#12097 = SURFACE_STYLE_USAGE(.BOTH.,#12098);
#12098 = SURFACE_SIDE_STYLE('',(#12099));
#12099 = SURFACE_STYLE_FILL_AREA(#12100);
#12100 = FILL_AREA_STYLE('',(#12101));
#12101 = FILL_AREA_STYLE_COLOUR('',#11576);
#12102 = STYLED_ITEM('color',(#12103),#6065);
#12103 = PRESENTATION_STYLE_ASSIGNMENT((#12104));
#12104 = SURFACE_STYLE_USAGE(.BOTH.,#12105);
#12105 = SURFACE_SIDE_STYLE('',(#12106));
#12106 = SURFACE_STYLE_FILL_AREA(#12107);
#12107 = FILL_AREA_STYLE('',(#12108));
#12108 = FILL_AREA_STYLE_COLOUR('',#11576);
#12109 = STYLED_ITEM('color',(#12110),#6082);
#12110 = PRESENTATION_STYLE_ASSIGNMENT((#12111));
#12111 = SURFACE_STYLE_USAGE(.BOTH.,#12112);
#12112 = SURFACE_SIDE_STYLE('',(#12113));
#12113 = SURFACE_STYLE_FILL_AREA(#12114);
#12114 = FILL_AREA_STYLE('',(#12115));
#12115 = FILL_AREA_STYLE_COLOUR('',#11576);
#12116 = STYLED_ITEM('color',(#12117),#6113);
#12117 = PRESENTATION_STYLE_ASSIGNMENT((#12118));
#12118 = SURFACE_STYLE_USAGE(.BOTH.,#12119);
#12119 = SURFACE_SIDE_STYLE('',(#12120));
#12120 = SURFACE_STYLE_FILL_AREA(#12121);
#12121 = FILL_AREA_STYLE('',(#12122));
#12122 = FILL_AREA_STYLE_COLOUR('',#11576);
#12123 = STYLED_ITEM('color',(#12124),#6137);
#12124 = PRESENTATION_STYLE_ASSIGNMENT((#12125));
#12125 = SURFACE_STYLE_USAGE(.BOTH.,#12126);
#12126 = SURFACE_SIDE_STYLE('',(#12127));
#12127 = SURFACE_STYLE_FILL_AREA(#12128);
#12128 = FILL_AREA_STYLE('',(#12129));
#12129 = FILL_AREA_STYLE_COLOUR('',#11576);
#12130 = STYLED_ITEM('color',(#12131),#6161);
#12131 = PRESENTATION_STYLE_ASSIGNMENT((#12132));
#12132 = SURFACE_STYLE_USAGE(.BOTH.,#12133);
#12133 = SURFACE_SIDE_STYLE('',(#12134));
#12134 = SURFACE_STYLE_FILL_AREA(#12135);
#12135 = FILL_AREA_STYLE('',(#12136));
#12136 = FILL_AREA_STYLE_COLOUR('',#11576);
#12137 = STYLED_ITEM('color',(#12138),#6178);
#12138 = PRESENTATION_STYLE_ASSIGNMENT((#12139));
#12139 = SURFACE_STYLE_USAGE(.BOTH.,#12140);
#12140 = SURFACE_SIDE_STYLE('',(#12141));
#12141 = SURFACE_STYLE_FILL_AREA(#12142);
#12142 = FILL_AREA_STYLE('',(#12143));
#12143 = FILL_AREA_STYLE_COLOUR('',#11576);
#12144 = STYLED_ITEM('color',(#12145),#6209);
#12145 = PRESENTATION_STYLE_ASSIGNMENT((#12146));
#12146 = SURFACE_STYLE_USAGE(.BOTH.,#12147);
#12147 = SURFACE_SIDE_STYLE('',(#12148));
#12148 = SURFACE_STYLE_FILL_AREA(#12149);
#12149 = FILL_AREA_STYLE('',(#12150));
#12150 = FILL_AREA_STYLE_COLOUR('',#11576);
#12151 = STYLED_ITEM('color',(#12152),#6233);
#12152 = PRESENTATION_STYLE_ASSIGNMENT((#12153));
#12153 = SURFACE_STYLE_USAGE(.BOTH.,#12154);
#12154 = SURFACE_SIDE_STYLE('',(#12155));
#12155 = SURFACE_STYLE_FILL_AREA(#12156);
#12156 = FILL_AREA_STYLE('',(#12157));
#12157 = FILL_AREA_STYLE_COLOUR('',#11576);
#12158 = STYLED_ITEM('color',(#12159),#6257);
#12159 = PRESENTATION_STYLE_ASSIGNMENT((#12160));
#12160 = SURFACE_STYLE_USAGE(.BOTH.,#12161);
#12161 = SURFACE_SIDE_STYLE('',(#12162));
#12162 = SURFACE_STYLE_FILL_AREA(#12163);
#12163 = FILL_AREA_STYLE('',(#12164));
#12164 = FILL_AREA_STYLE_COLOUR('',#11576);
#12165 = STYLED_ITEM('color',(#12166),#6274);
#12166 = PRESENTATION_STYLE_ASSIGNMENT((#12167));
#12167 = SURFACE_STYLE_USAGE(.BOTH.,#12168);
#12168 = SURFACE_SIDE_STYLE('',(#12169));
#12169 = SURFACE_STYLE_FILL_AREA(#12170);
#12170 = FILL_AREA_STYLE('',(#12171));
#12171 = FILL_AREA_STYLE_COLOUR('',#11576);
#12172 = STYLED_ITEM('color',(#12173),#6305);
#12173 = PRESENTATION_STYLE_ASSIGNMENT((#12174));
#12174 = SURFACE_STYLE_USAGE(.BOTH.,#12175);
#12175 = SURFACE_SIDE_STYLE('',(#12176));
#12176 = SURFACE_STYLE_FILL_AREA(#12177);
#12177 = FILL_AREA_STYLE('',(#12178));
#12178 = FILL_AREA_STYLE_COLOUR('',#11576);
#12179 = STYLED_ITEM('color',(#12180),#6329);
#12180 = PRESENTATION_STYLE_ASSIGNMENT((#12181));
#12181 = SURFACE_STYLE_USAGE(.BOTH.,#12182);
#12182 = SURFACE_SIDE_STYLE('',(#12183));
#12183 = SURFACE_STYLE_FILL_AREA(#12184);
#12184 = FILL_AREA_STYLE('',(#12185));
#12185 = FILL_AREA_STYLE_COLOUR('',#11576);
#12186 = STYLED_ITEM('color',(#12187),#6353);
#12187 = PRESENTATION_STYLE_ASSIGNMENT((#12188));
#12188 = SURFACE_STYLE_USAGE(.BOTH.,#12189);
#12189 = SURFACE_SIDE_STYLE('',(#12190));
#12190 = SURFACE_STYLE_FILL_AREA(#12191);
#12191 = FILL_AREA_STYLE('',(#12192));
#12192 = FILL_AREA_STYLE_COLOUR('',#11576);
#12193 = STYLED_ITEM('color',(#12194),#6370);
#12194 = PRESENTATION_STYLE_ASSIGNMENT((#12195));
#12195 = SURFACE_STYLE_USAGE(.BOTH.,#12196);
#12196 = SURFACE_SIDE_STYLE('',(#12197));
#12197 = SURFACE_STYLE_FILL_AREA(#12198);
#12198 = FILL_AREA_STYLE('',(#12199));
#12199 = FILL_AREA_STYLE_COLOUR('',#11576);
#12200 = STYLED_ITEM('color',(#12201),#6401);
#12201 = PRESENTATION_STYLE_ASSIGNMENT((#12202));
#12202 = SURFACE_STYLE_USAGE(.BOTH.,#12203);
#12203 = SURFACE_SIDE_STYLE('',(#12204));
#12204 = SURFACE_STYLE_FILL_AREA(#12205);
#12205 = FILL_AREA_STYLE('',(#12206));
#12206 = FILL_AREA_STYLE_COLOUR('',#11576);
#12207 = STYLED_ITEM('color',(#12208),#6425);
#12208 = PRESENTATION_STYLE_ASSIGNMENT((#12209));
#12209 = SURFACE_STYLE_USAGE(.BOTH.,#12210);
#12210 = SURFACE_SIDE_STYLE('',(#12211));
#12211 = SURFACE_STYLE_FILL_AREA(#12212);
#12212 = FILL_AREA_STYLE('',(#12213));
#12213 = FILL_AREA_STYLE_COLOUR('',#11576);
#12214 = STYLED_ITEM('color',(#12215),#6449);
#12215 = PRESENTATION_STYLE_ASSIGNMENT((#12216));
#12216 = SURFACE_STYLE_USAGE(.BOTH.,#12217);
#12217 = SURFACE_SIDE_STYLE('',(#12218));
#12218 = SURFACE_STYLE_FILL_AREA(#12219);
#12219 = FILL_AREA_STYLE('',(#12220));
#12220 = FILL_AREA_STYLE_COLOUR('',#11576);
#12221 = STYLED_ITEM('color',(#12222),#6466);
#12222 = PRESENTATION_STYLE_ASSIGNMENT((#12223));
#12223 = SURFACE_STYLE_USAGE(.BOTH.,#12224);
#12224 = SURFACE_SIDE_STYLE('',(#12225));
#12225 = SURFACE_STYLE_FILL_AREA(#12226);
#12226 = FILL_AREA_STYLE('',(#12227));
#12227 = FILL_AREA_STYLE_COLOUR('',#11386);
#12228 = STYLED_ITEM('color',(#12229),#6475);
#12229 = PRESENTATION_STYLE_ASSIGNMENT((#12230));
#12230 = SURFACE_STYLE_USAGE(.BOTH.,#12231);
#12231 = SURFACE_SIDE_STYLE('',(#12232));
#12232 = SURFACE_STYLE_FILL_AREA(#12233);
#12233 = FILL_AREA_STYLE('',(#12234));
#12234 = FILL_AREA_STYLE_COLOUR('',#11576);
#12235 = STYLED_ITEM('color',(#12236),#6506);
#12236 = PRESENTATION_STYLE_ASSIGNMENT((#12237));
#12237 = SURFACE_STYLE_USAGE(.BOTH.,#12238);
#12238 = SURFACE_SIDE_STYLE('',(#12239));
#12239 = SURFACE_STYLE_FILL_AREA(#12240);
#12240 = FILL_AREA_STYLE('',(#12241));
#12241 = FILL_AREA_STYLE_COLOUR('',#11576);
#12242 = STYLED_ITEM('color',(#12243),#6530);
#12243 = PRESENTATION_STYLE_ASSIGNMENT((#12244));
#12244 = SURFACE_STYLE_USAGE(.BOTH.,#12245);
#12245 = SURFACE_SIDE_STYLE('',(#12246));
#12246 = SURFACE_STYLE_FILL_AREA(#12247);
#12247 = FILL_AREA_STYLE('',(#12248));
#12248 = FILL_AREA_STYLE_COLOUR('',#11576);
#12249 = STYLED_ITEM('color',(#12250),#6554);
#12250 = PRESENTATION_STYLE_ASSIGNMENT((#12251));
#12251 = SURFACE_STYLE_USAGE(.BOTH.,#12252);
#12252 = SURFACE_SIDE_STYLE('',(#12253));
#12253 = SURFACE_STYLE_FILL_AREA(#12254);
#12254 = FILL_AREA_STYLE('',(#12255));
#12255 = FILL_AREA_STYLE_COLOUR('',#11576);
#12256 = STYLED_ITEM('color',(#12257),#6571);
#12257 = PRESENTATION_STYLE_ASSIGNMENT((#12258));
#12258 = SURFACE_STYLE_USAGE(.BOTH.,#12259);
#12259 = SURFACE_SIDE_STYLE('',(#12260));
#12260 = SURFACE_STYLE_FILL_AREA(#12261);
#12261 = FILL_AREA_STYLE('',(#12262));
#12262 = FILL_AREA_STYLE_COLOUR('',#11576);
#12263 = STYLED_ITEM('color',(#12264),#6602);
#12264 = PRESENTATION_STYLE_ASSIGNMENT((#12265));
#12265 = SURFACE_STYLE_USAGE(.BOTH.,#12266);
#12266 = SURFACE_SIDE_STYLE('',(#12267));
#12267 = SURFACE_STYLE_FILL_AREA(#12268);
#12268 = FILL_AREA_STYLE('',(#12269));
#12269 = FILL_AREA_STYLE_COLOUR('',#11576);
#12270 = STYLED_ITEM('color',(#12271),#6626);
#12271 = PRESENTATION_STYLE_ASSIGNMENT((#12272));
#12272 = SURFACE_STYLE_USAGE(.BOTH.,#12273);
#12273 = SURFACE_SIDE_STYLE('',(#12274));
#12274 = SURFACE_STYLE_FILL_AREA(#12275);
#12275 = FILL_AREA_STYLE('',(#12276));
#12276 = FILL_AREA_STYLE_COLOUR('',#11576);
#12277 = STYLED_ITEM('color',(#12278),#6650);
#12278 = PRESENTATION_STYLE_ASSIGNMENT((#12279));
#12279 = SURFACE_STYLE_USAGE(.BOTH.,#12280);
#12280 = SURFACE_SIDE_STYLE('',(#12281));
#12281 = SURFACE_STYLE_FILL_AREA(#12282);
#12282 = FILL_AREA_STYLE('',(#12283));
#12283 = FILL_AREA_STYLE_COLOUR('',#11576);
#12284 = STYLED_ITEM('color',(#12285),#6667);
#12285 = PRESENTATION_STYLE_ASSIGNMENT((#12286));
#12286 = SURFACE_STYLE_USAGE(.BOTH.,#12287);
#12287 = SURFACE_SIDE_STYLE('',(#12288));
#12288 = SURFACE_STYLE_FILL_AREA(#12289);
#12289 = FILL_AREA_STYLE('',(#12290));
#12290 = FILL_AREA_STYLE_COLOUR('',#11576);
#12291 = STYLED_ITEM('color',(#12292),#6698);
#12292 = PRESENTATION_STYLE_ASSIGNMENT((#12293));
#12293 = SURFACE_STYLE_USAGE(.BOTH.,#12294);
#12294 = SURFACE_SIDE_STYLE('',(#12295));
#12295 = SURFACE_STYLE_FILL_AREA(#12296);
#12296 = FILL_AREA_STYLE('',(#12297));
#12297 = FILL_AREA_STYLE_COLOUR('',#11576);
#12298 = STYLED_ITEM('color',(#12299),#6722);
#12299 = PRESENTATION_STYLE_ASSIGNMENT((#12300));
#12300 = SURFACE_STYLE_USAGE(.BOTH.,#12301);
#12301 = SURFACE_SIDE_STYLE('',(#12302));
#12302 = SURFACE_STYLE_FILL_AREA(#12303);
#12303 = FILL_AREA_STYLE('',(#12304));
#12304 = FILL_AREA_STYLE_COLOUR('',#11576);
#12305 = STYLED_ITEM('color',(#12306),#6746);
#12306 = PRESENTATION_STYLE_ASSIGNMENT((#12307));
#12307 = SURFACE_STYLE_USAGE(.BOTH.,#12308);
#12308 = SURFACE_SIDE_STYLE('',(#12309));
#12309 = SURFACE_STYLE_FILL_AREA(#12310);
#12310 = FILL_AREA_STYLE('',(#12311));
#12311 = FILL_AREA_STYLE_COLOUR('',#11576);
#12312 = STYLED_ITEM('color',(#12313),#6763);
#12313 = PRESENTATION_STYLE_ASSIGNMENT((#12314));
#12314 = SURFACE_STYLE_USAGE(.BOTH.,#12315);
#12315 = SURFACE_SIDE_STYLE('',(#12316));
#12316 = SURFACE_STYLE_FILL_AREA(#12317);
#12317 = FILL_AREA_STYLE('',(#12318));
#12318 = FILL_AREA_STYLE_COLOUR('',#11576);
#12319 = STYLED_ITEM('color',(#12320),#6794);
#12320 = PRESENTATION_STYLE_ASSIGNMENT((#12321));
#12321 = SURFACE_STYLE_USAGE(.BOTH.,#12322);
#12322 = SURFACE_SIDE_STYLE('',(#12323));
#12323 = SURFACE_STYLE_FILL_AREA(#12324);
#12324 = FILL_AREA_STYLE('',(#12325));
#12325 = FILL_AREA_STYLE_COLOUR('',#11576);
#12326 = STYLED_ITEM('color',(#12327),#6818);
#12327 = PRESENTATION_STYLE_ASSIGNMENT((#12328));
#12328 = SURFACE_STYLE_USAGE(.BOTH.,#12329);
#12329 = SURFACE_SIDE_STYLE('',(#12330));
#12330 = SURFACE_STYLE_FILL_AREA(#12331);
#12331 = FILL_AREA_STYLE('',(#12332));
#12332 = FILL_AREA_STYLE_COLOUR('',#11576);
#12333 = STYLED_ITEM('color',(#12334),#6842);
#12334 = PRESENTATION_STYLE_ASSIGNMENT((#12335));
#12335 = SURFACE_STYLE_USAGE(.BOTH.,#12336);
#12336 = SURFACE_SIDE_STYLE('',(#12337));
#12337 = SURFACE_STYLE_FILL_AREA(#12338);
#12338 = FILL_AREA_STYLE('',(#12339));
#12339 = FILL_AREA_STYLE_COLOUR('',#11576);
#12340 = STYLED_ITEM('color',(#12341),#6859);
#12341 = PRESENTATION_STYLE_ASSIGNMENT((#12342));
#12342 = SURFACE_STYLE_USAGE(.BOTH.,#12343);
#12343 = SURFACE_SIDE_STYLE('',(#12344));
#12344 = SURFACE_STYLE_FILL_AREA(#12345);
#12345 = FILL_AREA_STYLE('',(#12346));
#12346 = FILL_AREA_STYLE_COLOUR('',#11576);
#12347 = STYLED_ITEM('color',(#12348),#6890);
#12348 = PRESENTATION_STYLE_ASSIGNMENT((#12349));
#12349 = SURFACE_STYLE_USAGE(.BOTH.,#12350);
#12350 = SURFACE_SIDE_STYLE('',(#12351));
#12351 = SURFACE_STYLE_FILL_AREA(#12352);
#12352 = FILL_AREA_STYLE('',(#12353));
#12353 = FILL_AREA_STYLE_COLOUR('',#11576);
#12354 = STYLED_ITEM('color',(#12355),#6914);
#12355 = PRESENTATION_STYLE_ASSIGNMENT((#12356));
#12356 = SURFACE_STYLE_USAGE(.BOTH.,#12357);
#12357 = SURFACE_SIDE_STYLE('',(#12358));
#12358 = SURFACE_STYLE_FILL_AREA(#12359);
#12359 = FILL_AREA_STYLE('',(#12360));
#12360 = FILL_AREA_STYLE_COLOUR('',#11576);
#12361 = STYLED_ITEM('color',(#12362),#6938);
#12362 = PRESENTATION_STYLE_ASSIGNMENT((#12363));
#12363 = SURFACE_STYLE_USAGE(.BOTH.,#12364);
#12364 = SURFACE_SIDE_STYLE('',(#12365));
#12365 = SURFACE_STYLE_FILL_AREA(#12366);
#12366 = FILL_AREA_STYLE('',(#12367));
#12367 = FILL_AREA_STYLE_COLOUR('',#11576);
#12368 = STYLED_ITEM('color',(#12369),#6955);
#12369 = PRESENTATION_STYLE_ASSIGNMENT((#12370));
#12370 = SURFACE_STYLE_USAGE(.BOTH.,#12371);
#12371 = SURFACE_SIDE_STYLE('',(#12372));
#12372 = SURFACE_STYLE_FILL_AREA(#12373);
#12373 = FILL_AREA_STYLE('',(#12374));
#12374 = FILL_AREA_STYLE_COLOUR('',#11386);
#12375 = STYLED_ITEM('color',(#12376),#6964);
#12376 = PRESENTATION_STYLE_ASSIGNMENT((#12377));
#12377 = SURFACE_STYLE_USAGE(.BOTH.,#12378);
#12378 = SURFACE_SIDE_STYLE('',(#12379));
#12379 = SURFACE_STYLE_FILL_AREA(#12380);
#12380 = FILL_AREA_STYLE('',(#12381));
#12381 = FILL_AREA_STYLE_COLOUR('',#11386);
#12382 = STYLED_ITEM('color',(#12383),#6973);
#12383 = PRESENTATION_STYLE_ASSIGNMENT((#12384));
#12384 = SURFACE_STYLE_USAGE(.BOTH.,#12385);
#12385 = SURFACE_SIDE_STYLE('',(#12386));
#12386 = SURFACE_STYLE_FILL_AREA(#12387);
#12387 = FILL_AREA_STYLE('',(#12388));
#12388 = FILL_AREA_STYLE_COLOUR('',#11576);
#12389 = STYLED_ITEM('color',(#12390),#7004);
#12390 = PRESENTATION_STYLE_ASSIGNMENT((#12391));
#12391 = SURFACE_STYLE_USAGE(.BOTH.,#12392);
#12392 = SURFACE_SIDE_STYLE('',(#12393));
#12393 = SURFACE_STYLE_FILL_AREA(#12394);
#12394 = FILL_AREA_STYLE('',(#12395));
#12395 = FILL_AREA_STYLE_COLOUR('',#11576);
#12396 = STYLED_ITEM('color',(#12397),#7028);
#12397 = PRESENTATION_STYLE_ASSIGNMENT((#12398));
#12398 = SURFACE_STYLE_USAGE(.BOTH.,#12399);
#12399 = SURFACE_SIDE_STYLE('',(#12400));
#12400 = SURFACE_STYLE_FILL_AREA(#12401);
#12401 = FILL_AREA_STYLE('',(#12402));
#12402 = FILL_AREA_STYLE_COLOUR('',#11576);
#12403 = STYLED_ITEM('color',(#12404),#7052);
#12404 = PRESENTATION_STYLE_ASSIGNMENT((#12405));
#12405 = SURFACE_STYLE_USAGE(.BOTH.,#12406);
#12406 = SURFACE_SIDE_STYLE('',(#12407));
#12407 = SURFACE_STYLE_FILL_AREA(#12408);
#12408 = FILL_AREA_STYLE('',(#12409));
#12409 = FILL_AREA_STYLE_COLOUR('',#11576);
#12410 = STYLED_ITEM('color',(#12411),#7069);
#12411 = PRESENTATION_STYLE_ASSIGNMENT((#12412));
#12412 = SURFACE_STYLE_USAGE(.BOTH.,#12413);
#12413 = SURFACE_SIDE_STYLE('',(#12414));
#12414 = SURFACE_STYLE_FILL_AREA(#12415);
#12415 = FILL_AREA_STYLE('',(#12416));
#12416 = FILL_AREA_STYLE_COLOUR('',#11576);
#12417 = STYLED_ITEM('color',(#12418),#7100);
#12418 = PRESENTATION_STYLE_ASSIGNMENT((#12419));
#12419 = SURFACE_STYLE_USAGE(.BOTH.,#12420);
#12420 = SURFACE_SIDE_STYLE('',(#12421));
#12421 = SURFACE_STYLE_FILL_AREA(#12422);
#12422 = FILL_AREA_STYLE('',(#12423));
#12423 = FILL_AREA_STYLE_COLOUR('',#11576);
#12424 = STYLED_ITEM('color',(#12425),#7124);
#12425 = PRESENTATION_STYLE_ASSIGNMENT((#12426));
#12426 = SURFACE_STYLE_USAGE(.BOTH.,#12427);
#12427 = SURFACE_SIDE_STYLE('',(#12428));
#12428 = SURFACE_STYLE_FILL_AREA(#12429);
#12429 = FILL_AREA_STYLE('',(#12430));
#12430 = FILL_AREA_STYLE_COLOUR('',#11576);
#12431 = STYLED_ITEM('color',(#12432),#7148);
#12432 = PRESENTATION_STYLE_ASSIGNMENT((#12433));
#12433 = SURFACE_STYLE_USAGE(.BOTH.,#12434);
#12434 = SURFACE_SIDE_STYLE('',(#12435));
#12435 = SURFACE_STYLE_FILL_AREA(#12436);
#12436 = FILL_AREA_STYLE('',(#12437));
#12437 = FILL_AREA_STYLE_COLOUR('',#11576);
#12438 = STYLED_ITEM('color',(#12439),#7165);
#12439 = PRESENTATION_STYLE_ASSIGNMENT((#12440));
#12440 = SURFACE_STYLE_USAGE(.BOTH.,#12441);
#12441 = SURFACE_SIDE_STYLE('',(#12442));
#12442 = SURFACE_STYLE_FILL_AREA(#12443);
#12443 = FILL_AREA_STYLE('',(#12444));
#12444 = FILL_AREA_STYLE_COLOUR('',#11576);
#12445 = STYLED_ITEM('color',(#12446),#7196);
#12446 = PRESENTATION_STYLE_ASSIGNMENT((#12447));
#12447 = SURFACE_STYLE_USAGE(.BOTH.,#12448);
#12448 = SURFACE_SIDE_STYLE('',(#12449));
#12449 = SURFACE_STYLE_FILL_AREA(#12450);
#12450 = FILL_AREA_STYLE('',(#12451));
#12451 = FILL_AREA_STYLE_COLOUR('',#11576);
#12452 = STYLED_ITEM('color',(#12453),#7220);
#12453 = PRESENTATION_STYLE_ASSIGNMENT((#12454));
#12454 = SURFACE_STYLE_USAGE(.BOTH.,#12455);
#12455 = SURFACE_SIDE_STYLE('',(#12456));
#12456 = SURFACE_STYLE_FILL_AREA(#12457);
#12457 = FILL_AREA_STYLE('',(#12458));
#12458 = FILL_AREA_STYLE_COLOUR('',#11576);
#12459 = STYLED_ITEM('color',(#12460),#7244);
#12460 = PRESENTATION_STYLE_ASSIGNMENT((#12461));
#12461 = SURFACE_STYLE_USAGE(.BOTH.,#12462);
#12462 = SURFACE_SIDE_STYLE('',(#12463));
#12463 = SURFACE_STYLE_FILL_AREA(#12464);
#12464 = FILL_AREA_STYLE('',(#12465));
#12465 = FILL_AREA_STYLE_COLOUR('',#11576);
#12466 = STYLED_ITEM('color',(#12467),#7261);
#12467 = PRESENTATION_STYLE_ASSIGNMENT((#12468));
#12468 = SURFACE_STYLE_USAGE(.BOTH.,#12469);
#12469 = SURFACE_SIDE_STYLE('',(#12470));
#12470 = SURFACE_STYLE_FILL_AREA(#12471);
#12471 = FILL_AREA_STYLE('',(#12472));
#12472 = FILL_AREA_STYLE_COLOUR('',#11576);
#12473 = STYLED_ITEM('color',(#12474),#7292);
#12474 = PRESENTATION_STYLE_ASSIGNMENT((#12475));
#12475 = SURFACE_STYLE_USAGE(.BOTH.,#12476);
#12476 = SURFACE_SIDE_STYLE('',(#12477));
#12477 = SURFACE_STYLE_FILL_AREA(#12478);
#12478 = FILL_AREA_STYLE('',(#12479));
#12479 = FILL_AREA_STYLE_COLOUR('',#11576);
#12480 = STYLED_ITEM('color',(#12481),#7316);
#12481 = PRESENTATION_STYLE_ASSIGNMENT((#12482));
#12482 = SURFACE_STYLE_USAGE(.BOTH.,#12483);
#12483 = SURFACE_SIDE_STYLE('',(#12484));
#12484 = SURFACE_STYLE_FILL_AREA(#12485);
#12485 = FILL_AREA_STYLE('',(#12486));
#12486 = FILL_AREA_STYLE_COLOUR('',#11576);
#12487 = STYLED_ITEM('color',(#12488),#7340);
#12488 = PRESENTATION_STYLE_ASSIGNMENT((#12489));
#12489 = SURFACE_STYLE_USAGE(.BOTH.,#12490);
#12490 = SURFACE_SIDE_STYLE('',(#12491));
#12491 = SURFACE_STYLE_FILL_AREA(#12492);
#12492 = FILL_AREA_STYLE('',(#12493));
#12493 = FILL_AREA_STYLE_COLOUR('',#11576);
#12494 = STYLED_ITEM('color',(#12495),#7357);
#12495 = PRESENTATION_STYLE_ASSIGNMENT((#12496));
#12496 = SURFACE_STYLE_USAGE(.BOTH.,#12497);
#12497 = SURFACE_SIDE_STYLE('',(#12498));
#12498 = SURFACE_STYLE_FILL_AREA(#12499);
#12499 = FILL_AREA_STYLE('',(#12500));
#12500 = FILL_AREA_STYLE_COLOUR('',#11386);
#12501 = STYLED_ITEM('color',(#12502),#7366);
#12502 = PRESENTATION_STYLE_ASSIGNMENT((#12503));
#12503 = SURFACE_STYLE_USAGE(.BOTH.,#12504);
#12504 = SURFACE_SIDE_STYLE('',(#12505));
#12505 = SURFACE_STYLE_FILL_AREA(#12506);
#12506 = FILL_AREA_STYLE('',(#12507));
#12507 = FILL_AREA_STYLE_COLOUR('',#11386);
#12508 = STYLED_ITEM('color',(#12509),#7375);
#12509 = PRESENTATION_STYLE_ASSIGNMENT((#12510));
#12510 = SURFACE_STYLE_USAGE(.BOTH.,#12511);
#12511 = SURFACE_SIDE_STYLE('',(#12512));
#12512 = SURFACE_STYLE_FILL_AREA(#12513);
#12513 = FILL_AREA_STYLE('',(#12514));
#12514 = FILL_AREA_STYLE_COLOUR('',#11386);
#12515 = STYLED_ITEM('color',(#12516),#7384);
#12516 = PRESENTATION_STYLE_ASSIGNMENT((#12517));
#12517 = SURFACE_STYLE_USAGE(.BOTH.,#12518);
#12518 = SURFACE_SIDE_STYLE('',(#12519));
#12519 = SURFACE_STYLE_FILL_AREA(#12520);
#12520 = FILL_AREA_STYLE('',(#12521));
#12521 = FILL_AREA_STYLE_COLOUR('',#11576);
#12522 = STYLED_ITEM('color',(#12523),#7415);
#12523 = PRESENTATION_STYLE_ASSIGNMENT((#12524));
#12524 = SURFACE_STYLE_USAGE(.BOTH.,#12525);
#12525 = SURFACE_SIDE_STYLE('',(#12526));
#12526 = SURFACE_STYLE_FILL_AREA(#12527);
#12527 = FILL_AREA_STYLE('',(#12528));
#12528 = FILL_AREA_STYLE_COLOUR('',#11576);
#12529 = STYLED_ITEM('color',(#12530),#7439);
#12530 = PRESENTATION_STYLE_ASSIGNMENT((#12531));
#12531 = SURFACE_STYLE_USAGE(.BOTH.,#12532);
#12532 = SURFACE_SIDE_STYLE('',(#12533));
#12533 = SURFACE_STYLE_FILL_AREA(#12534);
#12534 = FILL_AREA_STYLE('',(#12535));
#12535 = FILL_AREA_STYLE_COLOUR('',#11576);
#12536 = STYLED_ITEM('color',(#12537),#7463);
#12537 = PRESENTATION_STYLE_ASSIGNMENT((#12538));
#12538 = SURFACE_STYLE_USAGE(.BOTH.,#12539);
#12539 = SURFACE_SIDE_STYLE('',(#12540));
#12540 = SURFACE_STYLE_FILL_AREA(#12541);
#12541 = FILL_AREA_STYLE('',(#12542));
#12542 = FILL_AREA_STYLE_COLOUR('',#11576);
#12543 = STYLED_ITEM('color',(#12544),#7480);
#12544 = PRESENTATION_STYLE_ASSIGNMENT((#12545));
#12545 = SURFACE_STYLE_USAGE(.BOTH.,#12546);
#12546 = SURFACE_SIDE_STYLE('',(#12547));
#12547 = SURFACE_STYLE_FILL_AREA(#12548);
#12548 = FILL_AREA_STYLE('',(#12549));
#12549 = FILL_AREA_STYLE_COLOUR('',#11576);
#12550 = STYLED_ITEM('color',(#12551),#7511);
#12551 = PRESENTATION_STYLE_ASSIGNMENT((#12552));
#12552 = SURFACE_STYLE_USAGE(.BOTH.,#12553);
#12553 = SURFACE_SIDE_STYLE('',(#12554));
#12554 = SURFACE_STYLE_FILL_AREA(#12555);
#12555 = FILL_AREA_STYLE('',(#12556));
#12556 = FILL_AREA_STYLE_COLOUR('',#11576);
#12557 = STYLED_ITEM('color',(#12558),#7535);
#12558 = PRESENTATION_STYLE_ASSIGNMENT((#12559));
#12559 = SURFACE_STYLE_USAGE(.BOTH.,#12560);
#12560 = SURFACE_SIDE_STYLE('',(#12561));
#12561 = SURFACE_STYLE_FILL_AREA(#12562);
#12562 = FILL_AREA_STYLE('',(#12563));
#12563 = FILL_AREA_STYLE_COLOUR('',#11576);
#12564 = STYLED_ITEM('color',(#12565),#7559);
#12565 = PRESENTATION_STYLE_ASSIGNMENT((#12566));
#12566 = SURFACE_STYLE_USAGE(.BOTH.,#12567);
#12567 = SURFACE_SIDE_STYLE('',(#12568));
#12568 = SURFACE_STYLE_FILL_AREA(#12569);
#12569 = FILL_AREA_STYLE('',(#12570));
#12570 = FILL_AREA_STYLE_COLOUR('',#11576);
#12571 = STYLED_ITEM('color',(#12572),#7576);
#12572 = PRESENTATION_STYLE_ASSIGNMENT((#12573));
#12573 = SURFACE_STYLE_USAGE(.BOTH.,#12574);
#12574 = SURFACE_SIDE_STYLE('',(#12575));
#12575 = SURFACE_STYLE_FILL_AREA(#12576);
#12576 = FILL_AREA_STYLE('',(#12577));
#12577 = FILL_AREA_STYLE_COLOUR('',#11576);
#12578 = STYLED_ITEM('color',(#12579),#7607);
#12579 = PRESENTATION_STYLE_ASSIGNMENT((#12580));
#12580 = SURFACE_STYLE_USAGE(.BOTH.,#12581);
#12581 = SURFACE_SIDE_STYLE('',(#12582));
#12582 = SURFACE_STYLE_FILL_AREA(#12583);
#12583 = FILL_AREA_STYLE('',(#12584));
#12584 = FILL_AREA_STYLE_COLOUR('',#11576);
#12585 = STYLED_ITEM('color',(#12586),#7631);
#12586 = PRESENTATION_STYLE_ASSIGNMENT((#12587));
#12587 = SURFACE_STYLE_USAGE(.BOTH.,#12588);
#12588 = SURFACE_SIDE_STYLE('',(#12589));
#12589 = SURFACE_STYLE_FILL_AREA(#12590);
#12590 = FILL_AREA_STYLE('',(#12591));
#12591 = FILL_AREA_STYLE_COLOUR('',#11576);
#12592 = STYLED_ITEM('color',(#12593),#7655);
#12593 = PRESENTATION_STYLE_ASSIGNMENT((#12594));
#12594 = SURFACE_STYLE_USAGE(.BOTH.,#12595);
#12595 = SURFACE_SIDE_STYLE('',(#12596));
#12596 = SURFACE_STYLE_FILL_AREA(#12597);
#12597 = FILL_AREA_STYLE('',(#12598));
#12598 = FILL_AREA_STYLE_COLOUR('',#11576);
#12599 = STYLED_ITEM('color',(#12600),#7672);
#12600 = PRESENTATION_STYLE_ASSIGNMENT((#12601));
#12601 = SURFACE_STYLE_USAGE(.BOTH.,#12602);
#12602 = SURFACE_SIDE_STYLE('',(#12603));
#12603 = SURFACE_STYLE_FILL_AREA(#12604);
#12604 = FILL_AREA_STYLE('',(#12605));
#12605 = FILL_AREA_STYLE_COLOUR('',#11576);
#12606 = STYLED_ITEM('color',(#12607),#7703);
#12607 = PRESENTATION_STYLE_ASSIGNMENT((#12608));
#12608 = SURFACE_STYLE_USAGE(.BOTH.,#12609);
#12609 = SURFACE_SIDE_STYLE('',(#12610));
#12610 = SURFACE_STYLE_FILL_AREA(#12611);
#12611 = FILL_AREA_STYLE('',(#12612));
#12612 = FILL_AREA_STYLE_COLOUR('',#11576);
#12613 = STYLED_ITEM('color',(#12614),#7727);
#12614 = PRESENTATION_STYLE_ASSIGNMENT((#12615));
#12615 = SURFACE_STYLE_USAGE(.BOTH.,#12616);
#12616 = SURFACE_SIDE_STYLE('',(#12617));
#12617 = SURFACE_STYLE_FILL_AREA(#12618);
#12618 = FILL_AREA_STYLE('',(#12619));
#12619 = FILL_AREA_STYLE_COLOUR('',#11576);
#12620 = STYLED_ITEM('color',(#12621),#7751);
#12621 = PRESENTATION_STYLE_ASSIGNMENT((#12622));
#12622 = SURFACE_STYLE_USAGE(.BOTH.,#12623);
#12623 = SURFACE_SIDE_STYLE('',(#12624));
#12624 = SURFACE_STYLE_FILL_AREA(#12625);
#12625 = FILL_AREA_STYLE('',(#12626));
#12626 = FILL_AREA_STYLE_COLOUR('',#11576);
#12627 = STYLED_ITEM('color',(#12628),#7768);
#12628 = PRESENTATION_STYLE_ASSIGNMENT((#12629));
#12629 = SURFACE_STYLE_USAGE(.BOTH.,#12630);
#12630 = SURFACE_SIDE_STYLE('',(#12631));
#12631 = SURFACE_STYLE_FILL_AREA(#12632);
#12632 = FILL_AREA_STYLE('',(#12633));
#12633 = FILL_AREA_STYLE_COLOUR('',#11576);
#12634 = STYLED_ITEM('color',(#12635),#7799);
#12635 = PRESENTATION_STYLE_ASSIGNMENT((#12636));
#12636 = SURFACE_STYLE_USAGE(.BOTH.,#12637);
#12637 = SURFACE_SIDE_STYLE('',(#12638));
#12638 = SURFACE_STYLE_FILL_AREA(#12639);
#12639 = FILL_AREA_STYLE('',(#12640));
#12640 = FILL_AREA_STYLE_COLOUR('',#11576);
#12641 = STYLED_ITEM('color',(#12642),#7823);
#12642 = PRESENTATION_STYLE_ASSIGNMENT((#12643));
#12643 = SURFACE_STYLE_USAGE(.BOTH.,#12644);
#12644 = SURFACE_SIDE_STYLE('',(#12645));
#12645 = SURFACE_STYLE_FILL_AREA(#12646);
#12646 = FILL_AREA_STYLE('',(#12647));
#12647 = FILL_AREA_STYLE_COLOUR('',#11576);
#12648 = STYLED_ITEM('color',(#12649),#7847);
#12649 = PRESENTATION_STYLE_ASSIGNMENT((#12650));
#12650 = SURFACE_STYLE_USAGE(.BOTH.,#12651);
#12651 = SURFACE_SIDE_STYLE('',(#12652));
#12652 = SURFACE_STYLE_FILL_AREA(#12653);
#12653 = FILL_AREA_STYLE('',(#12654));
#12654 = FILL_AREA_STYLE_COLOUR('',#11576);
#12655 = STYLED_ITEM('color',(#12656),#7864);
#12656 = PRESENTATION_STYLE_ASSIGNMENT((#12657));
#12657 = SURFACE_STYLE_USAGE(.BOTH.,#12658);
#12658 = SURFACE_SIDE_STYLE('',(#12659));
#12659 = SURFACE_STYLE_FILL_AREA(#12660);
#12660 = FILL_AREA_STYLE('',(#12661));
#12661 = FILL_AREA_STYLE_COLOUR('',#11576);
#12662 = STYLED_ITEM('color',(#12663),#7895);
#12663 = PRESENTATION_STYLE_ASSIGNMENT((#12664));
#12664 = SURFACE_STYLE_USAGE(.BOTH.,#12665);
#12665 = SURFACE_SIDE_STYLE('',(#12666));
#12666 = SURFACE_STYLE_FILL_AREA(#12667);
#12667 = FILL_AREA_STYLE('',(#12668));
#12668 = FILL_AREA_STYLE_COLOUR('',#11576);
#12669 = STYLED_ITEM('color',(#12670),#7919);
#12670 = PRESENTATION_STYLE_ASSIGNMENT((#12671));
#12671 = SURFACE_STYLE_USAGE(.BOTH.,#12672);
#12672 = SURFACE_SIDE_STYLE('',(#12673));
#12673 = SURFACE_STYLE_FILL_AREA(#12674);
#12674 = FILL_AREA_STYLE('',(#12675));
#12675 = FILL_AREA_STYLE_COLOUR('',#11576);
#12676 = STYLED_ITEM('color',(#12677),#7943);
#12677 = PRESENTATION_STYLE_ASSIGNMENT((#12678));
#12678 = SURFACE_STYLE_USAGE(.BOTH.,#12679);
#12679 = SURFACE_SIDE_STYLE('',(#12680));
#12680 = SURFACE_STYLE_FILL_AREA(#12681);
#12681 = FILL_AREA_STYLE('',(#12682));
#12682 = FILL_AREA_STYLE_COLOUR('',#11576);
#12683 = STYLED_ITEM('color',(#12684),#7960);
#12684 = PRESENTATION_STYLE_ASSIGNMENT((#12685));
#12685 = SURFACE_STYLE_USAGE(.BOTH.,#12686);
#12686 = SURFACE_SIDE_STYLE('',(#12687));
#12687 = SURFACE_STYLE_FILL_AREA(#12688);
#12688 = FILL_AREA_STYLE('',(#12689));
#12689 = FILL_AREA_STYLE_COLOUR('',#11576);
#12690 = STYLED_ITEM('color',(#12691),#7991);
#12691 = PRESENTATION_STYLE_ASSIGNMENT((#12692));
#12692 = SURFACE_STYLE_USAGE(.BOTH.,#12693);
#12693 = SURFACE_SIDE_STYLE('',(#12694));
#12694 = SURFACE_STYLE_FILL_AREA(#12695);
#12695 = FILL_AREA_STYLE('',(#12696));
#12696 = FILL_AREA_STYLE_COLOUR('',#11576);
#12697 = STYLED_ITEM('color',(#12698),#8015);
#12698 = PRESENTATION_STYLE_ASSIGNMENT((#12699));
#12699 = SURFACE_STYLE_USAGE(.BOTH.,#12700);
#12700 = SURFACE_SIDE_STYLE('',(#12701));
#12701 = SURFACE_STYLE_FILL_AREA(#12702);
#12702 = FILL_AREA_STYLE('',(#12703));
#12703 = FILL_AREA_STYLE_COLOUR('',#11576);
#12704 = STYLED_ITEM('color',(#12705),#8039);
#12705 = PRESENTATION_STYLE_ASSIGNMENT((#12706));
#12706 = SURFACE_STYLE_USAGE(.BOTH.,#12707);
#12707 = SURFACE_SIDE_STYLE('',(#12708));
#12708 = SURFACE_STYLE_FILL_AREA(#12709);
#12709 = FILL_AREA_STYLE('',(#12710));
#12710 = FILL_AREA_STYLE_COLOUR('',#11576);
#12711 = STYLED_ITEM('color',(#12712),#8056);
#12712 = PRESENTATION_STYLE_ASSIGNMENT((#12713));
#12713 = SURFACE_STYLE_USAGE(.BOTH.,#12714);
#12714 = SURFACE_SIDE_STYLE('',(#12715));
#12715 = SURFACE_STYLE_FILL_AREA(#12716);
#12716 = FILL_AREA_STYLE('',(#12717));
#12717 = FILL_AREA_STYLE_COLOUR('',#11576);
#12718 = STYLED_ITEM('color',(#12719),#8087);
#12719 = PRESENTATION_STYLE_ASSIGNMENT((#12720));
#12720 = SURFACE_STYLE_USAGE(.BOTH.,#12721);
#12721 = SURFACE_SIDE_STYLE('',(#12722));
#12722 = SURFACE_STYLE_FILL_AREA(#12723);
#12723 = FILL_AREA_STYLE('',(#12724));
#12724 = FILL_AREA_STYLE_COLOUR('',#11576);
#12725 = STYLED_ITEM('color',(#12726),#8111);
#12726 = PRESENTATION_STYLE_ASSIGNMENT((#12727));
#12727 = SURFACE_STYLE_USAGE(.BOTH.,#12728);
#12728 = SURFACE_SIDE_STYLE('',(#12729));
#12729 = SURFACE_STYLE_FILL_AREA(#12730);
#12730 = FILL_AREA_STYLE('',(#12731));
#12731 = FILL_AREA_STYLE_COLOUR('',#11576);
#12732 = STYLED_ITEM('color',(#12733),#8135);
#12733 = PRESENTATION_STYLE_ASSIGNMENT((#12734));
#12734 = SURFACE_STYLE_USAGE(.BOTH.,#12735);
#12735 = SURFACE_SIDE_STYLE('',(#12736));
#12736 = SURFACE_STYLE_FILL_AREA(#12737);
#12737 = FILL_AREA_STYLE('',(#12738));
#12738 = FILL_AREA_STYLE_COLOUR('',#11576);
#12739 = STYLED_ITEM('color',(#12740),#8152);
#12740 = PRESENTATION_STYLE_ASSIGNMENT((#12741));
#12741 = SURFACE_STYLE_USAGE(.BOTH.,#12742);
#12742 = SURFACE_SIDE_STYLE('',(#12743));
#12743 = SURFACE_STYLE_FILL_AREA(#12744);
#12744 = FILL_AREA_STYLE('',(#12745));
#12745 = FILL_AREA_STYLE_COLOUR('',#11576);
#12746 = STYLED_ITEM('color',(#12747),#8183);
#12747 = PRESENTATION_STYLE_ASSIGNMENT((#12748));
#12748 = SURFACE_STYLE_USAGE(.BOTH.,#12749);
#12749 = SURFACE_SIDE_STYLE('',(#12750));
#12750 = SURFACE_STYLE_FILL_AREA(#12751);
#12751 = FILL_AREA_STYLE('',(#12752));
#12752 = FILL_AREA_STYLE_COLOUR('',#11576);
#12753 = STYLED_ITEM('color',(#12754),#8207);
#12754 = PRESENTATION_STYLE_ASSIGNMENT((#12755));
#12755 = SURFACE_STYLE_USAGE(.BOTH.,#12756);
#12756 = SURFACE_SIDE_STYLE('',(#12757));
#12757 = SURFACE_STYLE_FILL_AREA(#12758);
#12758 = FILL_AREA_STYLE('',(#12759));
#12759 = FILL_AREA_STYLE_COLOUR('',#11576);
#12760 = STYLED_ITEM('color',(#12761),#8231);
#12761 = PRESENTATION_STYLE_ASSIGNMENT((#12762));
#12762 = SURFACE_STYLE_USAGE(.BOTH.,#12763);
#12763 = SURFACE_SIDE_STYLE('',(#12764));
#12764 = SURFACE_STYLE_FILL_AREA(#12765);
#12765 = FILL_AREA_STYLE('',(#12766));
#12766 = FILL_AREA_STYLE_COLOUR('',#11576);
#12767 = STYLED_ITEM('color',(#12768),#8248);
#12768 = PRESENTATION_STYLE_ASSIGNMENT((#12769));
#12769 = SURFACE_STYLE_USAGE(.BOTH.,#12770);
#12770 = SURFACE_SIDE_STYLE('',(#12771));
#12771 = SURFACE_STYLE_FILL_AREA(#12772);
#12772 = FILL_AREA_STYLE('',(#12773));
#12773 = FILL_AREA_STYLE_COLOUR('',#11576);
#12774 = STYLED_ITEM('color',(#12775),#8279);
#12775 = PRESENTATION_STYLE_ASSIGNMENT((#12776));
#12776 = SURFACE_STYLE_USAGE(.BOTH.,#12777);
#12777 = SURFACE_SIDE_STYLE('',(#12778));
#12778 = SURFACE_STYLE_FILL_AREA(#12779);
#12779 = FILL_AREA_STYLE('',(#12780));
#12780 = FILL_AREA_STYLE_COLOUR('',#11576);
#12781 = STYLED_ITEM('color',(#12782),#8303);
#12782 = PRESENTATION_STYLE_ASSIGNMENT((#12783));
#12783 = SURFACE_STYLE_USAGE(.BOTH.,#12784);
#12784 = SURFACE_SIDE_STYLE('',(#12785));
#12785 = SURFACE_STYLE_FILL_AREA(#12786);
#12786 = FILL_AREA_STYLE('',(#12787));
#12787 = FILL_AREA_STYLE_COLOUR('',#11576);
#12788 = STYLED_ITEM('color',(#12789),#8327);
#12789 = PRESENTATION_STYLE_ASSIGNMENT((#12790));
#12790 = SURFACE_STYLE_USAGE(.BOTH.,#12791);
#12791 = SURFACE_SIDE_STYLE('',(#12792));
#12792 = SURFACE_STYLE_FILL_AREA(#12793);
#12793 = FILL_AREA_STYLE('',(#12794));
#12794 = FILL_AREA_STYLE_COLOUR('',#11576);
#12795 = STYLED_ITEM('color',(#12796),#8344);
#12796 = PRESENTATION_STYLE_ASSIGNMENT((#12797));
#12797 = SURFACE_STYLE_USAGE(.BOTH.,#12798);
#12798 = SURFACE_SIDE_STYLE('',(#12799));
#12799 = SURFACE_STYLE_FILL_AREA(#12800);
#12800 = FILL_AREA_STYLE('',(#12801));
#12801 = FILL_AREA_STYLE_COLOUR('',#11576);
#12802 = STYLED_ITEM('color',(#12803),#8356);
#12803 = PRESENTATION_STYLE_ASSIGNMENT((#12804));
#12804 = SURFACE_STYLE_USAGE(.BOTH.,#12805);
#12805 = SURFACE_SIDE_STYLE('',(#12806));
#12806 = SURFACE_STYLE_FILL_AREA(#12807);
#12807 = FILL_AREA_STYLE('',(#12808));
#12808 = FILL_AREA_STYLE_COLOUR('',#11576);
#12809 = STYLED_ITEM('color',(#12810),#8368);
#12810 = PRESENTATION_STYLE_ASSIGNMENT((#12811));
#12811 = SURFACE_STYLE_USAGE(.BOTH.,#12812);
#12812 = SURFACE_SIDE_STYLE('',(#12813));
#12813 = SURFACE_STYLE_FILL_AREA(#12814);
#12814 = FILL_AREA_STYLE('',(#12815));
#12815 = FILL_AREA_STYLE_COLOUR('',#11576);
#12816 = STYLED_ITEM('color',(#12817),#8380);
#12817 = PRESENTATION_STYLE_ASSIGNMENT((#12818));
#12818 = SURFACE_STYLE_USAGE(.BOTH.,#12819);
#12819 = SURFACE_SIDE_STYLE('',(#12820));
#12820 = SURFACE_STYLE_FILL_AREA(#12821);
#12821 = FILL_AREA_STYLE('',(#12822));
#12822 = FILL_AREA_STYLE_COLOUR('',#11576);
#12823 = STYLED_ITEM('color',(#12824),#8392);
#12824 = PRESENTATION_STYLE_ASSIGNMENT((#12825));
#12825 = SURFACE_STYLE_USAGE(.BOTH.,#12826);
#12826 = SURFACE_SIDE_STYLE('',(#12827));
#12827 = SURFACE_STYLE_FILL_AREA(#12828);
#12828 = FILL_AREA_STYLE('',(#12829));
#12829 = FILL_AREA_STYLE_COLOUR('',#11576);
#12830 = STYLED_ITEM('color',(#12831),#8404);
#12831 = PRESENTATION_STYLE_ASSIGNMENT((#12832));
#12832 = SURFACE_STYLE_USAGE(.BOTH.,#12833);
#12833 = SURFACE_SIDE_STYLE('',(#12834));
#12834 = SURFACE_STYLE_FILL_AREA(#12835);
#12835 = FILL_AREA_STYLE('',(#12836));
#12836 = FILL_AREA_STYLE_COLOUR('',#11576);
#12837 = STYLED_ITEM('color',(#12838),#8416);
#12838 = PRESENTATION_STYLE_ASSIGNMENT((#12839));
#12839 = SURFACE_STYLE_USAGE(.BOTH.,#12840);
#12840 = SURFACE_SIDE_STYLE('',(#12841));
#12841 = SURFACE_STYLE_FILL_AREA(#12842);
#12842 = FILL_AREA_STYLE('',(#12843));
#12843 = FILL_AREA_STYLE_COLOUR('',#11576);
#12844 = STYLED_ITEM('color',(#12845),#8428);
#12845 = PRESENTATION_STYLE_ASSIGNMENT((#12846));
#12846 = SURFACE_STYLE_USAGE(.BOTH.,#12847);
#12847 = SURFACE_SIDE_STYLE('',(#12848));
#12848 = SURFACE_STYLE_FILL_AREA(#12849);
#12849 = FILL_AREA_STYLE('',(#12850));
#12850 = FILL_AREA_STYLE_COLOUR('',#11576);
#12851 = STYLED_ITEM('color',(#12852),#8440);
#12852 = PRESENTATION_STYLE_ASSIGNMENT((#12853));
#12853 = SURFACE_STYLE_USAGE(.BOTH.,#12854);
#12854 = SURFACE_SIDE_STYLE('',(#12855));
#12855 = SURFACE_STYLE_FILL_AREA(#12856);
#12856 = FILL_AREA_STYLE('',(#12857));
#12857 = FILL_AREA_STYLE_COLOUR('',#11576);
#12858 = STYLED_ITEM('color',(#12859),#8452);
#12859 = PRESENTATION_STYLE_ASSIGNMENT((#12860));
#12860 = SURFACE_STYLE_USAGE(.BOTH.,#12861);
#12861 = SURFACE_SIDE_STYLE('',(#12862));
#12862 = SURFACE_STYLE_FILL_AREA(#12863);
#12863 = FILL_AREA_STYLE('',(#12864));
#12864 = FILL_AREA_STYLE_COLOUR('',#11576);
#12865 = STYLED_ITEM('color',(#12866),#8464);
#12866 = PRESENTATION_STYLE_ASSIGNMENT((#12867));
#12867 = SURFACE_STYLE_USAGE(.BOTH.,#12868);
#12868 = SURFACE_SIDE_STYLE('',(#12869));
#12869 = SURFACE_STYLE_FILL_AREA(#12870);
#12870 = FILL_AREA_STYLE('',(#12871));
#12871 = FILL_AREA_STYLE_COLOUR('',#11576);
#12872 = STYLED_ITEM('color',(#12873),#8476);
#12873 = PRESENTATION_STYLE_ASSIGNMENT((#12874));
#12874 = SURFACE_STYLE_USAGE(.BOTH.,#12875);
#12875 = SURFACE_SIDE_STYLE('',(#12876));
#12876 = SURFACE_STYLE_FILL_AREA(#12877);
#12877 = FILL_AREA_STYLE('',(#12878));
#12878 = FILL_AREA_STYLE_COLOUR('',#11576);
#12879 = STYLED_ITEM('color',(#12880),#8488);
#12880 = PRESENTATION_STYLE_ASSIGNMENT((#12881));
#12881 = SURFACE_STYLE_USAGE(.BOTH.,#12882);
#12882 = SURFACE_SIDE_STYLE('',(#12883));
#12883 = SURFACE_STYLE_FILL_AREA(#12884);
#12884 = FILL_AREA_STYLE('',(#12885));
#12885 = FILL_AREA_STYLE_COLOUR('',#11576);
#12886 = STYLED_ITEM('color',(#12887),#8500);
#12887 = PRESENTATION_STYLE_ASSIGNMENT((#12888));
#12888 = SURFACE_STYLE_USAGE(.BOTH.,#12889);
#12889 = SURFACE_SIDE_STYLE('',(#12890));
#12890 = SURFACE_STYLE_FILL_AREA(#12891);
#12891 = FILL_AREA_STYLE('',(#12892));
#12892 = FILL_AREA_STYLE_COLOUR('',#11576);
#12893 = STYLED_ITEM('color',(#12894),#8512);
#12894 = PRESENTATION_STYLE_ASSIGNMENT((#12895));
#12895 = SURFACE_STYLE_USAGE(.BOTH.,#12896);
#12896 = SURFACE_SIDE_STYLE('',(#12897));
#12897 = SURFACE_STYLE_FILL_AREA(#12898);
#12898 = FILL_AREA_STYLE('',(#12899));
#12899 = FILL_AREA_STYLE_COLOUR('',#11576);
#12900 = STYLED_ITEM('color',(#12901),#8524);
#12901 = PRESENTATION_STYLE_ASSIGNMENT((#12902));
#12902 = SURFACE_STYLE_USAGE(.BOTH.,#12903);
#12903 = SURFACE_SIDE_STYLE('',(#12904));
#12904 = SURFACE_STYLE_FILL_AREA(#12905);
#12905 = FILL_AREA_STYLE('',(#12906));
#12906 = FILL_AREA_STYLE_COLOUR('',#11576);
#12907 = STYLED_ITEM('color',(#12908),#8536);
#12908 = PRESENTATION_STYLE_ASSIGNMENT((#12909));
#12909 = SURFACE_STYLE_USAGE(.BOTH.,#12910);
#12910 = SURFACE_SIDE_STYLE('',(#12911));
#12911 = SURFACE_STYLE_FILL_AREA(#12912);
#12912 = FILL_AREA_STYLE('',(#12913));
#12913 = FILL_AREA_STYLE_COLOUR('',#11576);
#12914 = STYLED_ITEM('color',(#12915),#8548);
#12915 = PRESENTATION_STYLE_ASSIGNMENT((#12916));
#12916 = SURFACE_STYLE_USAGE(.BOTH.,#12917);
#12917 = SURFACE_SIDE_STYLE('',(#12918));
#12918 = SURFACE_STYLE_FILL_AREA(#12919);
#12919 = FILL_AREA_STYLE('',(#12920));
#12920 = FILL_AREA_STYLE_COLOUR('',#11576);
#12921 = STYLED_ITEM('color',(#12922),#8560);
#12922 = PRESENTATION_STYLE_ASSIGNMENT((#12923));
#12923 = SURFACE_STYLE_USAGE(.BOTH.,#12924);
#12924 = SURFACE_SIDE_STYLE('',(#12925));
#12925 = SURFACE_STYLE_FILL_AREA(#12926);
#12926 = FILL_AREA_STYLE('',(#12927));
#12927 = FILL_AREA_STYLE_COLOUR('',#11576);
#12928 = STYLED_ITEM('color',(#12929),#8572);
#12929 = PRESENTATION_STYLE_ASSIGNMENT((#12930));
#12930 = SURFACE_STYLE_USAGE(.BOTH.,#12931);
#12931 = SURFACE_SIDE_STYLE('',(#12932));
#12932 = SURFACE_STYLE_FILL_AREA(#12933);
#12933 = FILL_AREA_STYLE('',(#12934));
#12934 = FILL_AREA_STYLE_COLOUR('',#11576);
#12935 = MECHANICAL_DESIGN_GEOMETRIC_PRESENTATION_REPRESENTATION('',(
    #12936,#12943,#12950,#12957,#12964,#12971,#12978,#12985,#12992,
    #12999,#13006,#13013,#13020,#13027,#13034,#13041,#13049,#13056,
    #13063,#13070,#13077,#13084,#13091,#13098,#13105,#13112,#13119,
    #13126,#13133,#13140,#13147,#13154,#13161,#13168,#13175,#13182,
    #13189,#13196,#13203,#13210,#13217,#13224,#13231,#13238,#13245,
    #13252,#13259,#13266,#13273,#13280,#13287,#13294,#13301,#13308,
    #13315,#13322,#13329,#13336,#13343,#13350,#13357,#13364,#13371,
    #13378,#13385,#13392,#13399,#13406,#13413,#13420,#13427,#13434,
    #13441,#13448,#13455,#13462,#13469,#13476,#13483),#2392);
#12936 = STYLED_ITEM('color',(#12937),#167);
#12937 = PRESENTATION_STYLE_ASSIGNMENT((#12938));
#12938 = SURFACE_STYLE_USAGE(.BOTH.,#12939);
#12939 = SURFACE_SIDE_STYLE('',(#12940));
#12940 = SURFACE_STYLE_FILL_AREA(#12941);
#12941 = FILL_AREA_STYLE('',(#12942));
#12942 = FILL_AREA_STYLE_COLOUR('',#11386);
#12943 = STYLED_ITEM('color',(#12944),#205);
#12944 = PRESENTATION_STYLE_ASSIGNMENT((#12945));
#12945 = SURFACE_STYLE_USAGE(.BOTH.,#12946);
#12946 = SURFACE_SIDE_STYLE('',(#12947));
#12947 = SURFACE_STYLE_FILL_AREA(#12948);
#12948 = FILL_AREA_STYLE('',(#12949));
#12949 = FILL_AREA_STYLE_COLOUR('',#11386);
#12950 = STYLED_ITEM('color',(#12951),#268);
#12951 = PRESENTATION_STYLE_ASSIGNMENT((#12952));
#12952 = SURFACE_STYLE_USAGE(.BOTH.,#12953);
#12953 = SURFACE_SIDE_STYLE('',(#12954));
#12954 = SURFACE_STYLE_FILL_AREA(#12955);
#12955 = FILL_AREA_STYLE('',(#12956));
#12956 = FILL_AREA_STYLE_COLOUR('',#11386);
#12957 = STYLED_ITEM('color',(#12958),#291);
#12958 = PRESENTATION_STYLE_ASSIGNMENT((#12959));
#12959 = SURFACE_STYLE_USAGE(.BOTH.,#12960);
#12960 = SURFACE_SIDE_STYLE('',(#12961));
#12961 = SURFACE_STYLE_FILL_AREA(#12962);
#12962 = FILL_AREA_STYLE('',(#12963));
#12963 = FILL_AREA_STYLE_COLOUR('',#11386);
#12964 = STYLED_ITEM('color',(#12965),#320);
#12965 = PRESENTATION_STYLE_ASSIGNMENT((#12966));
#12966 = SURFACE_STYLE_USAGE(.BOTH.,#12967);
#12967 = SURFACE_SIDE_STYLE('',(#12968));
#12968 = SURFACE_STYLE_FILL_AREA(#12969);
#12969 = FILL_AREA_STYLE('',(#12970));
#12970 = FILL_AREA_STYLE_COLOUR('',#11386);
#12971 = STYLED_ITEM('color',(#12972),#343);
#12972 = PRESENTATION_STYLE_ASSIGNMENT((#12973));
#12973 = SURFACE_STYLE_USAGE(.BOTH.,#12974);
#12974 = SURFACE_SIDE_STYLE('',(#12975));
#12975 = SURFACE_STYLE_FILL_AREA(#12976);
#12976 = FILL_AREA_STYLE('',(#12977));
#12977 = FILL_AREA_STYLE_COLOUR('',#11386);
#12978 = STYLED_ITEM('color',(#12979),#382);
#12979 = PRESENTATION_STYLE_ASSIGNMENT((#12980));
#12980 = SURFACE_STYLE_USAGE(.BOTH.,#12981);
#12981 = SURFACE_SIDE_STYLE('',(#12982));
#12982 = SURFACE_STYLE_FILL_AREA(#12983);
#12983 = FILL_AREA_STYLE('',(#12984));
#12984 = FILL_AREA_STYLE_COLOUR('',#11386);
#12985 = STYLED_ITEM('color',(#12986),#405);
#12986 = PRESENTATION_STYLE_ASSIGNMENT((#12987));
#12987 = SURFACE_STYLE_USAGE(.BOTH.,#12988);
#12988 = SURFACE_SIDE_STYLE('',(#12989));
#12989 = SURFACE_STYLE_FILL_AREA(#12990);
#12990 = FILL_AREA_STYLE('',(#12991));
#12991 = FILL_AREA_STYLE_COLOUR('',#11386);
#12992 = STYLED_ITEM('color',(#12993),#428);
#12993 = PRESENTATION_STYLE_ASSIGNMENT((#12994));
#12994 = SURFACE_STYLE_USAGE(.BOTH.,#12995);
#12995 = SURFACE_SIDE_STYLE('',(#12996));
#12996 = SURFACE_STYLE_FILL_AREA(#12997);
#12997 = FILL_AREA_STYLE('',(#12998));
#12998 = FILL_AREA_STYLE_COLOUR('',#11386);
#12999 = STYLED_ITEM('color',(#13000),#451);
#13000 = PRESENTATION_STYLE_ASSIGNMENT((#13001));
#13001 = SURFACE_STYLE_USAGE(.BOTH.,#13002);
#13002 = SURFACE_SIDE_STYLE('',(#13003));
#13003 = SURFACE_STYLE_FILL_AREA(#13004);
#13004 = FILL_AREA_STYLE('',(#13005));
#13005 = FILL_AREA_STYLE_COLOUR('',#11386);
#13006 = STYLED_ITEM('color',(#13007),#500);
#13007 = PRESENTATION_STYLE_ASSIGNMENT((#13008));
#13008 = SURFACE_STYLE_USAGE(.BOTH.,#13009);
#13009 = SURFACE_SIDE_STYLE('',(#13010));
#13010 = SURFACE_STYLE_FILL_AREA(#13011);
#13011 = FILL_AREA_STYLE('',(#13012));
#13012 = FILL_AREA_STYLE_COLOUR('',#11386);
#13013 = STYLED_ITEM('color',(#13014),#523);
#13014 = PRESENTATION_STYLE_ASSIGNMENT((#13015));
#13015 = SURFACE_STYLE_USAGE(.BOTH.,#13016);
#13016 = SURFACE_SIDE_STYLE('',(#13017));
#13017 = SURFACE_STYLE_FILL_AREA(#13018);
#13018 = FILL_AREA_STYLE('',(#13019));
#13019 = FILL_AREA_STYLE_COLOUR('',#11386);
#13020 = STYLED_ITEM('color',(#13021),#552);
#13021 = PRESENTATION_STYLE_ASSIGNMENT((#13022));
#13022 = SURFACE_STYLE_USAGE(.BOTH.,#13023);
#13023 = SURFACE_SIDE_STYLE('',(#13024));
#13024 = SURFACE_STYLE_FILL_AREA(#13025);
#13025 = FILL_AREA_STYLE('',(#13026));
#13026 = FILL_AREA_STYLE_COLOUR('',#11386);
#13027 = STYLED_ITEM('color',(#13028),#575);
#13028 = PRESENTATION_STYLE_ASSIGNMENT((#13029));
#13029 = SURFACE_STYLE_USAGE(.BOTH.,#13030);
#13030 = SURFACE_SIDE_STYLE('',(#13031));
#13031 = SURFACE_STYLE_FILL_AREA(#13032);
#13032 = FILL_AREA_STYLE('',(#13033));
#13033 = FILL_AREA_STYLE_COLOUR('',#11386);
#13034 = STYLED_ITEM('color',(#13035),#599);
#13035 = PRESENTATION_STYLE_ASSIGNMENT((#13036));
#13036 = SURFACE_STYLE_USAGE(.BOTH.,#13037);
#13037 = SURFACE_SIDE_STYLE('',(#13038));
#13038 = SURFACE_STYLE_FILL_AREA(#13039);
#13039 = FILL_AREA_STYLE('',(#13040));
#13040 = FILL_AREA_STYLE_COLOUR('',#11386);
#13041 = STYLED_ITEM('color',(#13042),#629);
#13042 = PRESENTATION_STYLE_ASSIGNMENT((#13043));
#13043 = SURFACE_STYLE_USAGE(.BOTH.,#13044);
#13044 = SURFACE_SIDE_STYLE('',(#13045));
#13045 = SURFACE_STYLE_FILL_AREA(#13046);
#13046 = FILL_AREA_STYLE('',(#13047));
#13047 = FILL_AREA_STYLE_COLOUR('',#13048);
#13048 = COLOUR_RGB('',0.823529417451,0.819607860991,0.780392170416);
#13049 = STYLED_ITEM('color',(#13050),#660);
#13050 = PRESENTATION_STYLE_ASSIGNMENT((#13051));
#13051 = SURFACE_STYLE_USAGE(.BOTH.,#13052);
#13052 = SURFACE_SIDE_STYLE('',(#13053));
#13053 = SURFACE_STYLE_FILL_AREA(#13054);
#13054 = FILL_AREA_STYLE('',(#13055));
#13055 = FILL_AREA_STYLE_COLOUR('',#11386);
#13056 = STYLED_ITEM('color',(#13057),#683);
#13057 = PRESENTATION_STYLE_ASSIGNMENT((#13058));
#13058 = SURFACE_STYLE_USAGE(.BOTH.,#13059);
#13059 = SURFACE_SIDE_STYLE('',(#13060));
#13060 = SURFACE_STYLE_FILL_AREA(#13061);
#13061 = FILL_AREA_STYLE('',(#13062));
#13062 = FILL_AREA_STYLE_COLOUR('',#11386);
#13063 = STYLED_ITEM('color',(#13064),#706);
#13064 = PRESENTATION_STYLE_ASSIGNMENT((#13065));
#13065 = SURFACE_STYLE_USAGE(.BOTH.,#13066);
#13066 = SURFACE_SIDE_STYLE('',(#13067));
#13067 = SURFACE_STYLE_FILL_AREA(#13068);
#13068 = FILL_AREA_STYLE('',(#13069));
#13069 = FILL_AREA_STYLE_COLOUR('',#11386);
#13070 = STYLED_ITEM('color',(#13071),#729);
#13071 = PRESENTATION_STYLE_ASSIGNMENT((#13072));
#13072 = SURFACE_STYLE_USAGE(.BOTH.,#13073);
#13073 = SURFACE_SIDE_STYLE('',(#13074));
#13074 = SURFACE_STYLE_FILL_AREA(#13075);
#13075 = FILL_AREA_STYLE('',(#13076));
#13076 = FILL_AREA_STYLE_COLOUR('',#11386);
#13077 = STYLED_ITEM('color',(#13078),#753);
#13078 = PRESENTATION_STYLE_ASSIGNMENT((#13079));
#13079 = SURFACE_STYLE_USAGE(.BOTH.,#13080);
#13080 = SURFACE_SIDE_STYLE('',(#13081));
#13081 = SURFACE_STYLE_FILL_AREA(#13082);
#13082 = FILL_AREA_STYLE('',(#13083));
#13083 = FILL_AREA_STYLE_COLOUR('',#11386);
#13084 = STYLED_ITEM('color',(#13085),#777);
#13085 = PRESENTATION_STYLE_ASSIGNMENT((#13086));
#13086 = SURFACE_STYLE_USAGE(.BOTH.,#13087);
#13087 = SURFACE_SIDE_STYLE('',(#13088));
#13088 = SURFACE_STYLE_FILL_AREA(#13089);
#13089 = FILL_AREA_STYLE('',(#13090));
#13090 = FILL_AREA_STYLE_COLOUR('',#13048);
#13091 = STYLED_ITEM('color',(#13092),#808);
#13092 = PRESENTATION_STYLE_ASSIGNMENT((#13093));
#13093 = SURFACE_STYLE_USAGE(.BOTH.,#13094);
#13094 = SURFACE_SIDE_STYLE('',(#13095));
#13095 = SURFACE_STYLE_FILL_AREA(#13096);
#13096 = FILL_AREA_STYLE('',(#13097));
#13097 = FILL_AREA_STYLE_COLOUR('',#13048);
#13098 = STYLED_ITEM('color',(#13099),#839);
#13099 = PRESENTATION_STYLE_ASSIGNMENT((#13100));
#13100 = SURFACE_STYLE_USAGE(.BOTH.,#13101);
#13101 = SURFACE_SIDE_STYLE('',(#13102));
#13102 = SURFACE_STYLE_FILL_AREA(#13103);
#13103 = FILL_AREA_STYLE('',(#13104));
#13104 = FILL_AREA_STYLE_COLOUR('',#11386);
#13105 = STYLED_ITEM('color',(#13106),#870);
#13106 = PRESENTATION_STYLE_ASSIGNMENT((#13107));
#13107 = SURFACE_STYLE_USAGE(.BOTH.,#13108);
#13108 = SURFACE_SIDE_STYLE('',(#13109));
#13109 = SURFACE_STYLE_FILL_AREA(#13110);
#13110 = FILL_AREA_STYLE('',(#13111));
#13111 = FILL_AREA_STYLE_COLOUR('',#11386);
#13112 = STYLED_ITEM('color',(#13113),#893);
#13113 = PRESENTATION_STYLE_ASSIGNMENT((#13114));
#13114 = SURFACE_STYLE_USAGE(.BOTH.,#13115);
#13115 = SURFACE_SIDE_STYLE('',(#13116));
#13116 = SURFACE_STYLE_FILL_AREA(#13117);
#13117 = FILL_AREA_STYLE('',(#13118));
#13118 = FILL_AREA_STYLE_COLOUR('',#11386);
#13119 = STYLED_ITEM('color',(#13120),#922);
#13120 = PRESENTATION_STYLE_ASSIGNMENT((#13121));
#13121 = SURFACE_STYLE_USAGE(.BOTH.,#13122);
#13122 = SURFACE_SIDE_STYLE('',(#13123));
#13123 = SURFACE_STYLE_FILL_AREA(#13124);
#13124 = FILL_AREA_STYLE('',(#13125));
#13125 = FILL_AREA_STYLE_COLOUR('',#11386);
#13126 = STYLED_ITEM('color',(#13127),#945);
#13127 = PRESENTATION_STYLE_ASSIGNMENT((#13128));
#13128 = SURFACE_STYLE_USAGE(.BOTH.,#13129);
#13129 = SURFACE_SIDE_STYLE('',(#13130));
#13130 = SURFACE_STYLE_FILL_AREA(#13131);
#13131 = FILL_AREA_STYLE('',(#13132));
#13132 = FILL_AREA_STYLE_COLOUR('',#11386);
#13133 = STYLED_ITEM('color',(#13134),#969);
#13134 = PRESENTATION_STYLE_ASSIGNMENT((#13135));
#13135 = SURFACE_STYLE_USAGE(.BOTH.,#13136);
#13136 = SURFACE_SIDE_STYLE('',(#13137));
#13137 = SURFACE_STYLE_FILL_AREA(#13138);
#13138 = FILL_AREA_STYLE('',(#13139));
#13139 = FILL_AREA_STYLE_COLOUR('',#13048);
#13140 = STYLED_ITEM('color',(#13141),#1061);
#13141 = PRESENTATION_STYLE_ASSIGNMENT((#13142));
#13142 = SURFACE_STYLE_USAGE(.BOTH.,#13143);
#13143 = SURFACE_SIDE_STYLE('',(#13144));
#13144 = SURFACE_STYLE_FILL_AREA(#13145);
#13145 = FILL_AREA_STYLE('',(#13146));
#13146 = FILL_AREA_STYLE_COLOUR('',#13048);
#13147 = STYLED_ITEM('color',(#13148),#1153);
#13148 = PRESENTATION_STYLE_ASSIGNMENT((#13149));
#13149 = SURFACE_STYLE_USAGE(.BOTH.,#13150);
#13150 = SURFACE_SIDE_STYLE('',(#13151));
#13151 = SURFACE_STYLE_FILL_AREA(#13152);
#13152 = FILL_AREA_STYLE('',(#13153));
#13153 = FILL_AREA_STYLE_COLOUR('',#11386);
#13154 = STYLED_ITEM('color',(#13155),#1183);
#13155 = PRESENTATION_STYLE_ASSIGNMENT((#13156));
#13156 = SURFACE_STYLE_USAGE(.BOTH.,#13157);
#13157 = SURFACE_SIDE_STYLE('',(#13158));
#13158 = SURFACE_STYLE_FILL_AREA(#13159);
#13159 = FILL_AREA_STYLE('',(#13160));
#13160 = FILL_AREA_STYLE_COLOUR('',#13048);
#13161 = STYLED_ITEM('color',(#13162),#1200);
#13162 = PRESENTATION_STYLE_ASSIGNMENT((#13163));
#13163 = SURFACE_STYLE_USAGE(.BOTH.,#13164);
#13164 = SURFACE_SIDE_STYLE('',(#13165));
#13165 = SURFACE_STYLE_FILL_AREA(#13166);
#13166 = FILL_AREA_STYLE('',(#13167));
#13167 = FILL_AREA_STYLE_COLOUR('',#11386);
#13168 = STYLED_ITEM('color',(#13169),#1223);
#13169 = PRESENTATION_STYLE_ASSIGNMENT((#13170));
#13170 = SURFACE_STYLE_USAGE(.BOTH.,#13171);
#13171 = SURFACE_SIDE_STYLE('',(#13172));
#13172 = SURFACE_STYLE_FILL_AREA(#13173);
#13173 = FILL_AREA_STYLE('',(#13174));
#13174 = FILL_AREA_STYLE_COLOUR('',#11386);
#13175 = STYLED_ITEM('color',(#13176),#1246);
#13176 = PRESENTATION_STYLE_ASSIGNMENT((#13177));
#13177 = SURFACE_STYLE_USAGE(.BOTH.,#13178);
#13178 = SURFACE_SIDE_STYLE('',(#13179));
#13179 = SURFACE_STYLE_FILL_AREA(#13180);
#13180 = FILL_AREA_STYLE('',(#13181));
#13181 = FILL_AREA_STYLE_COLOUR('',#11386);
#13182 = STYLED_ITEM('color',(#13183),#1269);
#13183 = PRESENTATION_STYLE_ASSIGNMENT((#13184));
#13184 = SURFACE_STYLE_USAGE(.BOTH.,#13185);
#13185 = SURFACE_SIDE_STYLE('',(#13186));
#13186 = SURFACE_STYLE_FILL_AREA(#13187);
#13187 = FILL_AREA_STYLE('',(#13188));
#13188 = FILL_AREA_STYLE_COLOUR('',#11386);
#13189 = STYLED_ITEM('color',(#13190),#1293);
#13190 = PRESENTATION_STYLE_ASSIGNMENT((#13191));
#13191 = SURFACE_STYLE_USAGE(.BOTH.,#13192);
#13192 = SURFACE_SIDE_STYLE('',(#13193));
#13193 = SURFACE_STYLE_FILL_AREA(#13194);
#13194 = FILL_AREA_STYLE('',(#13195));
#13195 = FILL_AREA_STYLE_COLOUR('',#13048);
#13196 = STYLED_ITEM('color',(#13197),#1385);
#13197 = PRESENTATION_STYLE_ASSIGNMENT((#13198));
#13198 = SURFACE_STYLE_USAGE(.BOTH.,#13199);
#13199 = SURFACE_SIDE_STYLE('',(#13200));
#13200 = SURFACE_STYLE_FILL_AREA(#13201);
#13201 = FILL_AREA_STYLE('',(#13202));
#13202 = FILL_AREA_STYLE_COLOUR('',#13048);
#13203 = STYLED_ITEM('color',(#13204),#1477);
#13204 = PRESENTATION_STYLE_ASSIGNMENT((#13205));
#13205 = SURFACE_STYLE_USAGE(.BOTH.,#13206);
#13206 = SURFACE_SIDE_STYLE('',(#13207));
#13207 = SURFACE_STYLE_FILL_AREA(#13208);
#13208 = FILL_AREA_STYLE('',(#13209));
#13209 = FILL_AREA_STYLE_COLOUR('',#11386);
#13210 = STYLED_ITEM('color',(#13211),#1501);
#13211 = PRESENTATION_STYLE_ASSIGNMENT((#13212));
#13212 = SURFACE_STYLE_USAGE(.BOTH.,#13213);
#13213 = SURFACE_SIDE_STYLE('',(#13214));
#13214 = SURFACE_STYLE_FILL_AREA(#13215);
#13215 = FILL_AREA_STYLE('',(#13216));
#13216 = FILL_AREA_STYLE_COLOUR('',#13048);
#13217 = STYLED_ITEM('color',(#13218),#1526);
#13218 = PRESENTATION_STYLE_ASSIGNMENT((#13219));
#13219 = SURFACE_STYLE_USAGE(.BOTH.,#13220);
#13220 = SURFACE_SIDE_STYLE('',(#13221));
#13221 = SURFACE_STYLE_FILL_AREA(#13222);
#13222 = FILL_AREA_STYLE('',(#13223));
#13223 = FILL_AREA_STYLE_COLOUR('',#13048);
#13224 = STYLED_ITEM('color',(#13225),#1610);
#13225 = PRESENTATION_STYLE_ASSIGNMENT((#13226));
#13226 = SURFACE_STYLE_USAGE(.BOTH.,#13227);
#13227 = SURFACE_SIDE_STYLE('',(#13228));
#13228 = SURFACE_STYLE_FILL_AREA(#13229);
#13229 = FILL_AREA_STYLE('',(#13230));
#13230 = FILL_AREA_STYLE_COLOUR('',#13048);
#13231 = STYLED_ITEM('color',(#13232),#1702);
#13232 = PRESENTATION_STYLE_ASSIGNMENT((#13233));
#13233 = SURFACE_STYLE_USAGE(.BOTH.,#13234);
#13234 = SURFACE_SIDE_STYLE('',(#13235));
#13235 = SURFACE_STYLE_FILL_AREA(#13236);
#13236 = FILL_AREA_STYLE('',(#13237));
#13237 = FILL_AREA_STYLE_COLOUR('',#13048);
#13238 = STYLED_ITEM('color',(#13239),#1719);
#13239 = PRESENTATION_STYLE_ASSIGNMENT((#13240));
#13240 = SURFACE_STYLE_USAGE(.BOTH.,#13241);
#13241 = SURFACE_SIDE_STYLE('',(#13242));
#13242 = SURFACE_STYLE_FILL_AREA(#13243);
#13243 = FILL_AREA_STYLE('',(#13244));
#13244 = FILL_AREA_STYLE_COLOUR('',#11386);
#13245 = STYLED_ITEM('color',(#13246),#1750);
#13246 = PRESENTATION_STYLE_ASSIGNMENT((#13247));
#13247 = SURFACE_STYLE_USAGE(.BOTH.,#13248);
#13248 = SURFACE_SIDE_STYLE('',(#13249));
#13249 = SURFACE_STYLE_FILL_AREA(#13250);
#13250 = FILL_AREA_STYLE('',(#13251));
#13251 = FILL_AREA_STYLE_COLOUR('',#11386);
#13252 = STYLED_ITEM('color',(#13253),#1773);
#13253 = PRESENTATION_STYLE_ASSIGNMENT((#13254));
#13254 = SURFACE_STYLE_USAGE(.BOTH.,#13255);
#13255 = SURFACE_SIDE_STYLE('',(#13256));
#13256 = SURFACE_STYLE_FILL_AREA(#13257);
#13257 = FILL_AREA_STYLE('',(#13258));
#13258 = FILL_AREA_STYLE_COLOUR('',#11386);
#13259 = STYLED_ITEM('color',(#13260),#1829);
#13260 = PRESENTATION_STYLE_ASSIGNMENT((#13261));
#13261 = SURFACE_STYLE_USAGE(.BOTH.,#13262);
#13262 = SURFACE_SIDE_STYLE('',(#13263));
#13263 = SURFACE_STYLE_FILL_AREA(#13264);
#13264 = FILL_AREA_STYLE('',(#13265));
#13265 = FILL_AREA_STYLE_COLOUR('',#11386);
#13266 = STYLED_ITEM('color',(#13267),#1845);
#13267 = PRESENTATION_STYLE_ASSIGNMENT((#13268));
#13268 = SURFACE_STYLE_USAGE(.BOTH.,#13269);
#13269 = SURFACE_SIDE_STYLE('',(#13270));
#13270 = SURFACE_STYLE_FILL_AREA(#13271);
#13271 = FILL_AREA_STYLE('',(#13272));
#13272 = FILL_AREA_STYLE_COLOUR('',#11386);
#13273 = STYLED_ITEM('color',(#13274),#1868);
#13274 = PRESENTATION_STYLE_ASSIGNMENT((#13275));
#13275 = SURFACE_STYLE_USAGE(.BOTH.,#13276);
#13276 = SURFACE_SIDE_STYLE('',(#13277));
#13277 = SURFACE_STYLE_FILL_AREA(#13278);
#13278 = FILL_AREA_STYLE('',(#13279));
#13279 = FILL_AREA_STYLE_COLOUR('',#13048);
#13280 = STYLED_ITEM('color',(#13281),#1887);
#13281 = PRESENTATION_STYLE_ASSIGNMENT((#13282));
#13282 = SURFACE_STYLE_USAGE(.BOTH.,#13283);
#13283 = SURFACE_SIDE_STYLE('',(#13284));
#13284 = SURFACE_STYLE_FILL_AREA(#13285);
#13285 = FILL_AREA_STYLE('',(#13286));
#13286 = FILL_AREA_STYLE_COLOUR('',#13048);
#13287 = STYLED_ITEM('color',(#13288),#1904);
#13288 = PRESENTATION_STYLE_ASSIGNMENT((#13289));
#13289 = SURFACE_STYLE_USAGE(.BOTH.,#13290);
#13290 = SURFACE_SIDE_STYLE('',(#13291));
#13291 = SURFACE_STYLE_FILL_AREA(#13292);
#13292 = FILL_AREA_STYLE('',(#13293));
#13293 = FILL_AREA_STYLE_COLOUR('',#13048);
#13294 = STYLED_ITEM('color',(#13295),#1921);
#13295 = PRESENTATION_STYLE_ASSIGNMENT((#13296));
#13296 = SURFACE_STYLE_USAGE(.BOTH.,#13297);
#13297 = SURFACE_SIDE_STYLE('',(#13298));
#13298 = SURFACE_STYLE_FILL_AREA(#13299);
#13299 = FILL_AREA_STYLE('',(#13300));
#13300 = FILL_AREA_STYLE_COLOUR('',#13048);
#13301 = STYLED_ITEM('color',(#13302),#1938);
#13302 = PRESENTATION_STYLE_ASSIGNMENT((#13303));
#13303 = SURFACE_STYLE_USAGE(.BOTH.,#13304);
#13304 = SURFACE_SIDE_STYLE('',(#13305));
#13305 = SURFACE_STYLE_FILL_AREA(#13306);
#13306 = FILL_AREA_STYLE('',(#13307));
#13307 = FILL_AREA_STYLE_COLOUR('',#13048);
#13308 = STYLED_ITEM('color',(#13309),#1955);
#13309 = PRESENTATION_STYLE_ASSIGNMENT((#13310));
#13310 = SURFACE_STYLE_USAGE(.BOTH.,#13311);
#13311 = SURFACE_SIDE_STYLE('',(#13312));
#13312 = SURFACE_STYLE_FILL_AREA(#13313);
#13313 = FILL_AREA_STYLE('',(#13314));
#13314 = FILL_AREA_STYLE_COLOUR('',#13048);
#13315 = STYLED_ITEM('color',(#13316),#1972);
#13316 = PRESENTATION_STYLE_ASSIGNMENT((#13317));
#13317 = SURFACE_STYLE_USAGE(.BOTH.,#13318);
#13318 = SURFACE_SIDE_STYLE('',(#13319));
#13319 = SURFACE_STYLE_FILL_AREA(#13320);
#13320 = FILL_AREA_STYLE('',(#13321));
#13321 = FILL_AREA_STYLE_COLOUR('',#13048);
#13322 = STYLED_ITEM('color',(#13323),#1989);
#13323 = PRESENTATION_STYLE_ASSIGNMENT((#13324));
#13324 = SURFACE_STYLE_USAGE(.BOTH.,#13325);
#13325 = SURFACE_SIDE_STYLE('',(#13326));
#13326 = SURFACE_STYLE_FILL_AREA(#13327);
#13327 = FILL_AREA_STYLE('',(#13328));
#13328 = FILL_AREA_STYLE_COLOUR('',#13048);
#13329 = STYLED_ITEM('color',(#13330),#2006);
#13330 = PRESENTATION_STYLE_ASSIGNMENT((#13331));
#13331 = SURFACE_STYLE_USAGE(.BOTH.,#13332);
#13332 = SURFACE_SIDE_STYLE('',(#13333));
#13333 = SURFACE_STYLE_FILL_AREA(#13334);
#13334 = FILL_AREA_STYLE('',(#13335));
#13335 = FILL_AREA_STYLE_COLOUR('',#13048);
#13336 = STYLED_ITEM('color',(#13337),#2018);
#13337 = PRESENTATION_STYLE_ASSIGNMENT((#13338));
#13338 = SURFACE_STYLE_USAGE(.BOTH.,#13339);
#13339 = SURFACE_SIDE_STYLE('',(#13340));
#13340 = SURFACE_STYLE_FILL_AREA(#13341);
#13341 = FILL_AREA_STYLE('',(#13342));
#13342 = FILL_AREA_STYLE_COLOUR('',#11386);
#13343 = STYLED_ITEM('color',(#13344),#2034);
#13344 = PRESENTATION_STYLE_ASSIGNMENT((#13345));
#13345 = SURFACE_STYLE_USAGE(.BOTH.,#13346);
#13346 = SURFACE_SIDE_STYLE('',(#13347));
#13347 = SURFACE_STYLE_FILL_AREA(#13348);
#13348 = FILL_AREA_STYLE('',(#13349));
#13349 = FILL_AREA_STYLE_COLOUR('',#11386);
#13350 = STYLED_ITEM('color',(#13351),#2050);
#13351 = PRESENTATION_STYLE_ASSIGNMENT((#13352));
#13352 = SURFACE_STYLE_USAGE(.BOTH.,#13353);
#13353 = SURFACE_SIDE_STYLE('',(#13354));
#13354 = SURFACE_STYLE_FILL_AREA(#13355);
#13355 = FILL_AREA_STYLE('',(#13356));
#13356 = FILL_AREA_STYLE_COLOUR('',#11386);
#13357 = STYLED_ITEM('color',(#13358),#2066);
#13358 = PRESENTATION_STYLE_ASSIGNMENT((#13359));
#13359 = SURFACE_STYLE_USAGE(.BOTH.,#13360);
#13360 = SURFACE_SIDE_STYLE('',(#13361));
#13361 = SURFACE_STYLE_FILL_AREA(#13362);
#13362 = FILL_AREA_STYLE('',(#13363));
#13363 = FILL_AREA_STYLE_COLOUR('',#11386);
#13364 = STYLED_ITEM('color',(#13365),#2092);
#13365 = PRESENTATION_STYLE_ASSIGNMENT((#13366));
#13366 = SURFACE_STYLE_USAGE(.BOTH.,#13367);
#13367 = SURFACE_SIDE_STYLE('',(#13368));
#13368 = SURFACE_STYLE_FILL_AREA(#13369);
#13369 = FILL_AREA_STYLE('',(#13370));
#13370 = FILL_AREA_STYLE_COLOUR('',#13048);
#13371 = STYLED_ITEM('color',(#13372),#2111);
#13372 = PRESENTATION_STYLE_ASSIGNMENT((#13373));
#13373 = SURFACE_STYLE_USAGE(.BOTH.,#13374);
#13374 = SURFACE_SIDE_STYLE('',(#13375));
#13375 = SURFACE_STYLE_FILL_AREA(#13376);
#13376 = FILL_AREA_STYLE('',(#13377));
#13377 = FILL_AREA_STYLE_COLOUR('',#13048);
#13378 = STYLED_ITEM('color',(#13379),#2128);
#13379 = PRESENTATION_STYLE_ASSIGNMENT((#13380));
#13380 = SURFACE_STYLE_USAGE(.BOTH.,#13381);
#13381 = SURFACE_SIDE_STYLE('',(#13382));
#13382 = SURFACE_STYLE_FILL_AREA(#13383);
#13383 = FILL_AREA_STYLE('',(#13384));
#13384 = FILL_AREA_STYLE_COLOUR('',#13048);
#13385 = STYLED_ITEM('color',(#13386),#2145);
#13386 = PRESENTATION_STYLE_ASSIGNMENT((#13387));
#13387 = SURFACE_STYLE_USAGE(.BOTH.,#13388);
#13388 = SURFACE_SIDE_STYLE('',(#13389));
#13389 = SURFACE_STYLE_FILL_AREA(#13390);
#13390 = FILL_AREA_STYLE('',(#13391));
#13391 = FILL_AREA_STYLE_COLOUR('',#13048);
#13392 = STYLED_ITEM('color',(#13393),#2162);
#13393 = PRESENTATION_STYLE_ASSIGNMENT((#13394));
#13394 = SURFACE_STYLE_USAGE(.BOTH.,#13395);
#13395 = SURFACE_SIDE_STYLE('',(#13396));
#13396 = SURFACE_STYLE_FILL_AREA(#13397);
#13397 = FILL_AREA_STYLE('',(#13398));
#13398 = FILL_AREA_STYLE_COLOUR('',#13048);
#13399 = STYLED_ITEM('color',(#13400),#2179);
#13400 = PRESENTATION_STYLE_ASSIGNMENT((#13401));
#13401 = SURFACE_STYLE_USAGE(.BOTH.,#13402);
#13402 = SURFACE_SIDE_STYLE('',(#13403));
#13403 = SURFACE_STYLE_FILL_AREA(#13404);
#13404 = FILL_AREA_STYLE('',(#13405));
#13405 = FILL_AREA_STYLE_COLOUR('',#13048);
#13406 = STYLED_ITEM('color',(#13407),#2196);
#13407 = PRESENTATION_STYLE_ASSIGNMENT((#13408));
#13408 = SURFACE_STYLE_USAGE(.BOTH.,#13409);
#13409 = SURFACE_SIDE_STYLE('',(#13410));
#13410 = SURFACE_STYLE_FILL_AREA(#13411);
#13411 = FILL_AREA_STYLE('',(#13412));
#13412 = FILL_AREA_STYLE_COLOUR('',#13048);
#13413 = STYLED_ITEM('color',(#13414),#2213);
#13414 = PRESENTATION_STYLE_ASSIGNMENT((#13415));
#13415 = SURFACE_STYLE_USAGE(.BOTH.,#13416);
#13416 = SURFACE_SIDE_STYLE('',(#13417));
#13417 = SURFACE_STYLE_FILL_AREA(#13418);
#13418 = FILL_AREA_STYLE('',(#13419));
#13419 = FILL_AREA_STYLE_COLOUR('',#13048);
#13420 = STYLED_ITEM('color',(#13421),#2230);
#13421 = PRESENTATION_STYLE_ASSIGNMENT((#13422));
#13422 = SURFACE_STYLE_USAGE(.BOTH.,#13423);
#13423 = SURFACE_SIDE_STYLE('',(#13424));
#13424 = SURFACE_STYLE_FILL_AREA(#13425);
#13425 = FILL_AREA_STYLE('',(#13426));
#13426 = FILL_AREA_STYLE_COLOUR('',#13048);
#13427 = STYLED_ITEM('color',(#13428),#2242);
#13428 = PRESENTATION_STYLE_ASSIGNMENT((#13429));
#13429 = SURFACE_STYLE_USAGE(.BOTH.,#13430);
#13430 = SURFACE_SIDE_STYLE('',(#13431));
#13431 = SURFACE_STYLE_FILL_AREA(#13432);
#13432 = FILL_AREA_STYLE('',(#13433));
#13433 = FILL_AREA_STYLE_COLOUR('',#13048);
#13434 = STYLED_ITEM('color',(#13435),#2261);
#13435 = PRESENTATION_STYLE_ASSIGNMENT((#13436));
#13436 = SURFACE_STYLE_USAGE(.BOTH.,#13437);
#13437 = SURFACE_SIDE_STYLE('',(#13438));
#13438 = SURFACE_STYLE_FILL_AREA(#13439);
#13439 = FILL_AREA_STYLE('',(#13440));
#13440 = FILL_AREA_STYLE_COLOUR('',#13048);
#13441 = STYLED_ITEM('color',(#13442),#2278);
#13442 = PRESENTATION_STYLE_ASSIGNMENT((#13443));
#13443 = SURFACE_STYLE_USAGE(.BOTH.,#13444);
#13444 = SURFACE_SIDE_STYLE('',(#13445));
#13445 = SURFACE_STYLE_FILL_AREA(#13446);
#13446 = FILL_AREA_STYLE('',(#13447));
#13447 = FILL_AREA_STYLE_COLOUR('',#13048);
#13448 = STYLED_ITEM('color',(#13449),#2295);
#13449 = PRESENTATION_STYLE_ASSIGNMENT((#13450));
#13450 = SURFACE_STYLE_USAGE(.BOTH.,#13451);
#13451 = SURFACE_SIDE_STYLE('',(#13452));
#13452 = SURFACE_STYLE_FILL_AREA(#13453);
#13453 = FILL_AREA_STYLE('',(#13454));
#13454 = FILL_AREA_STYLE_COLOUR('',#13048);
#13455 = STYLED_ITEM('color',(#13456),#2312);
#13456 = PRESENTATION_STYLE_ASSIGNMENT((#13457));
#13457 = SURFACE_STYLE_USAGE(.BOTH.,#13458);
#13458 = SURFACE_SIDE_STYLE('',(#13459));
#13459 = SURFACE_STYLE_FILL_AREA(#13460);
#13460 = FILL_AREA_STYLE('',(#13461));
#13461 = FILL_AREA_STYLE_COLOUR('',#13048);
#13462 = STYLED_ITEM('color',(#13463),#2329);
#13463 = PRESENTATION_STYLE_ASSIGNMENT((#13464));
#13464 = SURFACE_STYLE_USAGE(.BOTH.,#13465);
#13465 = SURFACE_SIDE_STYLE('',(#13466));
#13466 = SURFACE_STYLE_FILL_AREA(#13467);
#13467 = FILL_AREA_STYLE('',(#13468));
#13468 = FILL_AREA_STYLE_COLOUR('',#13048);
#13469 = STYLED_ITEM('color',(#13470),#2346);
#13470 = PRESENTATION_STYLE_ASSIGNMENT((#13471));
#13471 = SURFACE_STYLE_USAGE(.BOTH.,#13472);
#13472 = SURFACE_SIDE_STYLE('',(#13473));
#13473 = SURFACE_STYLE_FILL_AREA(#13474);
#13474 = FILL_AREA_STYLE('',(#13475));
#13475 = FILL_AREA_STYLE_COLOUR('',#13048);
#13476 = STYLED_ITEM('color',(#13477),#2363);
#13477 = PRESENTATION_STYLE_ASSIGNMENT((#13478));
#13478 = SURFACE_STYLE_USAGE(.BOTH.,#13479);
#13479 = SURFACE_SIDE_STYLE('',(#13480));
#13480 = SURFACE_STYLE_FILL_AREA(#13481);
#13481 = FILL_AREA_STYLE('',(#13482));
#13482 = FILL_AREA_STYLE_COLOUR('',#13048);
#13483 = STYLED_ITEM('color',(#13484),#2380);
#13484 = PRESENTATION_STYLE_ASSIGNMENT((#13485));
#13485 = SURFACE_STYLE_USAGE(.BOTH.,#13486);
#13486 = SURFACE_SIDE_STYLE('',(#13487));
#13487 = SURFACE_STYLE_FILL_AREA(#13488);
#13488 = FILL_AREA_STYLE('',(#13489));
#13489 = FILL_AREA_STYLE_COLOUR('',#13048);
ENDSEC;
END-ISO-10303-21;
