  0
SECTION
  2
HEADER
  9
$ACADVER
  1
AC1014
  9
$ACADMAINTVER
 70
     9
  9
$DWGCODEPAGE
  3
ANSI_1252
  9
$INSBASE
 10
0.0
 20
0.0
 30
0.0
  9
$EXTMIN
 10
1.000000000000000E+20
 20
1.000000000000000E+20
 30
1.000000000000000E+20
  9
$EXTMAX
 10
-1.000000000000000E+20
 20
-1.000000000000000E+20
 30
-1.000000000000000E+20
  9
$LIMMIN
 10
0.0
 20
0.0
  9
$LIMMAX
 10
420.0
 20
297.0
  9
$ORTHOMODE
 70
     0
  9
$REGENMODE
 70
     1
  9
$FILLMODE
 70
     1
  9
$QTEXTMODE
 70
     0
  9
$MIRRTEXT
 70
     1
  9
$DRAGMODE
 70
     2
  9
$LTSCALE
 40
1.0
  9
$OSMODE
 70
    37
  9
$ATTMODE
 70
     1
  9
$TEXTSIZE
 40
2.5
  9
$TRACEWID
 40
1.0
  9
$TEXTSTYLE
  7
STANDARD
  9
$CLAYER
  8
0
  9
$CELTYPE
  6
BYLAYER
  9
$CECOLOR
 62
   256
  9
$CELTSCALE
 40
1.0
  9
$DELOBJ
 70
     1
  9
$DISPSILH
 70
     0
  9
$DIMSCALE
 40
1.0
  9
$DIMASZ
 40
2.5
  9
$DIMEXO
 40
0.625
  9
$DIMDLI
 40
3.75
  9
$DIMRND
 40
0.0
  9
$DIMDLE
 40
0.0
  9
$DIMEXE
 40
1.25
  9
$DIMTP
 40
0.0
  9
$DIMTM
 40
0.0
  9
$DIMTXT
 40
2.5
  9
$DIMCEN
 40
2.5
  9
$DIMTSZ
 40
0.0
  9
$DIMTOL
 70
     0
  9
$DIMLIM
 70
     0
  9
$DIMTIH
 70
     0
  9
$DIMTOH
 70
     0
  9
$DIMSE1
 70
     0
  9
$DIMSE2
 70
     0
  9
$DIMTAD
 70
     1
  9
$DIMZIN
 70
     8
  9
$DIMBLK
  1

  9
$DIMASO
 70
     1
  9
$DIMSHO
 70
     1
  9
$DIMPOST
  1

  9
$DIMAPOST
  1

  9
$DIMALT
 70
     0
  9
$DIMALTD
 70
     3
  9
$DIMALTF
 40
0.03937007874016
  9
$DIMLFAC
 40
1.0
  9
$DIMTOFL
 70
     1
  9
$DIMTVP
 40
0.0
  9
$DIMTIX
 70
     0
  9
$DIMSOXD
 70
     0
  9
$DIMSAH
 70
     0
  9
$DIMBLK1
  1

  9
$DIMBLK2
  1

  9
$DIMSTYLE
  2
ISO-25
  9
$DIMCLRD
 70
     0
  9
$DIMCLRE
 70
     0
  9
$DIMCLRT
 70
     0
  9
$DIMTFAC
 40
1.0
  9
$DIMGAP
 40
0.625
  9
$DIMJUST
 70
     0
  9
$DIMSD1
 70
     0
  9
$DIMSD2
 70
     0
  9
$DIMTOLJ
 70
     0
  9
$DIMTZIN
 70
     8
  9
$DIMALTZ
 70
     0
  9
$DIMALTTZ
 70
     0
  9
$DIMFIT
 70
     3
  9
$DIMUPT
 70
     0
  9
$DIMUNIT
 70
     2
  9
$DIMDEC
 70
     2
  9
$DIMTDEC
 70
     2
  9
$DIMALTU
 70
     2
  9
$DIMALTTD
 70
     3
  9
$DIMTXSTY
  7
STANDARD
  9
$DIMAUNIT
 70
     0
  9
$LUNITS
 70
     2
  9
$LUPREC
 70
     4
  9
$SKETCHINC
 40
1.0
  9
$FILLETRAD
 40
0.0
  9
$AUNITS
 70
     0
  9
$AUPREC
 70
     0
  9
$MENU
  1
.
  9
$ELEVATION
 40
0.0
  9
$PELEVATION
 40
0.0
  9
$THICKNESS
 40
0.0
  9
$LIMCHECK
 70
     0
  9
$CHAMFERA
 40
0.0
  9
$CHAMFERB
 40
0.0
  9
$CHAMFERC
 40
0.0
  9
$CHAMFERD
 40
0.0
  9
$SKPOLY
 70
     0
  9
$TDCREATE
 40
2461179.036822952
  9
$TDUPDATE
 40
2461179.036823033
  9
$TDINDWG
 40
0.0000000116
  9
$TDUSRTIMER
 40
0.0000000116
  9
$USRTIMER
 70
     1
  9
$ANGBASE
 50
0.0
  9
$ANGDIR
 70
     0
  9
$PDMODE
 70
     0
  9
$PDSIZE
 40
0.0
  9
$PLINEWID
 40
0.0
  9
$COORDS
 70
     1
  9
$SPLFRAME
 70
     0
  9
$SPLINETYPE
 70
     6
  9
$SPLINESEGS
 70
     8
  9
$ATTDIA
 70
     0
  9
$ATTREQ
 70
     1
  9
$HANDLING
 70
     1
  9
$HANDSEED
  5
100002CF
  9
$SURFTAB1
 70
     6
  9
$SURFTAB2
 70
     6
  9
$SURFTYPE
 70
     6
  9
$SURFU
 70
     6
  9
$SURFV
 70
     6
  9
$UCSNAME
  2

  9
$UCSORG
 10
0.0
 20
0.0
 30
0.0
  9
$UCSXDIR
 10
1.0
 20
0.0
 30
0.0
  9
$UCSYDIR
 10
0.0
 20
1.0
 30
0.0
  9
$PUCSNAME
  2

  9
$PUCSORG
 10
0.0
 20
0.0
 30
0.0
  9
$PUCSXDIR
 10
1.0
 20
0.0
 30
0.0
  9
$PUCSYDIR
 10
0.0
 20
1.0
 30
0.0
  9
$USERI1
 70
     0
  9
$USERI2
 70
     0
  9
$USERI3
 70
     0
  9
$USERI4
 70
     0
  9
$USERI5
 70
     0
  9
$USERR1
 40
0.0
  9
$USERR2
 40
0.0
  9
$USERR3
 40
0.0
  9
$USERR4
 40
0.0
  9
$USERR5
 40
0.0
  9
$WORLDVIEW
 70
     1
  9
$SHADEDGE
 70
     3
  9
$SHADEDIF
 70
    70
  9
$TILEMODE
 70
     1
  9
$MAXACTVP
 70
    64
  9
$PINSBASE
 10
0.0
 20
0.0
 30
0.0
  9
$PLIMCHECK
 70
     0
  9
$PEXTMIN
 10
1.000000000000000E+20
 20
1.000000000000000E+20
 30
1.000000000000000E+20
  9
$PEXTMAX
 10
-1.000000000000000E+20
 20
-1.000000000000000E+20
 30
-1.000000000000000E+20
  9
$PLIMMIN
 10
0.0
 20
0.0
  9
$PLIMMAX
 10
420.0
 20
297.0
  9
$UNITMODE
 70
     0
  9
$VISRETAIN
 70
     1
  9
$PLINEGEN
 70
     0
  9
$PSLTSCALE
 70
     1
  9
$TREEDEPTH
 70
  3020
  9
$PICKSTYLE
 70
     1
  9
$CMLSTYLE
  2
STANDARD
  9
$CMLJUST
 70
     0
  9
$CMLSCALE
 40
20.0
  9
$PROXYGRAPHICS
 70
     1
  9
$MEASUREMENT
 70
     1
  0
ENDSEC
  0
SECTION
  2
CLASSES
  0
CLASS
  1
ACDBDICTIONARYWDFLT
  2
AcDbDictionaryWithDefault
  3
ObjectDBX Classes
 90
        0
280
     0
281
     0
  0
CLASS
  1
VISUALSTYLE
  2
AcDbVisualStyle
  3
ObjectDBX Classes
 90
     4095
280
     0
281
     0
  0
CLASS
  1
MATERIAL
  2
AcDbMaterial
  3
ObjectDBX Classes
 90
     1153
280
     0
281
     0
  0
CLASS
  1
SCALE
  2
AcDbScale
  3
ObjectDBX Classes
 90
     1153
280
     0
281
     0
  0
CLASS
  1
TABLESTYLE
  2
AcDbTableStyle
  3
ObjectDBX Classes
 90
     4095
280
     0
281
     0
  0
CLASS
  1
MLEADERSTYLE
  2
AcDbMLeaderStyle
  3
ACDB_MLEADERSTYLE_CLASS
 90
     4095
280
     0
281
     0
  0
CLASS
  1
SUN
  2
AcDbSun
  3
SCENEOE
 90
     1153
280
     0
281
     0
  0
CLASS
  1
SORTENTSTABLE
  2
AcDbSortentsTable
  3
ObjectDBX Classes
 90
        0
280
     0
281
     0
  0
CLASS
  1
DICTIONARYVAR
  2
AcDbDictionaryVar
  3
ObjectDBX Classes
 90
        0
280
     0
281
     0
  0
CLASS
  1
XRECORD
  2
AcDbXrecord
  3
ObjectDBX Classes
 90
        0
280
     0
281
     0
  0
CLASS
  1
LWPOLYLINE
  2
AcDbPolyline
  3
ObjectDBX Classes
 90
        0
280
     0
281
     1
  0
CLASS
  1
HATCH
  2
AcDbHatch
  3
ObjectDBX Classes
 90
        0
280
     0
281
     1
  0
CLASS
  1
ACDBPLACEHOLDER
  2
AcDbPlaceHolder
  3
ObjectDBX Classes
 90
        0
280
     0
281
     0
  0
CLASS
  1
LAYOUT
  2
AcDbLayout
  3
ObjectDBX Classes
 90
        0
280
     0
281
     0
  0
ENDSEC
  0
SECTION
  2
TABLES
  0
TABLE
  2
VPORT
  5
8
102
{ACAD_XDICTIONARY
360
100002C4
102
}
330
0
100
AcDbSymbolTable
 70
     1
  0
VPORT
  5
29
330
8
100
AcDbSymbolTableRecord
100
AcDbViewportTableRecord
  2
*ACTIVE
 70
     0
 10
0.0
 20
0.0
 11
1.0
 21
1.0
 12
344.1869158878504
 22
148.5
 13
0.0
 23
0.0
 14
10.0
 24
10.0
 15
10.0
 25
10.0
 16
0.0
 26
0.0
 36
1.0
 17
0.0
 27
0.0
 37
0.0
 40
297.0
 41
1.972972972850329
 42
50.0
 43
0.0
 44
0.0
 50
0.0
 51
0.0
 71
     0
 72
   100
 73
     1
 74
     3
 75
     0
 76
     0
 77
     0
 78
     0
  0
ENDTAB
  0
TABLE
  2
LTYPE
  5
5
330
0
100
AcDbSymbolTable
 70
     7
  0
LTYPE
  5
14
330
5
100
AcDbSymbolTableRecord
100
AcDbLinetypeTableRecord
  2
BYBLOCK
 70
     0
  3

 72
    65
 73
     0
 40
0.0
  0
LTYPE
  5
15
330
5
100
AcDbSymbolTableRecord
100
AcDbLinetypeTableRecord
  2
BYLAYER
 70
     0
  3

 72
    65
 73
     0
 40
0.0
  0
LTYPE
  5
16
330
5
100
AcDbSymbolTableRecord
100
AcDbLinetypeTableRecord
  2
CONTINUOUS
 70
     0
  3
Solid line
 72
    65
 73
     0
 40
0.0
  0
LTYPE
  5
10000024
330
5
100
AcDbSymbolTableRecord
100
AcDbLinetypeTableRecord
  2
ONS_PHANTOM
 70
     0
  3
Onshape Phantom line ______ __ __ ______
 72
    65
 73
     6
 40
0.4999999999999999
 49
0.25
 74
     0
 49
-0.05
 74
     0
 49
0.05
 74
     0
 49
-0.05
 74
     0
 49
0.05
 74
     0
 49
-0.05
 74
     0
  0
LTYPE
  5
10000025
330
5
100
AcDbSymbolTableRecord
100
AcDbLinetypeTableRecord
  2
CENTER
 70
     0
  3
Center line ____ _ ____ _ ____ _
 72
    65
 73
     4
 40
0.7874015748031495
 49
0.4921259842519685
 74
     0
 49
-0.0984251968503937
 74
     0
 49
0.0984251968503937
 74
     0
 49
-0.0984251968503937
 74
     0
  0
LTYPE
  5
10000026
330
5
100
AcDbSymbolTableRecord
100
AcDbLinetypeTableRecord
  2
DASHED
 70
     0
  3
Dashed line __ __ __ __ __
 72
    65
 73
     2
 40
0.75
 49
0.5
 74
     0
 49
-0.25
 74
     0
  0
LTYPE
  5
10000027
330
5
100
AcDbSymbolTableRecord
100
AcDbLinetypeTableRecord
  2
ONS_DASHDOT
 70
     0
  3
Onshape Dashed with Dot _ . ____ . ____
 72
    65
 73
     4
 40
0.71
 49
0.5
 74
     0
 49
-0.1
 74
     0
 49
0.01
 74
     0
 49
-0.1
 74
     0
  0
LTYPE
  5
10000028
330
5
100
AcDbSymbolTableRecord
100
AcDbLinetypeTableRecord
  2
ONS_DOTTED
 70
     0
  3
Onshape Dotted line . . . . . . .
 72
    65
 73
     2
 40
0.11
 49
0.01
 74
     0
 49
-0.1
 74
     0
  0
LTYPE
  5
10000029
330
5
100
AcDbSymbolTableRecord
100
AcDbLinetypeTableRecord
  2
HIDDEN
 70
     0
  3
Hidden line ____ ____ ____ ____ 
 72
    65
 73
     2
 40
0.15
 49
0.1
 74
     0
 49
-0.05
 74
     0
  0
ENDTAB
  0
TABLE
  2
LAYER
  5
2
330
0
100
AcDbSymbolTable
 70
    48
  0
LAYER
  5
10
330
2
100
AcDbSymbolTableRecord
100
AcDbLayerTableRecord
  2
0
 70
     0
 62
     7
  6
CONTINUOUS
  0
LAYER
  5
1000002A
330
2
100
AcDbSymbolTableRecord
100
AcDbLayerTableRecord
  2
SECTION_CUTTING_LINE
 70
     0
 62
     7
  6
ONS_DASHDOT
  0
LAYER
  5
1000002B
330
2
100
AcDbSymbolTableRecord
100
AcDbLayerTableRecord
  2
DETAIL_VIEW_BORDER
 70
     0
 62
     7
  6
CONTINUOUS
  0
LAYER
  5
1000002C
330
2
100
AcDbSymbolTableRecord
100
AcDbLayerTableRecord
  2
DETAIL_VIEW_PARENT_BORDER
 70
     0
 62
     7
  6
ONS_PHANTOM
  0
LAYER
  5
1000002D
330
2
100
AcDbSymbolTableRecord
100
AcDbLayerTableRecord
  2
TEXT
 70
     0
 62
     7
  6
CONTINUOUS
  0
LAYER
  5
1000002E
330
2
100
AcDbSymbolTableRecord
100
AcDbLayerTableRecord
  2
SKETCHED_GEOMETRY
 70
     0
 62
    -7
  6
CONTINUOUS
  0
LAYER
  5
1000002F
330
2
100
AcDbSymbolTableRecord
100
AcDbLayerTableRecord
  2
VIRTUAL_SHARPS
 70
     0
 62
    -7
  6
CONTINUOUS
  0
LAYER
  5
10000030
330
2
100
AcDbSymbolTableRecord
100
AcDbLayerTableRecord
  2
CENTERLINES
 70
     0
 62
    -7
  6
CENTER
  0
LAYER
  5
10000031
330
2
100
AcDbSymbolTableRecord
100
AcDbLayerTableRecord
  2
CENTERMARKS
 70
     0
 62
    -7
  6
CONTINUOUS
  0
LAYER
  5
10000032
330
2
100
AcDbSymbolTableRecord
100
AcDbLayerTableRecord
  2
TABLES
 70
     0
 62
     7
  6
CONTINUOUS
  0
LAYER
  5
10000033
330
2
100
AcDbSymbolTableRecord
100
AcDbLayerTableRecord
  2
IMAGES
 70
     0
 62
    -7
  6
CONTINUOUS
  0
LAYER
  5
10000034
330
2
100
AcDbSymbolTableRecord
100
AcDbLayerTableRecord
  2
ANNOTATION_LINES
 70
     0
 62
    -7
  6
CONTINUOUS
  0
LAYER
  5
10000035
330
2
100
AcDbSymbolTableRecord
100
AcDbLayerTableRecord
  2
ANNOTATION_TEXT
 70
     0
 62
    -7
  6
CONTINUOUS
  0
LAYER
  5
10000036
330
2
100
AcDbSymbolTableRecord
100
AcDbLayerTableRecord
  2
SIDE_THREAD_SYMBOLS
 70
     0
 62
     7
  6
CONTINUOUS
  0
LAYER
  5
10000037
330
2
100
AcDbSymbolTableRecord
100
AcDbLayerTableRecord
  2
SIDE_THREAD_SYMBOLS_HIDDEN
 70
     0
 62
    -7
  6
HIDDEN
  0
LAYER
  5
10000038
330
2
100
AcDbSymbolTableRecord
100
AcDbLayerTableRecord
  2
SURFACE_THREAD_SYMBOLS
 70
     0
 62
     7
  6
CONTINUOUS
  0
LAYER
  5
10000039
330
2
100
AcDbSymbolTableRecord
100
AcDbLayerTableRecord
  2
SURFACE_THREAD_SYMBOLS_ON_
 70
     0
 62
     7
  6
CONTINUOUS
  0
LAYER
  5
1000003A
330
2
100
AcDbSymbolTableRecord
100
AcDbLayerTableRecord
  2
SURFACE_THREAD_SYMBOLS_HID
 70
     0
 62
    -7
  6
HIDDEN
  0
LAYER
  5
1000003B
330
2
100
AcDbSymbolTableRecord
100
AcDbLayerTableRecord
  2
BLIND_THREAD_SYMBOLS
 70
     0
 62
     7
  6
CONTINUOUS
  0
LAYER
  5
1000003C
330
2
100
AcDbSymbolTableRecord
100
AcDbLayerTableRecord
  2
BLIND_THREAD_SYMBOLS_HIDDE
 70
     0
 62
    -7
  6
HIDDEN
  0
LAYER
  5
1000003D
330
2
100
AcDbSymbolTableRecord
100
AcDbLayerTableRecord
  2
EXPLODE_LINES
 70
     0
 62
     7
  6
ONS_PHANTOM
  0
LAYER
  5
1000003E
330
2
100
AcDbSymbolTableRecord
100
AcDbLayerTableRecord
  2
HIDDEN_EXPLODE_LINES
 70
     0
 62
    -7
  6
ONS_PHANTOM
  0
LAYER
  5
1000003F
330
2
100
AcDbSymbolTableRecord
100
AcDbLayerTableRecord
  2
BREAK_LINES
 70
     0
 62
    -7
  6
CONTINUOUS
  0
LAYER
  5
10000040
330
2
100
AcDbSymbolTableRecord
100
AcDbLayerTableRecord
  2
SHEETMETAL_BEND_LINES_UP
 70
     0
 62
     7
  6
CENTER
  0
LAYER
  5
10000041
330
2
100
AcDbSymbolTableRecord
100
AcDbLayerTableRecord
  2
SHEETMETAL_BEND_LINES_DOWN
 70
     0
 62
     7
  6
CENTER
  0
LAYER
  5
10000042
330
2
100
AcDbSymbolTableRecord
100
AcDbLayerTableRecord
  2
SHEETMETAL_BEND_TANGENT_LI
 70
     0
 62
     7
  6
CONTINUOUS
  0
LAYER
  5
10000043
330
2
100
AcDbSymbolTableRecord
100
AcDbLayerTableRecord
  2
SHEETMETAL_CUT_LINES
 70
     0
 62
     7
  6
CONTINUOUS
  0
LAYER
  5
10000044
330
2
100
AcDbSymbolTableRecord
100
AcDbLayerTableRecord
  2
SHEETMETAL_CBORE_CSINK_UP
 70
     0
 62
     7
  6
CONTINUOUS
  0
LAYER
  5
10000045
330
2
100
AcDbSymbolTableRecord
100
AcDbLayerTableRecord
  2
SHEETMETAL_CBORE_CSINK_DOW
 70
     0
 62
     7
  6
CONTINUOUS
  0
LAYER
  5
10000046
330
2
100
AcDbSymbolTableRecord
100
AcDbLayerTableRecord
  2
SHEETMETAL_CBORE_CSINK_UP_
 70
     0
 62
    -7
  6
HIDDEN
  0
LAYER
  5
10000047
330
2
100
AcDbSymbolTableRecord
100
AcDbLayerTableRecord
  2
SHEETMETAL_CBORE_CSINK_DO0
 70
     0
 62
    -7
  6
HIDDEN
  0
LAYER
  5
10000048
330
2
100
AcDbSymbolTableRecord
100
AcDbLayerTableRecord
  2
SHEETMETAL_FORM_TEAR
 70
     0
 62
     7
  6
CONTINUOUS
  0
LAYER
  5
10000049
330
2
100
AcDbSymbolTableRecord
100
AcDbLayerTableRecord
  2
SHEETMETAL_FORM_UP
 70
     0
 62
     7
  6
CENTER
  0
LAYER
  5
1000004A
330
2
100
AcDbSymbolTableRecord
100
AcDbLayerTableRecord
  2
SHEETMETAL_FORM_DOWN
 70
     0
 62
     7
  6
CENTER
  0
LAYER
  5
1000004B
330
2
100
AcDbSymbolTableRecord
100
AcDbLayerTableRecord
  2
SHEETMETAL_FORM_CENTERMARK
 70
     0
 62
     7
  6
CENTER
  0
LAYER
  5
1000004C
330
2
100
AcDbSymbolTableRecord
100
AcDbLayerTableRecord
  2
REGION_ASSOC_POINTS
 70
     0
 62
    -7
  6
CONTINUOUS
  0
LAYER
  5
1000004D
330
2
100
AcDbSymbolTableRecord
100
AcDbLayerTableRecord
  2
PATTERN_CENTERLINES
 70
     1
 62
    -7
  6
CENTER
  0
LAYER
  5
1000004E
330
2
100
AcDbSymbolTableRecord
100
AcDbLayerTableRecord
  2
HIDDEN
 70
     0
 62
    -7
  6
HIDDEN
  0
LAYER
  5
1000004F
330
2
100
AcDbSymbolTableRecord
100
AcDbLayerTableRecord
  2
VISIBLE
 70
     0
 62
     7
  6
CONTINUOUS
  0
LAYER
  5
10000050
330
2
100
AcDbSymbolTableRecord
100
AcDbLayerTableRecord
  2
MODELSKETCH_VISIBLE
 70
     0
 62
     7
  6
CONTINUOUS
  0
LAYER
  5
10000051
330
2
100
AcDbSymbolTableRecord
100
AcDbLayerTableRecord
  2
MODELSKETCH_POINT
 70
     0
 62
     7
  6
CONTINUOUS
  0
LAYER
  5
10000052
330
2
100
AcDbSymbolTableRecord
100
AcDbLayerTableRecord
  2
MODELSKETCH_CONSTRUCTION
 70
     0
 62
    -7
  6
CENTER
  0
LAYER
  5
10000053
330
2
100
AcDbSymbolTableRecord
100
AcDbLayerTableRecord
  2
HIDDEN_BASE_VIEW
 70
     0
 62
     7
  6
CONTINUOUS
  0
LAYER
  5
10000054
330
2
100
AcDbSymbolTableRecord
100
AcDbLayerTableRecord
  2
TANGENT_LINES
 70
     0
 62
    -7
  6
CONTINUOUS
  0
LAYER
  5
10000055
330
2
100
AcDbSymbolTableRecord
100
AcDbLayerTableRecord
  2
TANGENT_HIDDEN
 70
     0
 62
    -7
  6
HIDDEN
  0
LAYER
  5
10000056
330
2
100
AcDbSymbolTableRecord
100
AcDbLayerTableRecord
  2
INVISIBLE_LINES
 70
     0
 62
    -7
  6
CONTINUOUS
  0
LAYER
  5
10000057
330
2
100
AcDbSymbolTableRecord
100
AcDbLayerTableRecord
  2
VIEW_HATCHES
 70
     0
 62
    -7
  6
CONTINUOUS
  0
LAYER
  5
10000058
330
2
100
AcDbSymbolTableRecord
100
AcDbLayerTableRecord
  2
SECTION_JOG_LINES
 70
     0
 62
    -7
  6
CONTINUOUS
  0
ENDTAB
  0
TABLE
  2
STYLE
  5
3
330
0
100
AcDbSymbolTable
 70
     2
  0
STYLE
  5
11
330
3
100
AcDbSymbolTableRecord
100
AcDbTextStyleTableRecord
  2
STANDARD
 70
     0
 40
0.0
 41
1.0
 50
0.0
 71
     0
 42
2.5
  3
txt
  4

  0
STYLE
  5
10000004
330
3
100
AcDbSymbolTableRecord
100
AcDbTextStyleTableRecord
  2
TTFSTYLE
 70
     0
 40
0.0
 41
1.0
 50
0.0
 71
     0
 42
2.5
  3

  4

1001
ACAD
1000
Verdana
1071
       34
  0
ENDTAB
  0
TABLE
  2
VIEW
  5
6
330
0
100
AcDbSymbolTable
 70
     0
  0
ENDTAB
  0
TABLE
  2
UCS
  5
7
330
0
100
AcDbSymbolTable
 70
     0
  0
ENDTAB
  0
TABLE
  2
APPID
  5
9
330
0
100
AcDbSymbolTable
 70
     2
  0
APPID
  5
12
330
9
100
AcDbSymbolTableRecord
100
AcDbRegAppTableRecord
  2
ACAD
 70
     0
  0
APPID
  5
100002CE
330
9
100
AcDbSymbolTableRecord
100
AcDbRegAppTableRecord
  2
ACAD_MLEADERVER
 70
     0
  0
ENDTAB
  0
TABLE
  2
DIMSTYLE
  5
A
330
0
100
AcDbSymbolTable
 70
     1
  0
DIMSTYLE
105
27
330
A
100
AcDbSymbolTableRecord
100
AcDbDimStyleTableRecord
  2
ISO-25
 70
     0
  3

  4

  5

  6

  7

 40
1.0
 41
2.5
 42
0.625
 43
3.75
 44
1.25
 45
0.0
 46
0.0
 47
0.0
 48
0.0
140
2.5
141
2.5
142
0.0
143
0.03937007874016
144
1.0
145
0.0
146
1.0
147
0.625
 71
     0
 72
     0
 73
     0
 74
     0
 75
     0
 76
     0
 77
     1
 78
     8
170
     0
171
     3
172
     1
173
     0
174
     0
175
     0
176
     0
177
     0
178
     0
270
     2
271
     2
272
     2
273
     2
274
     3
340
11
275
     0
280
     0
281
     0
282
     0
283
     0
284
     8
285
     0
286
     0
287
     3
288
     0
  0
ENDTAB
  0
TABLE
  2
BLOCK_RECORD
  5
1
330
0
100
AcDbSymbolTable
 70
     0
  0
BLOCK_RECORD
  5
1F
102
{ACAD_XDICTIONARY
360
10000295
102
}
330
1
100
AcDbSymbolTableRecord
100
AcDbBlockTableRecord
  2
*MODEL_SPACE
  0
BLOCK_RECORD
  5
1B
330
1
100
AcDbSymbolTableRecord
100
AcDbBlockTableRecord
  2
*PAPER_SPACE
  0
ENDTAB
  0
ENDSEC
  0
SECTION
  2
BLOCKS
  0
BLOCK
  5
20
330
1F
100
AcDbEntity
  8
0
100
AcDbBlockBegin
  2
*MODEL_SPACE
 70
     0
 10
0.0
 20
0.0
 30
0.0
  3
*MODEL_SPACE
  1

  0
ENDBLK
  5
21
330
1F
100
AcDbEntity
  8
0
100
AcDbBlockEnd
  0
BLOCK
  5
1C
330
1B
100
AcDbEntity
 67
     1
  8
0
100
AcDbBlockBegin
  2
*PAPER_SPACE
 70
     0
 10
0.0
 20
0.0
 30
0.0
  3
*PAPER_SPACE
  1

  0
ENDBLK
  5
1D
330
1B
100
AcDbEntity
 67
     1
  8
0
100
AcDbBlockEnd
  0
ENDSEC
  0
SECTION
  2
ENTITIES
  0
ARC
  5
10000059
102
{ACAD_XDICTIONARY
360
1000005A
102
}
330
1F
100
AcDbEntity
  8
VISIBLE
100
AcDbCircle
 10
-0.0000000000000048
 20
0.0000000000000046
 30
0.0
 40
43.7
100
AcDbArc
 50
181.9670607487378
 51
268.0329392512623
  0
LINE
  5
1000005F
102
{ACAD_XDICTIONARY
360
10000060
102
}
330
1F
100
AcDbEntity
  8
VISIBLE
100
AcDbLine
 10
-43.67424870561599
 20
-1.500000000000022
 30
0.0
 11
-38.27061535956798
 21
-1.5
 31
0.0
  0
ARC
  5
10000063
102
{ACAD_XDICTIONARY
360
10000064
102
}
330
1F
100
AcDbEntity
  8
VISIBLE
100
AcDbCircle
 10
0.0000000000000076
 20
0.000000000000007
 30
0.0
 40
38.3
100
AcDbArc
 50
182.2445340818963
 51
267.7554659181037
  0
LINE
  5
10000069
102
{ACAD_XDICTIONARY
360
1000006A
102
}
330
1F
100
AcDbEntity
  8
VISIBLE
100
AcDbLine
 10
-1.499999999999995
 20
-38.27061535956798
 30
0.0
 11
-1.500000000000002
 21
-43.67424870561599
 31
0.0
  0
LINE
  5
1000006D
102
{ACAD_XDICTIONARY
360
1000006E
102
}
330
1F
100
AcDbEntity
  8
VISIBLE
100
AcDbLine
 10
-20.84610275327262
 20
1.500000000000001
 30
0.0
 11
-15.42724862054151
 21
1.499999999999997
 31
0.0
  0
ARC
  5
10000071
102
{ACAD_XDICTIONARY
360
10000072
102
}
330
1F
100
AcDbEntity
  8
VISIBLE
100
AcDbCircle
 10
-0.0000000000000014
 20
-0.0000000000000063
 30
0.0
 40
20.90000000000001
100
AcDbArc
 50
94.11567575055541
 51
175.8843242494446
  0
LINE
  5
10000077
102
{ACAD_XDICTIONARY
360
10000078
102
}
330
1F
100
AcDbEntity
  8
VISIBLE
100
AcDbLine
 10
-1.500000000000003
 20
20.84610275327261
 30
0.0
 11
-1.500000000000002
 21
15.42724862054151
 31
0.0
  0
ARC
  5
1000007B
102
{ACAD_XDICTIONARY
360
1000007C
102
}
330
1F
100
AcDbEntity
  8
VISIBLE
100
AcDbCircle
 10
-0.0000000000000034
 20
0.0000000000000022
 30
0.0
 40
15.5
100
AcDbArc
 50
95.5534441956585
 51
174.4465558043415
  0
ARC
  5
10000081
102
{ACAD_XDICTIONARY
360
10000082
102
}
330
1F
100
AcDbEntity
  8
VISIBLE
100
AcDbCircle
 10
0.0000000000000013
 20
-0.0000000000000013
 30
0.0
 40
20.9
100
AcDbArc
 50
4.115675750555407
 51
85.8843242494446
  0
LINE
  5
10000087
102
{ACAD_XDICTIONARY
360
10000088
102
}
330
1F
100
AcDbEntity
  8
VISIBLE
100
AcDbLine
 10
15.42724862054151
 20
1.5
 30
0.0
 11
20.84610275327261
 21
1.5
 31
0.0
  0
ARC
  5
1000008B
102
{ACAD_XDICTIONARY
360
1000008C
102
}
330
1F
100
AcDbEntity
  8
VISIBLE
100
AcDbCircle
 10
0.0000000000000034
 20
0.0000000000000055
 30
0.0
 40
15.49999999999999
100
AcDbArc
 50
5.553444195658453
 51
84.44655580434154
  0
LINE
  5
10000091
102
{ACAD_XDICTIONARY
360
10000092
102
}
330
1F
100
AcDbEntity
  8
VISIBLE
100
AcDbLine
 10
1.499999999999997
 20
20.84610275327261
 30
0.0
 11
1.499999999999998
 21
15.42724862054151
 31
0.0
  0
ARC
  5
10000095
102
{ACAD_XDICTIONARY
360
10000096
102
}
330
1F
100
AcDbEntity
  8
VISIBLE
100
AcDbCircle
 10
0.0000000000000017
 20
-0.0000000000000025
 30
0.0
 40
43.7
100
AcDbArc
 50
1.967060748737744
 51
88.0329392512623
  0
LINE
  5
1000009B
102
{ACAD_XDICTIONARY
360
1000009C
102
}
330
1F
100
AcDbEntity
  8
VISIBLE
100
AcDbLine
 10
38.27061535956798
 20
1.5
 30
0.0
 11
43.67424870561599
 21
1.5
 31
0.0
  0
ARC
  5
1000009F
102
{ACAD_XDICTIONARY
360
100000A0
102
}
330
1F
100
AcDbEntity
  8
VISIBLE
100
AcDbCircle
 10
0.0000000000000047
 20
-0.0000000000000102
 30
0.0
 40
38.3
100
AcDbArc
 50
2.244534081896359
 51
87.7554659181037
  0
LINE
  5
100000A5
102
{ACAD_XDICTIONARY
360
100000A6
102
}
330
1F
100
AcDbEntity
  8
VISIBLE
100
AcDbLine
 10
1.499999999999995
 20
43.67424870561599
 30
0.0
 11
1.499999999999995
 21
38.27061535956798
 31
0.0
  0
LINE
  5
100000A9
102
{ACAD_XDICTIONARY
360
100000AA
102
}
330
1F
100
AcDbEntity
  8
VISIBLE
100
AcDbLine
 10
61.08158478625125
 20
1.5
 30
0.0
 11
66.48308055437866
 21
1.5
 31
0.0
  0
ARC
  5
100000AD
102
{ACAD_XDICTIONARY
360
100000AE
102
}
330
1F
100
AcDbEntity
  8
VISIBLE
100
AcDbCircle
 10
-0.0000000000000159
 20
0.0000000000000029
 30
0.0
 40
61.1
100
AcDbArc
 50
1.406748029978667
 51
88.59325197002133
  0
LINE
  5
100000B3
102
{ACAD_XDICTIONARY
360
100000B4
102
}
330
1F
100
AcDbEntity
  8
VISIBLE
100
AcDbLine
 10
1.499999999999992
 20
66.48308055437866
 30
0.0
 11
1.499999999999992
 21
61.08158478625126
 31
0.0
  0
ARC
  5
100000B7
102
{ACAD_XDICTIONARY
360
100000B8
102
}
330
1F
100
AcDbEntity
  8
VISIBLE
100
AcDbCircle
 10
-0.000000000000002
 20
-0.0000000000000047
 30
0.0
 40
66.5
100
AcDbArc
 50
1.292495621499762
 51
88.70750437850023
  0
LINE
  5
100000BD
102
{ACAD_XDICTIONARY
360
100000BE
102
}
330
1F
100
AcDbEntity
  8
VISIBLE
100
AcDbLine
 10
-66.48308055437866
 20
1.499999999999999
 30
0.0
 11
-61.08158478625125
 21
1.500000000000001
 31
0.0
  0
ARC
  5
100000C1
102
{ACAD_XDICTIONARY
360
100000C2
102
}
330
1F
100
AcDbEntity
  8
VISIBLE
100
AcDbCircle
 10
-0.0000000000000175
 20
-0.0000000000000118
 30
0.0
 40
66.5
100
AcDbArc
 50
91.29249562149977
 51
178.7075043785002
  0
LINE
  5
100000C7
102
{ACAD_XDICTIONARY
360
100000C8
102
}
330
1F
100
AcDbEntity
  8
VISIBLE
100
AcDbLine
 10
-1.500000000000008
 20
66.48308055437866
 30
0.0
 11
-1.500000000000008
 21
61.08158478625126
 31
0.0
  0
ARC
  5
100000CB
102
{ACAD_XDICTIONARY
360
100000CC
102
}
330
1F
100
AcDbEntity
  8
VISIBLE
100
AcDbCircle
 10
-0.0000000000000185
 20
0.0000000000000005
 30
0.0
 40
61.09999999999999
100
AcDbArc
 50
91.40674802997866
 51
178.5932519700214
  0
LINE
  5
100000D1
102
{ACAD_XDICTIONARY
360
100000D2
102
}
330
1F
100
AcDbEntity
  8
VISIBLE
100
AcDbLine
 10
-89.28740112692272
 20
1.499999999999991
 30
0.0
 11
-83.8865901083123
 21
1.499999999999996
 31
0.0
  0
ARC
  5
100000D5
102
{ACAD_XDICTIONARY
360
100000D6
102
}
330
1F
100
AcDbEntity
  8
VISIBLE
100
AcDbCircle
 10
0.000000000000004
 20
-0.0000000000000095
 30
0.0
 40
89.30000000000001
100
AcDbArc
 50
90.96246037267267
 51
179.0375396273274
  0
LINE
  5
100000DB
102
{ACAD_XDICTIONARY
360
100000DC
102
}
330
1F
100
AcDbEntity
  8
VISIBLE
100
AcDbLine
 10
-1.500000000000011
 20
89.28740112692273
 30
0.0
 11
-1.50000000000001
 21
83.8865901083123
 31
0.0
  0
ARC
  5
100000DF
102
{ACAD_XDICTIONARY
360
100000E0
102
}
330
1F
100
AcDbEntity
  8
VISIBLE
100
AcDbCircle
 10
0.0000000000000037
 20
-0.0000000000000009
 30
0.0
 40
83.9
100
AcDbArc
 50
91.02441297267487
 51
178.9755870273252
  0
LINE
  5
100000E5
102
{ACAD_XDICTIONARY
360
100000E6
102
}
330
1F
100
AcDbEntity
  8
VISIBLE
100
AcDbLine
 10
83.88659010831232
 20
1.5
 30
0.0
 11
89.28740112692272
 21
1.5
 31
0.0
  0
ARC
  5
100000E9
102
{ACAD_XDICTIONARY
360
100000EA
102
}
330
1F
100
AcDbEntity
  8
VISIBLE
100
AcDbCircle
 10
0.0000000000000033
 20
0.0000000000000083
 30
0.0
 40
83.89999999999999
100
AcDbArc
 50
1.024412972674869
 51
88.97558702732513
  0
LINE
  5
100000EF
102
{ACAD_XDICTIONARY
360
100000F0
102
}
330
1F
100
AcDbEntity
  8
VISIBLE
100
AcDbLine
 10
1.499999999999989
 20
89.28740112692273
 30
0.0
 11
1.49999999999999
 21
83.8865901083123
 31
0.0
  0
ARC
  5
100000F3
102
{ACAD_XDICTIONARY
360
100000F4
102
}
330
1F
100
AcDbEntity
  8
VISIBLE
100
AcDbCircle
 10
-0.0000000000000004
 20
0.0000000000000083
 30
0.0
 40
89.3
100
AcDbArc
 50
0.9624603726726638
 51
89.03753962732733
  0
ARC
  5
100000F9
102
{ACAD_XDICTIONARY
360
100000FA
102
}
330
1F
100
AcDbEntity
  8
VISIBLE
100
AcDbCircle
 10
-0.0000000000000052
 20
0.0000000000000052
 30
0.0
 40
32.3
100
AcDbArc
 50
137.6617520392434
 51
222.3382479607567
  0
LINE
  5
100000FF
102
{ACAD_XDICTIONARY
360
10000100
102
}
330
1F
100
AcDbEntity
  8
VISIBLE
100
AcDbLine
 10
-20.05223725215943
 20
17.93091690859978
 30
0.0
 11
-23.87556757899934
 21
21.75424723543969
 31
0.0
  0
ARC
  5
10000103
102
{ACAD_XDICTIONARY
360
10000104
102
}
330
1F
100
AcDbEntity
  8
VISIBLE
100
AcDbCircle
 10
0.0000000000000017
 20
-0.0000000000000087
 30
0.0
 40
26.9
100
AcDbArc
 50
138.1965899895841
 51
221.8034100104159
  0
LINE
  5
10000109
102
{ACAD_XDICTIONARY
360
1000010A
102
}
330
1F
100
AcDbEntity
  8
VISIBLE
100
AcDbLine
 10
-23.87556757899934
 20
-21.75424723543972
 30
0.0
 11
-20.05223725215943
 21
-17.9309169085998
 31
0.0
  0
LINE
  5
1000010D
102
{ACAD_XDICTIONARY
360
1000010E
102
}
330
1F
100
AcDbEntity
  8
VISIBLE
100
AcDbLine
 10
21.7542472354397
 20
-23.87556757899933
 30
0.0
 11
17.93091690859979
 21
-20.05223725215943
 31
0.0
  0
ARC
  5
10000111
102
{ACAD_XDICTIONARY
360
10000112
102
}
330
1F
100
AcDbEntity
  8
VISIBLE
100
AcDbCircle
 10
-0.0000000000000121
 20
-0.0000000000000017
 30
0.0
 40
32.3
100
AcDbArc
 50
227.6617520392434
 51
312.3382479607567
  0
LINE
  5
10000117
102
{ACAD_XDICTIONARY
360
10000118
102
}
330
1F
100
AcDbEntity
  8
VISIBLE
100
AcDbLine
 10
-21.7542472354397
 20
-23.87556757899936
 30
0.0
 11
-17.93091690859979
 21
-20.05223725215944
 31
0.0
  0
ARC
  5
1000011B
102
{ACAD_XDICTIONARY
360
1000011C
102
}
330
1F
100
AcDbEntity
  8
VISIBLE
100
AcDbCircle
 10
0.0000000000000017
 20
-0.0000000000000052
 30
0.0
 40
26.9
100
AcDbArc
 50
228.1965899895841
 51
311.803410010416
  0
LINE
  5
10000121
102
{ACAD_XDICTIONARY
360
10000122
102
}
330
1F
100
AcDbEntity
  8
VISIBLE
100
AcDbLine
 10
-36.18785761194007
 20
34.06653726838042
 30
0.0
 11
-40.00780384111712
 21
37.88648349755746
 31
0.0
  0
ARC
  5
10000125
102
{ACAD_XDICTIONARY
360
10000126
102
}
330
1F
100
AcDbEntity
  8
VISIBLE
100
AcDbCircle
 10
-0.0000000000000035
 20
-0.0000000000000139
 30
0.0
 40
49.70000000000001
100
AcDbArc
 50
136.7295115145536
 51
223.2704884854464
  0
LINE
  5
1000012B
102
{ACAD_XDICTIONARY
360
1000012C
102
}
330
1F
100
AcDbEntity
  8
VISIBLE
100
AcDbLine
 10
-40.00780384111712
 20
-37.88648349755749
 30
0.0
 11
-36.18785761194008
 21
-34.06653726838046
 31
0.0
  0
ARC
  5
1000012F
102
{ACAD_XDICTIONARY
360
10000130
102
}
330
1F
100
AcDbEntity
  8
VISIBLE
100
AcDbCircle
 10
-0.0000000000000104
 20
0.0000000000000139
 30
0.0
 40
55.09999999999999
100
AcDbArc
 50
136.5599689355403
 51
223.4400310644598
  0
LINE
  5
10000135
102
{ACAD_XDICTIONARY
360
10000136
102
}
330
1F
100
AcDbEntity
  8
VISIBLE
100
AcDbLine
 10
37.88648349755748
 20
-40.0078038411171
 30
0.0
 11
34.06653726838044
 21
-36.18785761194007
 31
0.0
  0
ARC
  5
10000139
102
{ACAD_XDICTIONARY
360
1000013A
102
}
330
1F
100
AcDbEntity
  8
VISIBLE
100
AcDbCircle
 10
-0.0000000000000035
 20
0.0
 30
0.0
 40
55.09999999999999
100
AcDbArc
 50
226.5599689355402
 51
313.4400310644598
  0
LINE
  5
1000013F
102
{ACAD_XDICTIONARY
360
10000140
102
}
330
1F
100
AcDbEntity
  8
VISIBLE
100
AcDbLine
 10
-37.88648349755747
 20
-40.00780384111714
 30
0.0
 11
-34.06653726838041
 21
-36.18785761194007
 31
0.0
  0
ARC
  5
10000143
102
{ACAD_XDICTIONARY
360
10000144
102
}
330
1F
100
AcDbEntity
  8
VISIBLE
100
AcDbCircle
 10
-0.0000000000000035
 20
0.0000000000000208
 30
0.0
 40
49.70000000000003
100
AcDbArc
 50
226.7295115145536
 51
313.2704884854463
  0
LINE
  5
10000149
102
{ACAD_XDICTIONARY
360
1000014A
102
}
330
1F
100
AcDbEntity
  8
VISIBLE
100
AcDbLine
 10
-52.31492828673783
 20
50.19360794317817
 30
0.0
 11
-56.13406573199555
 21
54.0127453884359
 31
0.0
  0
ARC
  5
1000014D
102
{ACAD_XDICTIONARY
360
1000014E
102
}
330
1F
100
AcDbEntity
  8
VISIBLE
100
AcDbCircle
 10
-0.0000000000000069
 20
-0.0000000000000104
 30
0.0
 40
72.50000000000001
100
AcDbArc
 50
136.1855145101393
 51
223.8144854898607
  0
LINE
  5
10000153
102
{ACAD_XDICTIONARY
360
10000154
102
}
330
1F
100
AcDbEntity
  8
VISIBLE
100
AcDbLine
 10
-56.13406573199554
 20
-54.01274538843594
 30
0.0
 11
-52.31492828673782
 21
-50.19360794317821
 31
0.0
  0
ARC
  5
10000157
102
{ACAD_XDICTIONARY
360
10000158
102
}
330
1F
100
AcDbEntity
  8
VISIBLE
100
AcDbCircle
 10
-0.0000000000000104
 20
-0.0000000000000069
 30
0.0
 40
77.89999999999999
100
AcDbArc
 50
136.1033245325014
 51
223.8966754674987
  0
CIRCLE
  5
1000015D
102
{ACAD_XDICTIONARY
360
1000015E
102
}
330
1F
100
AcDbEntity
  8
VISIBLE
100
AcDbCircle
 10
0.0
 20
0.0000000000000006
 30
0.0
 40
9.500000000000002
  0
CIRCLE
  5
10000163
102
{ACAD_XDICTIONARY
360
10000164
102
}
330
1F
100
AcDbEntity
  8
VISIBLE
100
AcDbCircle
 10
0.0
 20
0.0000000000000058
 30
0.0
 40
95.30000000000001
  0
ARC
  5
10000169
102
{ACAD_XDICTIONARY
360
1000016A
102
}
330
1F
100
AcDbEntity
  8
VISIBLE
100
AcDbCircle
 10
-0.0000000000000104
 20
-0.0000000000000104
 30
0.0
 40
77.89999999999999
100
AcDbArc
 50
226.1033245325014
 51
313.8966754674987
  0
LINE
  5
1000016F
102
{ACAD_XDICTIONARY
360
10000170
102
}
330
1F
100
AcDbEntity
  8
VISIBLE
100
AcDbLine
 10
-54.01274538843588
 20
-56.13406573199556
 30
0.0
 11
-50.19360794317816
 21
-52.31492828673784
 31
0.0
  0
ARC
  5
10000173
102
{ACAD_XDICTIONARY
360
10000174
102
}
330
1F
100
AcDbEntity
  8
VISIBLE
100
AcDbCircle
 10
-0.0000000000000035
 20
0.0000000000000104
 30
0.0
 40
72.50000000000001
100
AcDbArc
 50
226.1855145101394
 51
313.8144854898607
  0
LINE
  5
10000179
102
{ACAD_XDICTIONARY
360
1000017A
102
}
330
1F
100
AcDbEntity
  8
VISIBLE
100
AcDbLine
 10
54.01274538843592
 20
-56.13406573199554
 30
0.0
 11
50.19360794317821
 21
-52.31492828673784
 31
0.0
  0
ARC
  5
1000017D
102
{ACAD_XDICTIONARY
360
1000017E
102
}
330
1F
100
AcDbEntity
  8
VISIBLE
100
AcDbCircle
 10
0.0000000000000069
 20
0.0000000000000104
 30
0.0
 40
72.50000000000001
100
AcDbArc
 50
316.1855145101393
 51
43.81448548986066
  0
LINE
  5
10000183
102
{ACAD_XDICTIONARY
360
10000184
102
}
330
1F
100
AcDbEntity
  8
VISIBLE
100
AcDbLine
 10
52.3149282867378
 20
50.19360794317819
 30
0.0
 11
56.13406573199553
 21
54.01274538843592
 31
0.0
  0
ARC
  5
10000187
102
{ACAD_XDICTIONARY
360
10000188
102
}
330
1F
100
AcDbEntity
  8
VISIBLE
100
AcDbCircle
 10
0.0000000000000104
 20
0.0000000000000069
 30
0.0
 40
77.89999999999999
100
AcDbArc
 50
316.1033245325014
 51
43.89667546749867
  0
LINE
  5
1000018D
102
{ACAD_XDICTIONARY
360
1000018E
102
}
330
1F
100
AcDbEntity
  8
VISIBLE
100
AcDbLine
 10
56.13406573199555
 20
-54.0127453884359
 30
0.0
 11
52.31492828673782
 21
-50.19360794317816
 31
0.0
  0
ARC
  5
10000191
102
{ACAD_XDICTIONARY
360
10000192
102
}
330
1F
100
AcDbEntity
  8
VISIBLE
100
AcDbCircle
 10
0.0000000000000035
 20
0.0000000000000139
 30
0.0
 40
49.70000000000001
100
AcDbArc
 50
316.7295115145537
 51
43.27048848544639
  0
LINE
  5
10000197
102
{ACAD_XDICTIONARY
360
10000198
102
}
330
1F
100
AcDbEntity
  8
VISIBLE
100
AcDbLine
 10
36.18785761194005
 20
34.06653726838044
 30
0.0
 11
40.0078038411171
 21
37.88648349755749
 31
0.0
  0
ARC
  5
1000019B
102
{ACAD_XDICTIONARY
360
1000019C
102
}
330
1F
100
AcDbEntity
  8
VISIBLE
100
AcDbCircle
 10
0.0000000000000035
 20
-0.0000000000000069
 30
0.0
 40
55.09999999999999
100
AcDbArc
 50
316.5599689355402
 51
43.44003106445981
  0
LINE
  5
100001A1
102
{ACAD_XDICTIONARY
360
100001A2
102
}
330
1F
100
AcDbEntity
  8
VISIBLE
100
AcDbLine
 10
40.00780384111712
 20
-37.88648349755746
 30
0.0
 11
36.18785761194007
 21
-34.06653726838041
 31
0.0
  0
ARC
  5
100001A5
102
{ACAD_XDICTIONARY
360
100001A6
102
}
330
1F
100
AcDbEntity
  8
VISIBLE
100
AcDbCircle
 10
-0.0000000000000017
 20
0.0000000000000087
 30
0.0
 40
26.9
100
AcDbArc
 50
318.196589989584
 51
41.80341001041598
  0
LINE
  5
100001AB
102
{ACAD_XDICTIONARY
360
100001AC
102
}
330
1F
100
AcDbEntity
  8
VISIBLE
100
AcDbLine
 10
20.05223725215942
 20
17.93091690859979
 30
0.0
 11
23.87556757899933
 21
21.7542472354397
 31
0.0
  0
ARC
  5
100001AF
102
{ACAD_XDICTIONARY
360
100001B0
102
}
330
1F
100
AcDbEntity
  8
VISIBLE
100
AcDbCircle
 10
0.0000000000000052
 20
-0.0000000000000052
 30
0.0
 40
32.3
100
AcDbArc
 50
317.6617520392434
 51
42.3382479607567
  0
LINE
  5
100001B5
102
{ACAD_XDICTIONARY
360
100001B6
102
}
330
1F
100
AcDbEntity
  8
VISIBLE
100
AcDbLine
 10
23.87556757899935
 20
-21.7542472354397
 30
0.0
 11
20.05223725215944
 21
-17.93091690859979
 31
0.0
  0
ARC
  5
100001B9
102
{ACAD_XDICTIONARY
360
100001BA
102
}
330
1F
100
AcDbEntity
  8
VISIBLE
100
AcDbCircle
 10
-0.0000000000000155
 20
0.0000000000000382
 30
0.0
 40
26.89999999999997
100
AcDbArc
 50
48.19658998958397
 51
131.803410010416
  0
LINE
  5
100001BF
102
{ACAD_XDICTIONARY
360
100001C0
102
}
330
1F
100
AcDbEntity
  8
VISIBLE
100
AcDbLine
 10
-17.93091690859979
 20
20.05223725215943
 30
0.0
 11
-21.7542472354397
 21
23.87556757899933
 31
0.0
  0
ARC
  5
100001C3
102
{ACAD_XDICTIONARY
360
100001C4
102
}
330
1F
100
AcDbEntity
  8
VISIBLE
100
AcDbCircle
 10
0.0000000000000121
 20
0.0000000000000017
 30
0.0
 40
32.3
100
AcDbArc
 50
47.66175203924335
 51
132.3382479607567
  0
LINE
  5
100001C9
102
{ACAD_XDICTIONARY
360
100001CA
102
}
330
1F
100
AcDbEntity
  8
VISIBLE
100
AcDbLine
 10
17.93091690859978
 20
20.05223725215943
 30
0.0
 11
21.7542472354397
 21
23.87556757899936
 31
0.0
  0
ARC
  5
100001CD
102
{ACAD_XDICTIONARY
360
100001CE
102
}
330
1F
100
AcDbEntity
  8
VISIBLE
100
AcDbCircle
 10
0.0000000000000035
 20
-0.0000000000000208
 30
0.0
 40
49.70000000000003
100
AcDbArc
 50
46.72951151455367
 51
133.2704884854464
  0
LINE
  5
100001D3
102
{ACAD_XDICTIONARY
360
100001D4
102
}
330
1F
100
AcDbEntity
  8
VISIBLE
100
AcDbLine
 10
-34.06653726838044
 20
36.18785761194007
 30
0.0
 11
-37.88648349755748
 21
40.0078038411171
 31
0.0
  0
ARC
  5
100001D7
102
{ACAD_XDICTIONARY
360
100001D8
102
}
330
1F
100
AcDbEntity
  8
VISIBLE
100
AcDbCircle
 10
0.0000000000000035
 20
0.0
 30
0.0
 40
55.09999999999999
100
AcDbArc
 50
46.55996893554024
 51
133.4400310644598
  0
LINE
  5
100001DD
102
{ACAD_XDICTIONARY
360
100001DE
102
}
330
1F
100
AcDbEntity
  8
VISIBLE
100
AcDbLine
 10
34.06653726838042
 20
36.18785761194009
 30
0.0
 11
37.88648349755747
 21
40.00780384111714
 31
0.0
  0
ARC
  5
100001E1
102
{ACAD_XDICTIONARY
360
100001E2
102
}
330
1F
100
AcDbEntity
  8
VISIBLE
100
AcDbCircle
 10
0.0000000000000035
 20
-0.0000000000000104
 30
0.0
 40
72.50000000000001
100
AcDbArc
 50
46.18551451013934
 51
133.8144854898607
  0
LINE
  5
100001E7
102
{ACAD_XDICTIONARY
360
100001E8
102
}
330
1F
100
AcDbEntity
  8
VISIBLE
100
AcDbLine
 10
-50.19360794317819
 20
52.3149282867378
 30
0.0
 11
-54.01274538843591
 21
56.13406573199553
 31
0.0
  0
ARC
  5
100001EB
102
{ACAD_XDICTIONARY
360
100001EC
102
}
330
1F
100
AcDbEntity
  8
VISIBLE
100
AcDbCircle
 10
0.0000000000000104
 20
0.0000000000000104
 30
0.0
 40
77.89999999999999
100
AcDbArc
 50
46.10332453250138
 51
133.8966754674986
  0
LINE
  5
100001F1
102
{ACAD_XDICTIONARY
360
100001F2
102
}
330
1F
100
AcDbEntity
  8
VISIBLE
100
AcDbLine
 10
50.19360794317817
 20
52.31492828673785
 30
0.0
 11
54.01274538843589
 21
56.13406573199556
 31
0.0
  0
LINE
  5
100001F5
102
{ACAD_XDICTIONARY
360
100001F6
102
}
330
1F
100
AcDbEntity
  8
VISIBLE
100
AcDbLine
 10
1.50000000000001
 20
-83.8865901083123
 30
0.0
 11
1.500000000000011
 21
-89.28740112692272
 31
0.0
  0
ARC
  5
100001F9
102
{ACAD_XDICTIONARY
360
100001FA
102
}
330
1F
100
AcDbEntity
  8
VISIBLE
100
AcDbCircle
 10
-0.0000000000000057
 20
0.000000000000002
 30
0.0
 40
83.9
100
AcDbArc
 50
271.0244129726748
 51
358.9755870273252
  0
LINE
  5
100001FF
102
{ACAD_XDICTIONARY
360
10000200
102
}
330
1F
100
AcDbEntity
  8
VISIBLE
100
AcDbLine
 10
83.8865901083123
 20
-1.5
 30
0.0
 11
89.28740112692272
 21
-1.500000000000009
 31
0.0
  0
ARC
  5
10000203
102
{ACAD_XDICTIONARY
360
10000204
102
}
330
1F
100
AcDbEntity
  8
VISIBLE
100
AcDbCircle
 10
-0.0000000000000051
 20
-0.0000000000000196
 30
0.0
 40
89.3
100
AcDbArc
 50
270.9624603726726
 51
359.0375396273274
  0
ARC
  5
10000209
102
{ACAD_XDICTIONARY
360
1000020A
102
}
330
1F
100
AcDbEntity
  8
VISIBLE
100
AcDbCircle
 10
-0.0000000000000305
 20
-0.0000000000000087
 30
0.0
 40
89.29999999999998
100
AcDbArc
 50
180.9624603726726
 51
269.0375396273274
  0
LINE
  5
1000020F
102
{ACAD_XDICTIONARY
360
10000210
102
}
330
1F
100
AcDbEntity
  8
VISIBLE
100
AcDbLine
 10
-89.28740112692272
 20
-1.499999999999999
 30
0.0
 11
-83.88659010831232
 21
-1.5
 31
0.0
  0
ARC
  5
10000213
102
{ACAD_XDICTIONARY
360
10000214
102
}
330
1F
100
AcDbEntity
  8
VISIBLE
100
AcDbCircle
 10
0.0000000000000129
 20
-0.0000000000000083
 30
0.0
 40
83.9
100
AcDbArc
 50
181.0244129726748
 51
268.9755870273252
  0
LINE
  5
10000219
102
{ACAD_XDICTIONARY
360
1000021A
102
}
330
1F
100
AcDbEntity
  8
VISIBLE
100
AcDbLine
 10
-1.49999999999999
 20
-83.8865901083123
 30
0.0
 11
-1.499999999999989
 21
-89.28740112692273
 31
0.0
  0
LINE
  5
1000021D
102
{ACAD_XDICTIONARY
360
1000021E
102
}
330
1F
100
AcDbEntity
  8
VISIBLE
100
AcDbLine
 10
1.500000000000008
 20
-61.08158478625126
 30
0.0
 11
1.500000000000008
 21
-66.48308055437866
 31
0.0
  0
ARC
  5
10000221
102
{ACAD_XDICTIONARY
360
10000222
102
}
330
1F
100
AcDbEntity
  8
VISIBLE
100
AcDbCircle
 10
-0.0000000000000164
 20
0.0000000000000134
 30
0.0
 40
61.10000000000002
100
AcDbArc
 50
271.4067480299786
 51
358.5932519700214
  0
LINE
  5
10000227
102
{ACAD_XDICTIONARY
360
10000228
102
}
330
1F
100
AcDbEntity
  8
VISIBLE
100
AcDbLine
 10
61.08158478625126
 20
-1.5
 30
0.0
 11
66.48308055437866
 21
-1.499999999999998
 31
0.0
  0
ARC
  5
1000022B
102
{ACAD_XDICTIONARY
360
1000022C
102
}
330
1F
100
AcDbEntity
  8
VISIBLE
100
AcDbCircle
 10
0.0000000000000062
 20
0.0000000000000056
 30
0.0
 40
66.5
100
AcDbArc
 50
271.2924956214998
 51
358.7075043785002
  0
ARC
  5
10000231
102
{ACAD_XDICTIONARY
360
10000232
102
}
330
1F
100
AcDbEntity
  8
VISIBLE
100
AcDbCircle
 10
-0.0000000000000033
 20
0.0000000000000048
 30
0.0
 40
66.5
100
AcDbArc
 50
181.2924956214997
 51
268.7075043785002
  0
LINE
  5
10000237
102
{ACAD_XDICTIONARY
360
10000238
102
}
330
1F
100
AcDbEntity
  8
VISIBLE
100
AcDbLine
 10
-66.48308055437866
 20
-1.5
 30
0.0
 11
-61.08158478625125
 21
-1.5
 31
0.0
  0
ARC
  5
1000023B
102
{ACAD_XDICTIONARY
360
1000023C
102
}
330
1F
100
AcDbEntity
  8
VISIBLE
100
AcDbCircle
 10
0.0000000000000067
 20
-0.000000000000003
 30
0.0
 40
61.1
100
AcDbArc
 50
181.4067480299786
 51
268.5932519700214
  0
LINE
  5
10000241
102
{ACAD_XDICTIONARY
360
10000242
102
}
330
1F
100
AcDbEntity
  8
VISIBLE
100
AcDbLine
 10
-1.499999999999992
 20
-61.08158478625126
 30
0.0
 11
-1.499999999999992
 21
-66.48308055437866
 31
0.0
  0
LINE
  5
10000245
102
{ACAD_XDICTIONARY
360
10000246
102
}
330
1F
100
AcDbEntity
  8
VISIBLE
100
AcDbLine
 10
1.500000000000005
 20
-38.27061535956798
 30
0.0
 11
1.499999999999995
 21
-43.67424870561599
 31
0.0
  0
ARC
  5
10000249
102
{ACAD_XDICTIONARY
360
1000024A
102
}
330
1F
100
AcDbEntity
  8
VISIBLE
100
AcDbCircle
 10
-0.0000000000000027
 20
-0.0000000000000009
 30
0.0
 40
38.3
100
AcDbArc
 50
272.2445340818963
 51
357.7554659181037
  0
LINE
  5
1000024F
102
{ACAD_XDICTIONARY
360
10000250
102
}
330
1F
100
AcDbEntity
  8
VISIBLE
100
AcDbLine
 10
38.27061535956798
 20
-1.5
 30
0.0
 11
43.67424870561598
 21
-1.500000000000001
 31
0.0
  0
ARC
  5
10000253
102
{ACAD_XDICTIONARY
360
10000254
102
}
330
1F
100
AcDbEntity
  8
VISIBLE
100
AcDbCircle
 10
-0.0000000000000052
 20
-0.0000000000000046
 30
0.0
 40
43.69999999999999
100
AcDbArc
 50
271.9670607487377
 51
358.0329392512623
  0
LINE
  5
10000259
102
{ACAD_XDICTIONARY
360
1000025A
102
}
330
1F
100
AcDbEntity
  8
VISIBLE
100
AcDbLine
 10
-43.67424870561599
 20
1.499999999999999
 30
0.0
 11
-38.27061535956798
 21
1.500000000000001
 31
0.0
  0
ARC
  5
1000025D
102
{ACAD_XDICTIONARY
360
1000025E
102
}
330
1F
100
AcDbEntity
  8
VISIBLE
100
AcDbCircle
 10
0.0000000000000098
 20
0.0000000000000038
 30
0.0
 40
43.7
100
AcDbArc
 50
91.96706074873774
 51
178.0329392512623
  0
LINE
  5
10000263
102
{ACAD_XDICTIONARY
360
10000264
102
}
330
1F
100
AcDbEntity
  8
VISIBLE
100
AcDbLine
 10
-1.500000000000006
 20
43.67424870561599
 30
0.0
 11
-1.500000000000005
 21
38.27061535956798
 31
0.0
  0
ARC
  5
10000267
102
{ACAD_XDICTIONARY
360
10000268
102
}
330
1F
100
AcDbEntity
  8
VISIBLE
100
AcDbCircle
 10
0.0000000000000012
 20
-0.0000000000000099
 30
0.0
 40
38.3
100
AcDbArc
 50
92.24453408189636
 51
177.7554659181037
  0
LINE
  5
1000026D
102
{ACAD_XDICTIONARY
360
1000026E
102
}
330
1F
100
AcDbEntity
  8
VISIBLE
100
AcDbLine
 10
1.500000000000002
 20
-15.42724862054151
 30
0.0
 11
1.499999999999998
 21
-20.84610275327262
 31
0.0
  0
ARC
  5
10000271
102
{ACAD_XDICTIONARY
360
10000272
102
}
330
1F
100
AcDbEntity
  8
VISIBLE
100
AcDbCircle
 10
0.0000000000000051
 20
-0.0000000000000035
 30
0.0
 40
15.5
100
AcDbArc
 50
275.5534441956585
 51
354.4465558043415
  0
LINE
  5
10000277
102
{ACAD_XDICTIONARY
360
10000278
102
}
330
1F
100
AcDbEntity
  8
VISIBLE
100
AcDbLine
 10
15.42724862054151
 20
-1.5
 30
0.0
 11
20.84610275327261
 21
-1.500000000000001
 31
0.0
  0
ARC
  5
1000027B
102
{ACAD_XDICTIONARY
360
1000027C
102
}
330
1F
100
AcDbEntity
  8
VISIBLE
100
AcDbCircle
 10
-0.0000000000000047
 20
0.0000000000000062
 30
0.0
 40
20.90000000000001
100
AcDbArc
 50
274.1156757505554
 51
355.8843242494445
  0
LINE
  5
10000281
102
{ACAD_XDICTIONARY
360
10000282
102
}
330
1F
100
AcDbEntity
  8
VISIBLE
100
AcDbLine
 10
-20.84610275327261
 20
-1.5
 30
0.0
 11
-15.42724862054151
 21
-1.5
 31
0.0
  0
ARC
  5
10000285
102
{ACAD_XDICTIONARY
360
10000286
102
}
330
1F
100
AcDbEntity
  8
VISIBLE
100
AcDbCircle
 10
-0.0000000000000027
 20
-0.0000000000000033
 30
0.0
 40
15.49999999999999
100
AcDbArc
 50
185.5534441956585
 51
264.4465558043415
  0
LINE
  5
1000028B
102
{ACAD_XDICTIONARY
360
1000028C
102
}
330
1F
100
AcDbEntity
  8
VISIBLE
100
AcDbLine
 10
-1.499999999999998
 20
-15.42724862054151
 30
0.0
 11
-1.500000000000004
 21
-20.84610275327261
 31
0.0
  0
ARC
  5
1000028F
102
{ACAD_XDICTIONARY
360
10000290
102
}
330
1F
100
AcDbEntity
  8
VISIBLE
100
AcDbCircle
 10
0.0000000000000033
 20
0.0000000000000015
 30
0.0
 40
20.90000000000001
100
AcDbArc
 50
184.1156757505554
 51
265.8843242494445
  0
ENDSEC
  0
SECTION
  2
OBJECTS
  0
DICTIONARY
  5
C
330
0
100
AcDbDictionary
  3
ACAD_GROUP
350
D
  3
ACAD_LAYOUT
350
1A
  3
ACAD_MATERIAL
350
43
  3
ACAD_MLEADERSTYLE
350
5B
  3
ACAD_MLINESTYLE
350
17
  3
ACAD_PLOTSETTINGS
350
19
  3
ACAD_SCALELIST
350
47
  3
ACAD_VISUALSTYLE
350
2A
  3
ACDBHEADERROUNDTRIPXREC
350
10000297
  3
ACDBVARIABLEDICTIONARY
350
100002B8
  3
DWGPROPS
350
100002C3
  3
ONSHAPE_DATA
350
10000001
  0
DICTIONARY
  5
100002C4
330
8
100
AcDbDictionary
280
     1
  3
ACAD_XREC_ROUNDTRIP
360
100002C5
  0
DICTIONARY
  5
10000295
330
1F
100
AcDbDictionary
280
     1
  3
ACAD_SORTENTS
360
10000296
  0
DICTIONARY
  5
1000005A
330
10000059
100
AcDbDictionary
280
     1
  3
BTARCONSURFACERADIUS
360
1000005D
  3
BTDETID
360
1000005B
  3
BTOWNERFACEID_
360
1000005C
  3
BTPARTID
360
1000005E
  0
DICTIONARY
  5
10000060
330
1000005F
100
AcDbDictionary
280
     1
  3
BTDETID
360
10000061
  3
BTPARTID
360
10000062
  0
DICTIONARY
  5
10000064
330
10000063
100
AcDbDictionary
280
     1
  3
BTARCONSURFACERADIUS
360
10000067
  3
BTDETID
360
10000065
  3
BTOWNERFACEID_
360
10000066
  3
BTPARTID
360
10000068
  0
DICTIONARY
  5
1000006A
330
10000069
100
AcDbDictionary
280
     1
  3
BTDETID
360
1000006B
  3
BTPARTID
360
1000006C
  0
DICTIONARY
  5
1000006E
330
1000006D
100
AcDbDictionary
280
     1
  3
BTDETID
360
1000006F
  3
BTPARTID
360
10000070
  0
DICTIONARY
  5
10000072
330
10000071
100
AcDbDictionary
280
     1
  3
BTARCONSURFACERADIUS
360
10000075
  3
BTDETID
360
10000073
  3
BTOWNERFACEID_
360
10000074
  3
BTPARTID
360
10000076
  0
DICTIONARY
  5
10000078
330
10000077
100
AcDbDictionary
280
     1
  3
BTDETID
360
10000079
  3
BTPARTID
360
1000007A
  0
DICTIONARY
  5
1000007C
330
1000007B
100
AcDbDictionary
280
     1
  3
BTARCONSURFACERADIUS
360
1000007F
  3
BTDETID
360
1000007D
  3
BTOWNERFACEID_
360
1000007E
  3
BTPARTID
360
10000080
  0
DICTIONARY
  5
10000082
330
10000081
100
AcDbDictionary
280
     1
  3
BTARCONSURFACERADIUS
360
10000085
  3
BTDETID
360
10000083
  3
BTOWNERFACEID_
360
10000084
  3
BTPARTID
360
10000086
  0
DICTIONARY
  5
10000088
330
10000087
100
AcDbDictionary
280
     1
  3
BTDETID
360
10000089
  3
BTPARTID
360
1000008A
  0
DICTIONARY
  5
1000008C
330
1000008B
100
AcDbDictionary
280
     1
  3
BTARCONSURFACERADIUS
360
1000008F
  3
BTDETID
360
1000008D
  3
BTOWNERFACEID_
360
1000008E
  3
BTPARTID
360
10000090
  0
DICTIONARY
  5
10000092
330
10000091
100
AcDbDictionary
280
     1
  3
BTDETID
360
10000093
  3
BTPARTID
360
10000094
  0
DICTIONARY
  5
10000096
330
10000095
100
AcDbDictionary
280
     1
  3
BTARCONSURFACERADIUS
360
10000099
  3
BTDETID
360
10000097
  3
BTOWNERFACEID_
360
10000098
  3
BTPARTID
360
1000009A
  0
DICTIONARY
  5
1000009C
330
1000009B
100
AcDbDictionary
280
     1
  3
BTDETID
360
1000009D
  3
BTPARTID
360
1000009E
  0
DICTIONARY
  5
100000A0
330
1000009F
100
AcDbDictionary
280
     1
  3
BTARCONSURFACERADIUS
360
100000A3
  3
BTDETID
360
100000A1
  3
BTOWNERFACEID_
360
100000A2
  3
BTPARTID
360
100000A4
  0
DICTIONARY
  5
100000A6
330
100000A5
100
AcDbDictionary
280
     1
  3
BTDETID
360
100000A7
  3
BTPARTID
360
100000A8
  0
DICTIONARY
  5
100000AA
330
100000A9
100
AcDbDictionary
280
     1
  3
BTDETID
360
100000AB
  3
BTPARTID
360
100000AC
  0
DICTIONARY
  5
100000AE
330
100000AD
100
AcDbDictionary
280
     1
  3
BTARCONSURFACERADIUS
360
100000B1
  3
BTDETID
360
100000AF
  3
BTOWNERFACEID_
360
100000B0
  3
BTPARTID
360
100000B2
  0
DICTIONARY
  5
100000B4
330
100000B3
100
AcDbDictionary
280
     1
  3
BTDETID
360
100000B5
  3
BTPARTID
360
100000B6
  0
DICTIONARY
  5
100000B8
330
100000B7
100
AcDbDictionary
280
     1
  3
BTARCONSURFACERADIUS
360
100000BB
  3
BTDETID
360
100000B9
  3
BTOWNERFACEID_
360
100000BA
  3
BTPARTID
360
100000BC
  0
DICTIONARY
  5
100000BE
330
100000BD
100
AcDbDictionary
280
     1
  3
BTDETID
360
100000BF
  3
BTPARTID
360
100000C0
  0
DICTIONARY
  5
100000C2
330
100000C1
100
AcDbDictionary
280
     1
  3
BTARCONSURFACERADIUS
360
100000C5
  3
BTDETID
360
100000C3
  3
BTOWNERFACEID_
360
100000C4
  3
BTPARTID
360
100000C6
  0
DICTIONARY
  5
100000C8
330
100000C7
100
AcDbDictionary
280
     1
  3
BTDETID
360
100000C9
  3
BTPARTID
360
100000CA
  0
DICTIONARY
  5
100000CC
330
100000CB
100
AcDbDictionary
280
     1
  3
BTARCONSURFACERADIUS
360
100000CF
  3
BTDETID
360
100000CD
  3
BTOWNERFACEID_
360
100000CE
  3
BTPARTID
360
100000D0
  0
DICTIONARY
  5
100000D2
330
100000D1
100
AcDbDictionary
280
     1
  3
BTDETID
360
100000D3
  3
BTPARTID
360
100000D4
  0
DICTIONARY
  5
100000D6
330
100000D5
100
AcDbDictionary
280
     1
  3
BTARCONSURFACERADIUS
360
100000D9
  3
BTDETID
360
100000D7
  3
BTOWNERFACEID_
360
100000D8
  3
BTPARTID
360
100000DA
  0
DICTIONARY
  5
100000DC
330
100000DB
100
AcDbDictionary
280
     1
  3
BTDETID
360
100000DD
  3
BTPARTID
360
100000DE
  0
DICTIONARY
  5
100000E0
330
100000DF
100
AcDbDictionary
280
     1
  3
BTARCONSURFACERADIUS
360
100000E3
  3
BTDETID
360
100000E1
  3
BTOWNERFACEID_
360
100000E2
  3
BTPARTID
360
100000E4
  0
DICTIONARY
  5
100000E6
330
100000E5
100
AcDbDictionary
280
     1
  3
BTDETID
360
100000E7
  3
BTPARTID
360
100000E8
  0
DICTIONARY
  5
100000EA
330
100000E9
100
AcDbDictionary
280
     1
  3
BTARCONSURFACERADIUS
360
100000ED
  3
BTDETID
360
100000EB
  3
BTOWNERFACEID_
360
100000EC
  3
BTPARTID
360
100000EE
  0
DICTIONARY
  5
100000F0
330
100000EF
100
AcDbDictionary
280
     1
  3
BTDETID
360
100000F1
  3
BTPARTID
360
100000F2
  0
DICTIONARY
  5
100000F4
330
100000F3
100
AcDbDictionary
280
     1
  3
BTARCONSURFACERADIUS
360
100000F7
  3
BTDETID
360
100000F5
  3
BTOWNERFACEID_
360
100000F6
  3
BTPARTID
360
100000F8
  0
DICTIONARY
  5
100000FA
330
100000F9
100
AcDbDictionary
280
     1
  3
BTARCONSURFACERADIUS
360
100000FD
  3
BTDETID
360
100000FB
  3
BTOWNERFACEID_
360
100000FC
  3
BTPARTID
360
100000FE
  0
DICTIONARY
  5
10000100
330
100000FF
100
AcDbDictionary
280
     1
  3
BTDETID
360
10000101
  3
BTPARTID
360
10000102
  0
DICTIONARY
  5
10000104
330
10000103
100
AcDbDictionary
280
     1
  3
BTARCONSURFACERADIUS
360
10000107
  3
BTDETID
360
10000105
  3
BTOWNERFACEID_
360
10000106
  3
BTPARTID
360
10000108
  0
DICTIONARY
  5
1000010A
330
10000109
100
AcDbDictionary
280
     1
  3
BTDETID
360
1000010B
  3
BTPARTID
360
1000010C
  0
DICTIONARY
  5
1000010E
330
1000010D
100
AcDbDictionary
280
     1
  3
BTDETID
360
1000010F
  3
BTPARTID
360
10000110
  0
DICTIONARY
  5
10000112
330
10000111
100
AcDbDictionary
280
     1
  3
BTARCONSURFACERADIUS
360
10000115
  3
BTDETID
360
10000113
  3
BTOWNERFACEID_
360
10000114
  3
BTPARTID
360
10000116
  0
DICTIONARY
  5
10000118
330
10000117
100
AcDbDictionary
280
     1
  3
BTDETID
360
10000119
  3
BTPARTID
360
1000011A
  0
DICTIONARY
  5
1000011C
330
1000011B
100
AcDbDictionary
280
     1
  3
BTARCONSURFACERADIUS
360
1000011F
  3
BTDETID
360
1000011D
  3
BTOWNERFACEID_
360
1000011E
  3
BTPARTID
360
10000120
  0
DICTIONARY
  5
10000122
330
10000121
100
AcDbDictionary
280
     1
  3
BTDETID
360
10000123
  3
BTPARTID
360
10000124
  0
DICTIONARY
  5
10000126
330
10000125
100
AcDbDictionary
280
     1
  3
BTARCONSURFACERADIUS
360
10000129
  3
BTDETID
360
10000127
  3
BTOWNERFACEID_
360
10000128
  3
BTPARTID
360
1000012A
  0
DICTIONARY
  5
1000012C
330
1000012B
100
AcDbDictionary
280
     1
  3
BTDETID
360
1000012D
  3
BTPARTID
360
1000012E
  0
DICTIONARY
  5
10000130
330
1000012F
100
AcDbDictionary
280
     1
  3
BTARCONSURFACERADIUS
360
10000133
  3
BTDETID
360
10000131
  3
BTOWNERFACEID_
360
10000132
  3
BTPARTID
360
10000134
  0
DICTIONARY
  5
10000136
330
10000135
100
AcDbDictionary
280
     1
  3
BTDETID
360
10000137
  3
BTPARTID
360
10000138
  0
DICTIONARY
  5
1000013A
330
10000139
100
AcDbDictionary
280
     1
  3
BTARCONSURFACERADIUS
360
1000013D
  3
BTDETID
360
1000013B
  3
BTOWNERFACEID_
360
1000013C
  3
BTPARTID
360
1000013E
  0
DICTIONARY
  5
10000140
330
1000013F
100
AcDbDictionary
280
     1
  3
BTDETID
360
10000141
  3
BTPARTID
360
10000142
  0
DICTIONARY
  5
10000144
330
10000143
100
AcDbDictionary
280
     1
  3
BTARCONSURFACERADIUS
360
10000147
  3
BTDETID
360
10000145
  3
BTOWNERFACEID_
360
10000146
  3
BTPARTID
360
10000148
  0
DICTIONARY
  5
1000014A
330
10000149
100
AcDbDictionary
280
     1
  3
BTDETID
360
1000014B
  3
BTPARTID
360
1000014C
  0
DICTIONARY
  5
1000014E
330
1000014D
100
AcDbDictionary
280
     1
  3
BTARCONSURFACERADIUS
360
10000151
  3
BTDETID
360
1000014F
  3
BTOWNERFACEID_
360
10000150
  3
BTPARTID
360
10000152
  0
DICTIONARY
  5
10000154
330
10000153
100
AcDbDictionary
280
     1
  3
BTDETID
360
10000155
  3
BTPARTID
360
10000156
  0
DICTIONARY
  5
10000158
330
10000157
100
AcDbDictionary
280
     1
  3
BTARCONSURFACERADIUS
360
1000015B
  3
BTDETID
360
10000159
  3
BTOWNERFACEID_
360
1000015A
  3
BTPARTID
360
1000015C
  0
DICTIONARY
  5
1000015E
330
1000015D
100
AcDbDictionary
280
     1
  3
BTARCONSURFACERADIUS
360
10000161
  3
BTDETID
360
1000015F
  3
BTOWNERFACEID_
360
10000160
  3
BTPARTID
360
10000162
  0
DICTIONARY
  5
10000164
330
10000163
100
AcDbDictionary
280
     1
  3
BTARCONSURFACERADIUS
360
10000167
  3
BTDETID
360
10000165
  3
BTOWNERFACEID_
360
10000166
  3
BTPARTID
360
10000168
  0
DICTIONARY
  5
1000016A
330
10000169
100
AcDbDictionary
280
     1
  3
BTARCONSURFACERADIUS
360
1000016D
  3
BTDETID
360
1000016B
  3
BTOWNERFACEID_
360
1000016C
  3
BTPARTID
360
1000016E
  0
DICTIONARY
  5
10000170
330
1000016F
100
AcDbDictionary
280
     1
  3
BTDETID
360
10000171
  3
BTPARTID
360
10000172
  0
DICTIONARY
  5
10000174
330
10000173
100
AcDbDictionary
280
     1
  3
BTARCONSURFACERADIUS
360
10000177
  3
BTDETID
360
10000175
  3
BTOWNERFACEID_
360
10000176
  3
BTPARTID
360
10000178
  0
DICTIONARY
  5
1000017A
330
10000179
100
AcDbDictionary
280
     1
  3
BTDETID
360
1000017B
  3
BTPARTID
360
1000017C
  0
DICTIONARY
  5
1000017E
330
1000017D
100
AcDbDictionary
280
     1
  3
BTARCONSURFACERADIUS
360
10000181
  3
BTDETID
360
1000017F
  3
BTOWNERFACEID_
360
10000180
  3
BTPARTID
360
10000182
  0
DICTIONARY
  5
10000184
330
10000183
100
AcDbDictionary
280
     1
  3
BTDETID
360
10000185
  3
BTPARTID
360
10000186
  0
DICTIONARY
  5
10000188
330
10000187
100
AcDbDictionary
280
     1
  3
BTARCONSURFACERADIUS
360
1000018B
  3
BTDETID
360
10000189
  3
BTOWNERFACEID_
360
1000018A
  3
BTPARTID
360
1000018C
  0
DICTIONARY
  5
1000018E
330
1000018D
100
AcDbDictionary
280
     1
  3
BTDETID
360
1000018F
  3
BTPARTID
360
10000190
  0
DICTIONARY
  5
10000192
330
10000191
100
AcDbDictionary
280
     1
  3
BTARCONSURFACERADIUS
360
10000195
  3
BTDETID
360
10000193
  3
BTOWNERFACEID_
360
10000194
  3
BTPARTID
360
10000196
  0
DICTIONARY
  5
10000198
330
10000197
100
AcDbDictionary
280
     1
  3
BTDETID
360
10000199
  3
BTPARTID
360
1000019A
  0
DICTIONARY
  5
1000019C
330
1000019B
100
AcDbDictionary
280
     1
  3
BTARCONSURFACERADIUS
360
1000019F
  3
BTDETID
360
1000019D
  3
BTOWNERFACEID_
360
1000019E
  3
BTPARTID
360
100001A0
  0
DICTIONARY
  5
100001A2
330
100001A1
100
AcDbDictionary
280
     1
  3
BTDETID
360
100001A3
  3
BTPARTID
360
100001A4
  0
DICTIONARY
  5
100001A6
330
100001A5
100
AcDbDictionary
280
     1
  3
BTARCONSURFACERADIUS
360
100001A9
  3
BTDETID
360
100001A7
  3
BTOWNERFACEID_
360
100001A8
  3
BTPARTID
360
100001AA
  0
DICTIONARY
  5
100001AC
330
100001AB
100
AcDbDictionary
280
     1
  3
BTDETID
360
100001AD
  3
BTPARTID
360
100001AE
  0
DICTIONARY
  5
100001B0
330
100001AF
100
AcDbDictionary
280
     1
  3
BTARCONSURFACERADIUS
360
100001B3
  3
BTDETID
360
100001B1
  3
BTOWNERFACEID_
360
100001B2
  3
BTPARTID
360
100001B4
  0
DICTIONARY
  5
100001B6
330
100001B5
100
AcDbDictionary
280
     1
  3
BTDETID
360
100001B7
  3
BTPARTID
360
100001B8
  0
DICTIONARY
  5
100001BA
330
100001B9
100
AcDbDictionary
280
     1
  3
BTARCONSURFACERADIUS
360
100001BD
  3
BTDETID
360
100001BB
  3
BTOWNERFACEID_
360
100001BC
  3
BTPARTID
360
100001BE
  0
DICTIONARY
  5
100001C0
330
100001BF
100
AcDbDictionary
280
     1
  3
BTDETID
360
100001C1
  3
BTPARTID
360
100001C2
  0
DICTIONARY
  5
100001C4
330
100001C3
100
AcDbDictionary
280
     1
  3
BTARCONSURFACERADIUS
360
100001C7
  3
BTDETID
360
100001C5
  3
BTOWNERFACEID_
360
100001C6
  3
BTPARTID
360
100001C8
  0
DICTIONARY
  5
100001CA
330
100001C9
100
AcDbDictionary
280
     1
  3
BTDETID
360
100001CB
  3
BTPARTID
360
100001CC
  0
DICTIONARY
  5
100001CE
330
100001CD
100
AcDbDictionary
280
     1
  3
BTARCONSURFACERADIUS
360
100001D1
  3
BTDETID
360
100001CF
  3
BTOWNERFACEID_
360
100001D0
  3
BTPARTID
360
100001D2
  0
DICTIONARY
  5
100001D4
330
100001D3
100
AcDbDictionary
280
     1
  3
BTDETID
360
100001D5
  3
BTPARTID
360
100001D6
  0
DICTIONARY
  5
100001D8
330
100001D7
100
AcDbDictionary
280
     1
  3
BTARCONSURFACERADIUS
360
100001DB
  3
BTDETID
360
100001D9
  3
BTOWNERFACEID_
360
100001DA
  3
BTPARTID
360
100001DC
  0
DICTIONARY
  5
100001DE
330
100001DD
100
AcDbDictionary
280
     1
  3
BTDETID
360
100001DF
  3
BTPARTID
360
100001E0
  0
DICTIONARY
  5
100001E2
330
100001E1
100
AcDbDictionary
280
     1
  3
BTARCONSURFACERADIUS
360
100001E5
  3
BTDETID
360
100001E3
  3
BTOWNERFACEID_
360
100001E4
  3
BTPARTID
360
100001E6
  0
DICTIONARY
  5
100001E8
330
100001E7
100
AcDbDictionary
280
     1
  3
BTDETID
360
100001E9
  3
BTPARTID
360
100001EA
  0
DICTIONARY
  5
100001EC
330
100001EB
100
AcDbDictionary
280
     1
  3
BTARCONSURFACERADIUS
360
100001EF
  3
BTDETID
360
100001ED
  3
BTOWNERFACEID_
360
100001EE
  3
BTPARTID
360
100001F0
  0
DICTIONARY
  5
100001F2
330
100001F1
100
AcDbDictionary
280
     1
  3
BTDETID
360
100001F3
  3
BTPARTID
360
100001F4
  0
DICTIONARY
  5
100001F6
330
100001F5
100
AcDbDictionary
280
     1
  3
BTDETID
360
100001F7
  3
BTPARTID
360
100001F8
  0
DICTIONARY
  5
100001FA
330
100001F9
100
AcDbDictionary
280
     1
  3
BTARCONSURFACERADIUS
360
100001FD
  3
BTDETID
360
100001FB
  3
BTOWNERFACEID_
360
100001FC
  3
BTPARTID
360
100001FE
  0
DICTIONARY
  5
10000200
330
100001FF
100
AcDbDictionary
280
     1
  3
BTDETID
360
10000201
  3
BTPARTID
360
10000202
  0
DICTIONARY
  5
10000204
330
10000203
100
AcDbDictionary
280
     1
  3
BTARCONSURFACERADIUS
360
10000207
  3
BTDETID
360
10000205
  3
BTOWNERFACEID_
360
10000206
  3
BTPARTID
360
10000208
  0
DICTIONARY
  5
1000020A
330
10000209
100
AcDbDictionary
280
     1
  3
BTARCONSURFACERADIUS
360
1000020D
  3
BTDETID
360
1000020B
  3
BTOWNERFACEID_
360
1000020C
  3
BTPARTID
360
1000020E
  0
DICTIONARY
  5
10000210
330
1000020F
100
AcDbDictionary
280
     1
  3
BTDETID
360
10000211
  3
BTPARTID
360
10000212
  0
DICTIONARY
  5
10000214
330
10000213
100
AcDbDictionary
280
     1
  3
BTARCONSURFACERADIUS
360
10000217
  3
BTDETID
360
10000215
  3
BTOWNERFACEID_
360
10000216
  3
BTPARTID
360
10000218
  0
DICTIONARY
  5
1000021A
330
10000219
100
AcDbDictionary
280
     1
  3
BTDETID
360
1000021B
  3
BTPARTID
360
1000021C
  0
DICTIONARY
  5
1000021E
330
1000021D
100
AcDbDictionary
280
     1
  3
BTDETID
360
1000021F
  3
BTPARTID
360
10000220
  0
DICTIONARY
  5
10000222
330
10000221
100
AcDbDictionary
280
     1
  3
BTARCONSURFACERADIUS
360
10000225
  3
BTDETID
360
10000223
  3
BTOWNERFACEID_
360
10000224
  3
BTPARTID
360
10000226
  0
DICTIONARY
  5
10000228
330
10000227
100
AcDbDictionary
280
     1
  3
BTDETID
360
10000229
  3
BTPARTID
360
1000022A
  0
DICTIONARY
  5
1000022C
330
1000022B
100
AcDbDictionary
280
     1
  3
BTARCONSURFACERADIUS
360
1000022F
  3
BTDETID
360
1000022D
  3
BTOWNERFACEID_
360
1000022E
  3
BTPARTID
360
10000230
  0
DICTIONARY
  5
10000232
330
10000231
100
AcDbDictionary
280
     1
  3
BTARCONSURFACERADIUS
360
10000235
  3
BTDETID
360
10000233
  3
BTOWNERFACEID_
360
10000234
  3
BTPARTID
360
10000236
  0
DICTIONARY
  5
10000238
330
10000237
100
AcDbDictionary
280
     1
  3
BTDETID
360
10000239
  3
BTPARTID
360
1000023A
  0
DICTIONARY
  5
1000023C
330
1000023B
100
AcDbDictionary
280
     1
  3
BTARCONSURFACERADIUS
360
1000023F
  3
BTDETID
360
1000023D
  3
BTOWNERFACEID_
360
1000023E
  3
BTPARTID
360
10000240
  0
DICTIONARY
  5
10000242
330
10000241
100
AcDbDictionary
280
     1
  3
BTDETID
360
10000243
  3
BTPARTID
360
10000244
  0
DICTIONARY
  5
10000246
330
10000245
100
AcDbDictionary
280
     1
  3
BTDETID
360
10000247
  3
BTPARTID
360
10000248
  0
DICTIONARY
  5
1000024A
330
10000249
100
AcDbDictionary
280
     1
  3
BTARCONSURFACERADIUS
360
1000024D
  3
BTDETID
360
1000024B
  3
BTOWNERFACEID_
360
1000024C
  3
BTPARTID
360
1000024E
  0
DICTIONARY
  5
10000250
330
1000024F
100
AcDbDictionary
280
     1
  3
BTDETID
360
10000251
  3
BTPARTID
360
10000252
  0
DICTIONARY
  5
10000254
330
10000253
100
AcDbDictionary
280
     1
  3
BTARCONSURFACERADIUS
360
10000257
  3
BTDETID
360
10000255
  3
BTOWNERFACEID_
360
10000256
  3
BTPARTID
360
10000258
  0
DICTIONARY
  5
1000025A
330
10000259
100
AcDbDictionary
280
     1
  3
BTDETID
360
1000025B
  3
BTPARTID
360
1000025C
  0
DICTIONARY
  5
1000025E
330
1000025D
100
AcDbDictionary
280
     1
  3
BTARCONSURFACERADIUS
360
10000261
  3
BTDETID
360
1000025F
  3
BTOWNERFACEID_
360
10000260
  3
BTPARTID
360
10000262
  0
DICTIONARY
  5
10000264
330
10000263
100
AcDbDictionary
280
     1
  3
BTDETID
360
10000265
  3
BTPARTID
360
10000266
  0
DICTIONARY
  5
10000268
330
10000267
100
AcDbDictionary
280
     1
  3
BTARCONSURFACERADIUS
360
1000026B
  3
BTDETID
360
10000269
  3
BTOWNERFACEID_
360
1000026A
  3
BTPARTID
360
1000026C
  0
DICTIONARY
  5
1000026E
330
1000026D
100
AcDbDictionary
280
     1
  3
BTDETID
360
1000026F
  3
BTPARTID
360
10000270
  0
DICTIONARY
  5
10000272
330
10000271
100
AcDbDictionary
280
     1
  3
BTARCONSURFACERADIUS
360
10000275
  3
BTDETID
360
10000273
  3
BTOWNERFACEID_
360
10000274
  3
BTPARTID
360
10000276
  0
DICTIONARY
  5
10000278
330
10000277
100
AcDbDictionary
280
     1
  3
BTDETID
360
10000279
  3
BTPARTID
360
1000027A
  0
DICTIONARY
  5
1000027C
330
1000027B
100
AcDbDictionary
280
     1
  3
BTARCONSURFACERADIUS
360
1000027F
  3
BTDETID
360
1000027D
  3
BTOWNERFACEID_
360
1000027E
  3
BTPARTID
360
10000280
  0
DICTIONARY
  5
10000282
330
10000281
100
AcDbDictionary
280
     1
  3
BTDETID
360
10000283
  3
BTPARTID
360
10000284
  0
DICTIONARY
  5
10000286
330
10000285
100
AcDbDictionary
280
     1
  3
BTARCONSURFACERADIUS
360
10000289
  3
BTDETID
360
10000287
  3
BTOWNERFACEID_
360
10000288
  3
BTPARTID
360
1000028A
  0
DICTIONARY
  5
1000028C
330
1000028B
100
AcDbDictionary
280
     1
  3
BTDETID
360
1000028D
  3
BTPARTID
360
1000028E
  0
DICTIONARY
  5
10000290
330
1000028F
100
AcDbDictionary
280
     1
  3
BTARCONSURFACERADIUS
360
10000293
  3
BTDETID
360
10000291
  3
BTOWNERFACEID_
360
10000292
  3
BTPARTID
360
10000294
  0
DICTIONARY
  5
D
102
{ACAD_REACTORS
330
C
102
}
330
C
100
AcDbDictionary
  0
DICTIONARY
  5
1A
102
{ACAD_REACTORS
330
C
102
}
330
C
100
AcDbDictionary
  0
DICTIONARY
  5
43
102
{ACAD_REACTORS
330
C
102
}
330
C
100
AcDbDictionary
  3
BYBLOCK
350
45
  3
BYLAYER
350
44
  3
GLOBAL
350
46
  0
DICTIONARY
  5
5B
102
{ACAD_REACTORS
330
C
102
}
330
C
100
AcDbDictionary
  3
STANDARD
350
5C
  0
DICTIONARY
  5
17
102
{ACAD_REACTORS
330
C
102
}
330
C
100
AcDbDictionary
  3
STANDARD
350
18
  0
DICTIONARY
  5
19
102
{ACAD_REACTORS
330
C
102
}
330
C
100
AcDbDictionary
  0
DICTIONARY
  5
47
102
{ACAD_REACTORS
330
C
102
}
330
C
100
AcDbDictionary
  3
SCALE100_1
350
10000023
  3
SCALE10_1
350
1000001D
  3
SCALE12_1
350
1000001E
  3
SCALE16_1
350
1000001F
  3
SCALE1_1
350
10000006
  3
SCALE1_10
350
1000000D
  3
SCALE1_100
350
10000016
  3
SCALE1_12
350
1000000E
  3
SCALE1_16
350
1000000F
  3
SCALE1_2
350
10000007
  3
SCALE1_20
350
10000010
  3
SCALE1_25
350
10000011
  3
SCALE1_3
350
10000008
  3
SCALE1_32
350
10000012
  3
SCALE1_4
350
10000009
  3
SCALE1_40
350
10000013
  3
SCALE1_5
350
1000000A
  3
SCALE1_50
350
10000014
  3
SCALE1_6
350
1000000B
  3
SCALE1_8
350
1000000C
  3
SCALE1_80
350
10000015
  3
SCALE20_1
350
10000020
  3
SCALE2_1
350
10000017
  3
SCALE32_1
350
10000021
  3
SCALE3_1
350
10000018
  3
SCALE4_1
350
10000019
  3
SCALE50_1
350
10000022
  3
SCALE5_1
350
1000001A
  3
SCALE6_1
350
1000001B
  3
SCALE8_1
350
1000001C
  0
DICTIONARY
  5
2A
102
{ACAD_REACTORS
330
C
102
}
330
C
100
AcDbDictionary
  3
2DWIREFRAME
350
2F
  3
BASIC
350
32
  3
BRIGHTEN
350
36
  3
COLORCHANGE
350
3A
  3
CONCEPTUAL
350
34
  3
DIM
350
35
  3
EDGECOLOROFF
350
3D
  3
FACEPATTERN
350
39
  3
FLAT
350
2B
  3
FLATWITHEDGES
350
2C
  3
GOURAUD
350
2D
  3
GOURAUDWITHEDGES
350
2E
  3
HIDDEN
350
31
  3
JITTEROFF
350
3B
  3
LINEPATTERN
350
38
  3
OVERHANGOFF
350
3C
  3
REALISTIC
350
33
  3
SHADED
350
42
  3
SHADED_WITH_EDGES
350
41
  3
SHADES_OF_GRAY
350
3E
  3
SKETCHY
350
3F
  3
THICKEN
350
37
  3
WIREFRAME
350
30
  3
X-RAY
350
40
  0
DICTIONARY
  5
10000297
102
{ACAD_REACTORS
330
C
102
}
330
C
100
AcDbDictionary
  3
CEPSNID
350
100002A1
  3
CEPSNTYPE
350
100002A0
  3
DIMSTYLEDATA
350
100002B7
  3
FINGERPRINTGUID
350
100002A2
  3
HYPERLINKBASE
350
1000029A
  3
INSUNITS
350
1000029F
  3
LAYOUTDICT
350
1000029C
  3
LWETCUNION
350
1000029E
  3
PLOTSETDICT
350
1000029D
  3
PSVPSCALE
350
100002A4
  3
PUCSBASE
350
100002A7
  3
PUCSORGBACK
350
100002AD
  3
PUCSORGBOTTOM
350
100002A9
  3
PUCSORGFRONT
350
100002AC
  3
PUCSORGLEFT
350
100002AA
  3
PUCSORGRIGHT
350
100002AB
  3
PUCSORGTOP
350
100002A8
  3
PUCSORTHOREF
350
100002A5
  3
PUCSORTHOVIEW
350
100002A6
  3
STYLESHEET
350
1000029B
  3
TSTACKALIGN
350
10000298
  3
TSTACKSIZE
350
10000299
  3
UCSBASE
350
100002B0
  3
UCSORGBACK
350
100002B6
  3
UCSORGBOTTOM
350
100002B2
  3
UCSORGFRONT
350
100002B5
  3
UCSORGLEFT
350
100002B3
  3
UCSORGRIGHT
350
100002B4
  3
UCSORGTOP
350
100002B1
  3
UCSORTHOREF
350
100002AE
  3
UCSORTHOVIEW
350
100002AF
  3
VERSIONGUID
350
100002A3
  0
DICTIONARY
  5
100002B8
102
{ACAD_REACTORS
330
C
102
}
330
C
100
AcDbDictionary
  3
CANNOSCALE
350
100002C6
  3
CENTEREXE
350
100002BF
  3
CENTERLTYPEFILE
350
100002C0
  3
CMLEADERSTYLE
350
100002BA
  3
CTABLESTYLE
350
100002B9
  3
DIMASSOC
350
100002C1
  3
HIDETEXT
350
100002C2
  3
MSLTSCALE
350
100002C7
  3
PSOLHEIGHT
350
100002BC
  3
PSOLWIDTH
350
100002BB
  0
XRECORD
  5
100002C3
102
{ACAD_REACTORS
330
C
102
}
330
C
100
AcDbXrecord
  1
DWGPROPS COOKIE
  2

  3

  4

  6
File was created by BTDwgCreate
  7

  8
onshape
  9

300
=
301
=
302
=
303
=
304
=
305
=
306
=
307
=
308
=
309
=
 40
0.0
 41
2461179.036822952
 42
2461179.036823033
  1

 90
        0
  0
DICTIONARY
  5
10000001
102
{ACAD_REACTORS
330
C
102
}
330
C
100
AcDbDictionary
280
     1
  3
DIM_UNITS
360
10000003
  3
DWGGEN_VERSION
360
10000002
  3
FIRST_ANGLE
360
10000005
  0
XRECORD
  5
100002C5
102
{ACAD_REACTORS
330
100002C4
102
}
330
100002C4
100
AcDbXrecord
102
VTR_0.000_0.000_1.000_1.000_VISUALSTYLE
340
2F
102
VTR_0.000_0.000_1.000_1.000_GRIDDISPLAY
 70
     3
102
VTR_0.000_0.000_1.000_1.000_GRIDMAJOR
 70
     5
102
VTR_0.000_0.000_1.000_1.000_DEFAULTLIGHTING
280
     1
102
VTR_0.000_0.000_1.000_1.000_DEFAULTLIGHTINGTYPE
 70
     1
102
VTR_0.000_0.000_1.000_1.000_BRIGHTNESS
141
0.0
102
VTR_0.000_0.000_1.000_1.000_CONTRAST
142
0.0
  0
SORTENTSTABLE
  5
10000296
102
{ACAD_REACTORS
330
10000295
102
}
330
10000295
100
AcDbSortentsTable
330
1F
  0
XRECORD
  5
1000005D
102
{ACAD_REACTORS
330
1000005A
102
}
330
1000005A
100
AcDbXrecord
 40
43.7
  0
XRECORD
  5
1000005B
102
{ACAD_REACTORS
330
1000005A
102
}
330
1000005A
100
AcDbXrecord
1000
KKtN
  0
XRECORD
  5
1000005C
102
{ACAD_REACTORS
330
1000005A
102
}
330
1000005A
100
AcDbXrecord
1000
JKK
  0
XRECORD
  5
1000005E
102
{ACAD_REACTORS
330
1000005A
102
}
330
1000005A
100
AcDbXrecord
1000
JKD
  0
XRECORD
  5
10000061
102
{ACAD_REACTORS
330
10000060
102
}
330
10000060
100
AcDbXrecord
1000
KKVL
  0
XRECORD
  5
10000062
102
{ACAD_REACTORS
330
10000060
102
}
330
10000060
100
AcDbXrecord
1000
JKD
  0
XRECORD
  5
10000067
102
{ACAD_REACTORS
330
10000064
102
}
330
10000064
100
AcDbXrecord
 40
38.3
  0
XRECORD
  5
10000065
102
{ACAD_REACTORS
330
10000064
102
}
330
10000064
100
AcDbXrecord
1000
KKVH
  0
XRECORD
  5
10000066
102
{ACAD_REACTORS
330
10000064
102
}
330
10000064
100
AcDbXrecord
1000
JKK
  0
XRECORD
  5
10000068
102
{ACAD_REACTORS
330
10000064
102
}
330
10000064
100
AcDbXrecord
1000
JKD
  0
XRECORD
  5
1000006B
102
{ACAD_REACTORS
330
1000006A
102
}
330
1000006A
100
AcDbXrecord
1000
KKVN
  0
XRECORD
  5
1000006C
102
{ACAD_REACTORS
330
1000006A
102
}
330
1000006A
100
AcDbXrecord
1000
JKD
  0
XRECORD
  5
1000006F
102
{ACAD_REACTORS
330
1000006E
102
}
330
1000006E
100
AcDbXrecord
1000
KKVK
  0
XRECORD
  5
10000070
102
{ACAD_REACTORS
330
1000006E
102
}
330
1000006E
100
AcDbXrecord
1000
JKD
  0
XRECORD
  5
10000075
102
{ACAD_REACTORS
330
10000072
102
}
330
10000072
100
AcDbXrecord
 40
20.90000000000001
  0
XRECORD
  5
10000073
102
{ACAD_REACTORS
330
10000072
102
}
330
10000072
100
AcDbXrecord
1000
KKtM
  0
XRECORD
  5
10000074
102
{ACAD_REACTORS
330
10000072
102
}
330
10000072
100
AcDbXrecord
1000
JKK
  0
XRECORD
  5
10000076
102
{ACAD_REACTORS
330
10000072
102
}
330
10000072
100
AcDbXrecord
1000
JKD
  0
XRECORD
  5
10000079
102
{ACAD_REACTORS
330
10000078
102
}
330
10000078
100
AcDbXrecord
1000
KKlM
  0
XRECORD
  5
1000007A
102
{ACAD_REACTORS
330
10000078
102
}
330
10000078
100
AcDbXrecord
1000
JKD
  0
XRECORD
  5
1000007F
102
{ACAD_REACTORS
330
1000007C
102
}
330
1000007C
100
AcDbXrecord
 40
15.5
  0
XRECORD
  5
1000007D
102
{ACAD_REACTORS
330
1000007C
102
}
330
1000007C
100
AcDbXrecord
1000
KKdM
  0
XRECORD
  5
1000007E
102
{ACAD_REACTORS
330
1000007C
102
}
330
1000007C
100
AcDbXrecord
1000
JKK
  0
XRECORD
  5
10000080
102
{ACAD_REACTORS
330
1000007C
102
}
330
1000007C
100
AcDbXrecord
1000
JKD
  0
XRECORD
  5
10000085
102
{ACAD_REACTORS
330
10000082
102
}
330
10000082
100
AcDbXrecord
 40
20.9
  0
XRECORD
  5
10000083
102
{ACAD_REACTORS
330
10000082
102
}
330
10000082
100
AcDbXrecord
1000
KK1I
  0
XRECORD
  5
10000084
102
{ACAD_REACTORS
330
10000082
102
}
330
10000082
100
AcDbXrecord
1000
JKK
  0
XRECORD
  5
10000086
102
{ACAD_REACTORS
330
10000082
102
}
330
10000082
100
AcDbXrecord
1000
JKD
  0
XRECORD
  5
10000089
102
{ACAD_REACTORS
330
10000088
102
}
330
10000088
100
AcDbXrecord
1000
KKVJ
  0
XRECORD
  5
1000008A
102
{ACAD_REACTORS
330
10000088
102
}
330
10000088
100
AcDbXrecord
1000
JKD
  0
XRECORD
  5
1000008F
102
{ACAD_REACTORS
330
1000008C
102
}
330
1000008C
100
AcDbXrecord
 40
15.49999999999999
  0
XRECORD
  5
1000008D
102
{ACAD_REACTORS
330
1000008C
102
}
330
1000008C
100
AcDbXrecord
1000
KK1J
  0
XRECORD
  5
1000008E
102
{ACAD_REACTORS
330
1000008C
102
}
330
1000008C
100
AcDbXrecord
1000
JKK
  0
XRECORD
  5
10000090
102
{ACAD_REACTORS
330
1000008C
102
}
330
1000008C
100
AcDbXrecord
1000
JKD
  0
XRECORD
  5
10000093
102
{ACAD_REACTORS
330
10000092
102
}
330
10000092
100
AcDbXrecord
1000
KK1M
  0
XRECORD
  5
10000094
102
{ACAD_REACTORS
330
10000092
102
}
330
10000092
100
AcDbXrecord
1000
JKD
  0
XRECORD
  5
10000099
102
{ACAD_REACTORS
330
10000096
102
}
330
10000096
100
AcDbXrecord
 40
43.7
  0
XRECORD
  5
10000097
102
{ACAD_REACTORS
330
10000096
102
}
330
10000096
100
AcDbXrecord
1000
KKlI
  0
XRECORD
  5
10000098
102
{ACAD_REACTORS
330
10000096
102
}
330
10000096
100
AcDbXrecord
1000
JKK
  0
XRECORD
  5
1000009A
102
{ACAD_REACTORS
330
10000096
102
}
330
10000096
100
AcDbXrecord
1000
JKD
  0
XRECORD
  5
1000009D
102
{ACAD_REACTORS
330
1000009C
102
}
330
1000009C
100
AcDbXrecord
1000
KK9J
  0
XRECORD
  5
1000009E
102
{ACAD_REACTORS
330
1000009C
102
}
330
1000009C
100
AcDbXrecord
1000
JKD
  0
XRECORD
  5
100000A3
102
{ACAD_REACTORS
330
100000A0
102
}
330
100000A0
100
AcDbXrecord
 40
38.3
  0
XRECORD
  5
100000A1
102
{ACAD_REACTORS
330
100000A0
102
}
330
100000A0
100
AcDbXrecord
1000
KKlK
  0
XRECORD
  5
100000A2
102
{ACAD_REACTORS
330
100000A0
102
}
330
100000A0
100
AcDbXrecord
1000
JKK
  0
XRECORD
  5
100000A4
102
{ACAD_REACTORS
330
100000A0
102
}
330
100000A0
100
AcDbXrecord
1000
JKD
  0
XRECORD
  5
100000A7
102
{ACAD_REACTORS
330
100000A6
102
}
330
100000A6
100
AcDbXrecord
1000
KK9N
  0
XRECORD
  5
100000A8
102
{ACAD_REACTORS
330
100000A6
102
}
330
100000A6
100
AcDbXrecord
1000
JKD
  0
XRECORD
  5
100000AB
102
{ACAD_REACTORS
330
100000AA
102
}
330
100000AA
100
AcDbXrecord
1000
KK1K
  0
XRECORD
  5
100000AC
102
{ACAD_REACTORS
330
100000AA
102
}
330
100000AA
100
AcDbXrecord
1000
JKD
  0
XRECORD
  5
100000B1
102
{ACAD_REACTORS
330
100000AE
102
}
330
100000AE
100
AcDbXrecord
 40
61.1
  0
XRECORD
  5
100000AF
102
{ACAD_REACTORS
330
100000AE
102
}
330
100000AE
100
AcDbXrecord
1000
KKlH
  0
XRECORD
  5
100000B0
102
{ACAD_REACTORS
330
100000AE
102
}
330
100000AE
100
AcDbXrecord
1000
JKK
  0
XRECORD
  5
100000B2
102
{ACAD_REACTORS
330
100000AE
102
}
330
100000AE
100
AcDbXrecord
1000
JKD
  0
XRECORD
  5
100000B5
102
{ACAD_REACTORS
330
100000B4
102
}
330
100000B4
100
AcDbXrecord
1000
KKVO
  0
XRECORD
  5
100000B6
102
{ACAD_REACTORS
330
100000B4
102
}
330
100000B4
100
AcDbXrecord
1000
JKD
  0
XRECORD
  5
100000BB
102
{ACAD_REACTORS
330
100000B8
102
}
330
100000B8
100
AcDbXrecord
 40
66.5
  0
XRECORD
  5
100000B9
102
{ACAD_REACTORS
330
100000B8
102
}
330
100000B8
100
AcDbXrecord
1000
KKVI
  0
XRECORD
  5
100000BA
102
{ACAD_REACTORS
330
100000B8
102
}
330
100000B8
100
AcDbXrecord
1000
JKK
  0
XRECORD
  5
100000BC
102
{ACAD_REACTORS
330
100000B8
102
}
330
100000B8
100
AcDbXrecord
1000
JKD
  0
XRECORD
  5
100000BF
102
{ACAD_REACTORS
330
100000BE
102
}
330
100000BE
100
AcDbXrecord
1000
KKdL
  0
XRECORD
  5
100000C0
102
{ACAD_REACTORS
330
100000BE
102
}
330
100000BE
100
AcDbXrecord
1000
JKD
  0
XRECORD
  5
100000C5
102
{ACAD_REACTORS
330
100000C2
102
}
330
100000C2
100
AcDbXrecord
 40
66.5
  0
XRECORD
  5
100000C3
102
{ACAD_REACTORS
330
100000C2
102
}
330
100000C2
100
AcDbXrecord
1000
KKNO
  0
XRECORD
  5
100000C4
102
{ACAD_REACTORS
330
100000C2
102
}
330
100000C2
100
AcDbXrecord
1000
JKK
  0
XRECORD
  5
100000C6
102
{ACAD_REACTORS
330
100000C2
102
}
330
100000C2
100
AcDbXrecord
1000
JKD
  0
XRECORD
  5
100000C9
102
{ACAD_REACTORS
330
100000C8
102
}
330
100000C8
100
AcDbXrecord
1000
KKdO
  0
XRECORD
  5
100000CA
102
{ACAD_REACTORS
330
100000C8
102
}
330
100000C8
100
AcDbXrecord
1000
JKD
  0
XRECORD
  5
100000CF
102
{ACAD_REACTORS
330
100000CC
102
}
330
100000CC
100
AcDbXrecord
 40
61.09999999999999
  0
XRECORD
  5
100000CD
102
{ACAD_REACTORS
330
100000CC
102
}
330
100000CC
100
AcDbXrecord
1000
KKFO
  0
XRECORD
  5
100000CE
102
{ACAD_REACTORS
330
100000CC
102
}
330
100000CC
100
AcDbXrecord
1000
JKK
  0
XRECORD
  5
100000D0
102
{ACAD_REACTORS
330
100000CC
102
}
330
100000CC
100
AcDbXrecord
1000
JKD
  0
XRECORD
  5
100000D3
102
{ACAD_REACTORS
330
100000D2
102
}
330
100000D2
100
AcDbXrecord
1000
KKFM
  0
XRECORD
  5
100000D4
102
{ACAD_REACTORS
330
100000D2
102
}
330
100000D2
100
AcDbXrecord
1000
JKD
  0
XRECORD
  5
100000D9
102
{ACAD_REACTORS
330
100000D6
102
}
330
100000D6
100
AcDbXrecord
 40
89.30000000000001
  0
XRECORD
  5
100000D7
102
{ACAD_REACTORS
330
100000D6
102
}
330
100000D6
100
AcDbXrecord
1000
KKtO
  0
XRECORD
  5
100000D8
102
{ACAD_REACTORS
330
100000D6
102
}
330
100000D6
100
AcDbXrecord
1000
JKK
  0
XRECORD
  5
100000DA
102
{ACAD_REACTORS
330
100000D6
102
}
330
100000D6
100
AcDbXrecord
1000
JKD
  0
XRECORD
  5
100000DD
102
{ACAD_REACTORS
330
100000DC
102
}
330
100000DC
100
AcDbXrecord
1000
KK1O
  0
XRECORD
  5
100000DE
102
{ACAD_REACTORS
330
100000DC
102
}
330
100000DC
100
AcDbXrecord
1000
JKD
  0
XRECORD
  5
100000E3
102
{ACAD_REACTORS
330
100000E0
102
}
330
100000E0
100
AcDbXrecord
 40
83.9
  0
XRECORD
  5
100000E1
102
{ACAD_REACTORS
330
100000E0
102
}
330
100000E0
100
AcDbXrecord
1000
KKlO
  0
XRECORD
  5
100000E2
102
{ACAD_REACTORS
330
100000E0
102
}
330
100000E0
100
AcDbXrecord
1000
JKK
  0
XRECORD
  5
100000E4
102
{ACAD_REACTORS
330
100000E0
102
}
330
100000E0
100
AcDbXrecord
1000
JKD
  0
XRECORD
  5
100000E7
102
{ACAD_REACTORS
330
100000E6
102
}
330
100000E6
100
AcDbXrecord
1000
KK9K
  0
XRECORD
  5
100000E8
102
{ACAD_REACTORS
330
100000E6
102
}
330
100000E6
100
AcDbXrecord
1000
JKD
  0
XRECORD
  5
100000ED
102
{ACAD_REACTORS
330
100000EA
102
}
330
100000EA
100
AcDbXrecord
 40
83.89999999999999
  0
XRECORD
  5
100000EB
102
{ACAD_REACTORS
330
100000EA
102
}
330
100000EA
100
AcDbXrecord
1000
KK1H
  0
XRECORD
  5
100000EC
102
{ACAD_REACTORS
330
100000EA
102
}
330
100000EA
100
AcDbXrecord
1000
JKK
  0
XRECORD
  5
100000EE
102
{ACAD_REACTORS
330
100000EA
102
}
330
100000EA
100
AcDbXrecord
1000
JKD
  0
XRECORD
  5
100000F1
102
{ACAD_REACTORS
330
100000F0
102
}
330
100000F0
100
AcDbXrecord
1000
KK9O
  0
XRECORD
  5
100000F2
102
{ACAD_REACTORS
330
100000F0
102
}
330
100000F0
100
AcDbXrecord
1000
JKD
  0
XRECORD
  5
100000F7
102
{ACAD_REACTORS
330
100000F4
102
}
330
100000F4
100
AcDbXrecord
 40
89.3
  0
XRECORD
  5
100000F5
102
{ACAD_REACTORS
330
100000F4
102
}
330
100000F4
100
AcDbXrecord
1000
KKFI
  0
XRECORD
  5
100000F6
102
{ACAD_REACTORS
330
100000F4
102
}
330
100000F4
100
AcDbXrecord
1000
JKK
  0
XRECORD
  5
100000F8
102
{ACAD_REACTORS
330
100000F4
102
}
330
100000F4
100
AcDbXrecord
1000
JKD
  0
XRECORD
  5
100000FD
102
{ACAD_REACTORS
330
100000FA
102
}
330
100000FA
100
AcDbXrecord
 40
32.3
  0
XRECORD
  5
100000FB
102
{ACAD_REACTORS
330
100000FA
102
}
330
100000FA
100
AcDbXrecord
1000
KKtI
  0
XRECORD
  5
100000FC
102
{ACAD_REACTORS
330
100000FA
102
}
330
100000FA
100
AcDbXrecord
1000
JKK
  0
XRECORD
  5
100000FE
102
{ACAD_REACTORS
330
100000FA
102
}
330
100000FA
100
AcDbXrecord
1000
JKD
  0
XRECORD
  5
10000101
102
{ACAD_REACTORS
330
10000100
102
}
330
10000100
100
AcDbXrecord
1000
KKFJ
  0
XRECORD
  5
10000102
102
{ACAD_REACTORS
330
10000100
102
}
330
10000100
100
AcDbXrecord
1000
JKD
  0
XRECORD
  5
10000107
102
{ACAD_REACTORS
330
10000104
102
}
330
10000104
100
AcDbXrecord
 40
26.9
  0
XRECORD
  5
10000105
102
{ACAD_REACTORS
330
10000104
102
}
330
10000104
100
AcDbXrecord
1000
KKVQ
  0
XRECORD
  5
10000106
102
{ACAD_REACTORS
330
10000104
102
}
330
10000104
100
AcDbXrecord
1000
JKK
  0
XRECORD
  5
10000108
102
{ACAD_REACTORS
330
10000104
102
}
330
10000104
100
AcDbXrecord
1000
JKD
  0
XRECORD
  5
1000010B
102
{ACAD_REACTORS
330
1000010A
102
}
330
1000010A
100
AcDbXrecord
1000
KK9S
  0
XRECORD
  5
1000010C
102
{ACAD_REACTORS
330
1000010A
102
}
330
1000010A
100
AcDbXrecord
1000
JKD
  0
XRECORD
  5
1000010F
102
{ACAD_REACTORS
330
1000010E
102
}
330
1000010E
100
AcDbXrecord
1000
KKtS
  0
XRECORD
  5
10000110
102
{ACAD_REACTORS
330
1000010E
102
}
330
1000010E
100
AcDbXrecord
1000
JKD
  0
XRECORD
  5
10000115
102
{ACAD_REACTORS
330
10000112
102
}
330
10000112
100
AcDbXrecord
 40
32.3
  0
XRECORD
  5
10000113
102
{ACAD_REACTORS
330
10000112
102
}
330
10000112
100
AcDbXrecord
1000
KKFT
  0
XRECORD
  5
10000114
102
{ACAD_REACTORS
330
10000112
102
}
330
10000112
100
AcDbXrecord
1000
JKK
  0
XRECORD
  5
10000116
102
{ACAD_REACTORS
330
10000112
102
}
330
10000112
100
AcDbXrecord
1000
JKD
  0
XRECORD
  5
10000119
102
{ACAD_REACTORS
330
10000118
102
}
330
10000118
100
AcDbXrecord
1000
KKNT
  0
XRECORD
  5
1000011A
102
{ACAD_REACTORS
330
10000118
102
}
330
10000118
100
AcDbXrecord
1000
JKD
  0
XRECORD
  5
1000011F
102
{ACAD_REACTORS
330
1000011C
102
}
330
1000011C
100
AcDbXrecord
 40
26.9
  0
XRECORD
  5
1000011D
102
{ACAD_REACTORS
330
1000011C
102
}
330
1000011C
100
AcDbXrecord
1000
KK1S
  0
XRECORD
  5
1000011E
102
{ACAD_REACTORS
330
1000011C
102
}
330
1000011C
100
AcDbXrecord
1000
JKK
  0
XRECORD
  5
10000120
102
{ACAD_REACTORS
330
1000011C
102
}
330
1000011C
100
AcDbXrecord
1000
JKD
  0
XRECORD
  5
10000123
102
{ACAD_REACTORS
330
10000122
102
}
330
10000122
100
AcDbXrecord
1000
KKdQ
  0
XRECORD
  5
10000124
102
{ACAD_REACTORS
330
10000122
102
}
330
10000122
100
AcDbXrecord
1000
JKD
  0
XRECORD
  5
10000129
102
{ACAD_REACTORS
330
10000126
102
}
330
10000126
100
AcDbXrecord
 40
49.70000000000001
  0
XRECORD
  5
10000127
102
{ACAD_REACTORS
330
10000126
102
}
330
10000126
100
AcDbXrecord
1000
KKdH
  0
XRECORD
  5
10000128
102
{ACAD_REACTORS
330
10000126
102
}
330
10000126
100
AcDbXrecord
1000
JKK
  0
XRECORD
  5
1000012A
102
{ACAD_REACTORS
330
10000126
102
}
330
10000126
100
AcDbXrecord
1000
JKD
  0
XRECORD
  5
1000012D
102
{ACAD_REACTORS
330
1000012C
102
}
330
1000012C
100
AcDbXrecord
1000
KKFU
  0
XRECORD
  5
1000012E
102
{ACAD_REACTORS
330
1000012C
102
}
330
1000012C
100
AcDbXrecord
1000
JKD
  0
XRECORD
  5
10000133
102
{ACAD_REACTORS
330
10000130
102
}
330
10000130
100
AcDbXrecord
 40
55.09999999999999
  0
XRECORD
  5
10000131
102
{ACAD_REACTORS
330
10000130
102
}
330
10000130
100
AcDbXrecord
1000
KKdI
  0
XRECORD
  5
10000132
102
{ACAD_REACTORS
330
10000130
102
}
330
10000130
100
AcDbXrecord
1000
JKK
  0
XRECORD
  5
10000134
102
{ACAD_REACTORS
330
10000130
102
}
330
10000130
100
AcDbXrecord
1000
JKD
  0
XRECORD
  5
10000137
102
{ACAD_REACTORS
330
10000136
102
}
330
10000136
100
AcDbXrecord
1000
KKtT
  0
XRECORD
  5
10000138
102
{ACAD_REACTORS
330
10000136
102
}
330
10000136
100
AcDbXrecord
1000
JKD
  0
XRECORD
  5
1000013D
102
{ACAD_REACTORS
330
1000013A
102
}
330
1000013A
100
AcDbXrecord
 40
55.09999999999999
  0
XRECORD
  5
1000013B
102
{ACAD_REACTORS
330
1000013A
102
}
330
1000013A
100
AcDbXrecord
1000
KK9T
  0
XRECORD
  5
1000013C
102
{ACAD_REACTORS
330
1000013A
102
}
330
1000013A
100
AcDbXrecord
1000
JKK
  0
XRECORD
  5
1000013E
102
{ACAD_REACTORS
330
1000013A
102
}
330
1000013A
100
AcDbXrecord
1000
JKD
  0
XRECORD
  5
10000141
102
{ACAD_REACTORS
330
10000140
102
}
330
10000140
100
AcDbXrecord
1000
KKNU
  0
XRECORD
  5
10000142
102
{ACAD_REACTORS
330
10000140
102
}
330
10000140
100
AcDbXrecord
1000
JKD
  0
XRECORD
  5
10000147
102
{ACAD_REACTORS
330
10000144
102
}
330
10000144
100
AcDbXrecord
 40
49.70000000000003
  0
XRECORD
  5
10000145
102
{ACAD_REACTORS
330
10000144
102
}
330
10000144
100
AcDbXrecord
1000
KK1T
  0
XRECORD
  5
10000146
102
{ACAD_REACTORS
330
10000144
102
}
330
10000144
100
AcDbXrecord
1000
JKK
  0
XRECORD
  5
10000148
102
{ACAD_REACTORS
330
10000144
102
}
330
10000144
100
AcDbXrecord
1000
JKD
  0
XRECORD
  5
1000014B
102
{ACAD_REACTORS
330
1000014A
102
}
330
1000014A
100
AcDbXrecord
1000
KKtQ
  0
XRECORD
  5
1000014C
102
{ACAD_REACTORS
330
1000014A
102
}
330
1000014A
100
AcDbXrecord
1000
JKD
  0
XRECORD
  5
10000151
102
{ACAD_REACTORS
330
1000014E
102
}
330
1000014E
100
AcDbXrecord
 40
72.50000000000001
  0
XRECORD
  5
1000014F
102
{ACAD_REACTORS
330
1000014E
102
}
330
1000014E
100
AcDbXrecord
1000
KKtH
  0
XRECORD
  5
10000150
102
{ACAD_REACTORS
330
1000014E
102
}
330
1000014E
100
AcDbXrecord
1000
JKK
  0
XRECORD
  5
10000152
102
{ACAD_REACTORS
330
1000014E
102
}
330
1000014E
100
AcDbXrecord
1000
JKD
  0
XRECORD
  5
10000155
102
{ACAD_REACTORS
330
10000154
102
}
330
10000154
100
AcDbXrecord
1000
KKtU
  0
XRECORD
  5
10000156
102
{ACAD_REACTORS
330
10000154
102
}
330
10000154
100
AcDbXrecord
1000
JKD
  0
XRECORD
  5
1000015B
102
{ACAD_REACTORS
330
10000158
102
}
330
10000158
100
AcDbXrecord
 40
77.89999999999999
  0
XRECORD
  5
10000159
102
{ACAD_REACTORS
330
10000158
102
}
330
10000158
100
AcDbXrecord
1000
KKNI
  0
XRECORD
  5
1000015A
102
{ACAD_REACTORS
330
10000158
102
}
330
10000158
100
AcDbXrecord
1000
JKK
  0
XRECORD
  5
1000015C
102
{ACAD_REACTORS
330
10000158
102
}
330
10000158
100
AcDbXrecord
1000
JKD
  0
XRECORD
  5
10000161
102
{ACAD_REACTORS
330
1000015E
102
}
330
1000015E
100
AcDbXrecord
 40
9.500000000000002
  0
XRECORD
  5
1000015F
102
{ACAD_REACTORS
330
1000015E
102
}
330
1000015E
100
AcDbXrecord
1000
KK9I
  0
XRECORD
  5
10000160
102
{ACAD_REACTORS
330
1000015E
102
}
330
1000015E
100
AcDbXrecord
1000
JKK
  0
XRECORD
  5
10000162
102
{ACAD_REACTORS
330
1000015E
102
}
330
1000015E
100
AcDbXrecord
1000
JKD
  0
XRECORD
  5
10000167
102
{ACAD_REACTORS
330
10000164
102
}
330
10000164
100
AcDbXrecord
 40
95.30000000000001
  0
XRECORD
  5
10000165
102
{ACAD_REACTORS
330
10000164
102
}
330
10000164
100
AcDbXrecord
1000
KK9H
  0
XRECORD
  5
10000166
102
{ACAD_REACTORS
330
10000164
102
}
330
10000164
100
AcDbXrecord
1000
JKK
  0
XRECORD
  5
10000168
102
{ACAD_REACTORS
330
10000164
102
}
330
10000164
100
AcDbXrecord
1000
JKD
  0
XRECORD
  5
1000016D
102
{ACAD_REACTORS
330
1000016A
102
}
330
1000016A
100
AcDbXrecord
 40
77.89999999999999
  0
XRECORD
  5
1000016B
102
{ACAD_REACTORS
330
1000016A
102
}
330
1000016A
100
AcDbXrecord
1000
KKdU
  0
XRECORD
  5
1000016C
102
{ACAD_REACTORS
330
1000016A
102
}
330
1000016A
100
AcDbXrecord
1000
JKK
  0
XRECORD
  5
1000016E
102
{ACAD_REACTORS
330
1000016A
102
}
330
1000016A
100
AcDbXrecord
1000
JKD
  0
XRECORD
  5
10000171
102
{ACAD_REACTORS
330
10000170
102
}
330
10000170
100
AcDbXrecord
1000
KKlU
  0
XRECORD
  5
10000172
102
{ACAD_REACTORS
330
10000170
102
}
330
10000170
100
AcDbXrecord
1000
JKD
  0
XRECORD
  5
10000177
102
{ACAD_REACTORS
330
10000174
102
}
330
10000174
100
AcDbXrecord
 40
72.50000000000001
  0
XRECORD
  5
10000175
102
{ACAD_REACTORS
330
10000174
102
}
330
10000174
100
AcDbXrecord
1000
KKVU
  0
XRECORD
  5
10000176
102
{ACAD_REACTORS
330
10000174
102
}
330
10000174
100
AcDbXrecord
1000
JKK
  0
XRECORD
  5
10000178
102
{ACAD_REACTORS
330
10000174
102
}
330
10000174
100
AcDbXrecord
1000
JKD
  0
XRECORD
  5
1000017B
102
{ACAD_REACTORS
330
1000017A
102
}
330
1000017A
100
AcDbXrecord
1000
KKNV
  0
XRECORD
  5
1000017C
102
{ACAD_REACTORS
330
1000017A
102
}
330
1000017A
100
AcDbXrecord
1000
JKD
  0
XRECORD
  5
10000181
102
{ACAD_REACTORS
330
1000017E
102
}
330
1000017E
100
AcDbXrecord
 40
72.50000000000001
  0
XRECORD
  5
1000017F
102
{ACAD_REACTORS
330
1000017E
102
}
330
1000017E
100
AcDbXrecord
1000
KK1U
  0
XRECORD
  5
10000180
102
{ACAD_REACTORS
330
1000017E
102
}
330
1000017E
100
AcDbXrecord
1000
JKK
  0
XRECORD
  5
10000182
102
{ACAD_REACTORS
330
1000017E
102
}
330
1000017E
100
AcDbXrecord
1000
JKD
  0
XRECORD
  5
10000185
102
{ACAD_REACTORS
330
10000184
102
}
330
10000184
100
AcDbXrecord
1000
KKVR
  0
XRECORD
  5
10000186
102
{ACAD_REACTORS
330
10000184
102
}
330
10000184
100
AcDbXrecord
1000
JKD
  0
XRECORD
  5
1000018B
102
{ACAD_REACTORS
330
10000188
102
}
330
10000188
100
AcDbXrecord
 40
77.89999999999999
  0
XRECORD
  5
10000189
102
{ACAD_REACTORS
330
10000188
102
}
330
10000188
100
AcDbXrecord
1000
KKFV
  0
XRECORD
  5
1000018A
102
{ACAD_REACTORS
330
10000188
102
}
330
10000188
100
AcDbXrecord
1000
JKK
  0
XRECORD
  5
1000018C
102
{ACAD_REACTORS
330
10000188
102
}
330
10000188
100
AcDbXrecord
1000
JKD
  0
XRECORD
  5
1000018F
102
{ACAD_REACTORS
330
1000018E
102
}
330
1000018E
100
AcDbXrecord
1000
KK9U
  0
XRECORD
  5
10000190
102
{ACAD_REACTORS
330
1000018E
102
}
330
1000018E
100
AcDbXrecord
1000
JKD
  0
XRECORD
  5
10000195
102
{ACAD_REACTORS
330
10000192
102
}
330
10000192
100
AcDbXrecord
 40
49.70000000000001
  0
XRECORD
  5
10000193
102
{ACAD_REACTORS
330
10000192
102
}
330
10000192
100
AcDbXrecord
1000
KKVT
  0
XRECORD
  5
10000194
102
{ACAD_REACTORS
330
10000192
102
}
330
10000192
100
AcDbXrecord
1000
JKK
  0
XRECORD
  5
10000196
102
{ACAD_REACTORS
330
10000192
102
}
330
10000192
100
AcDbXrecord
1000
JKD
  0
XRECORD
  5
10000199
102
{ACAD_REACTORS
330
10000198
102
}
330
10000198
100
AcDbXrecord
1000
KK1R
  0
XRECORD
  5
1000019A
102
{ACAD_REACTORS
330
10000198
102
}
330
10000198
100
AcDbXrecord
1000
JKD
  0
XRECORD
  5
1000019F
102
{ACAD_REACTORS
330
1000019C
102
}
330
1000019C
100
AcDbXrecord
 40
55.09999999999999
  0
XRECORD
  5
1000019D
102
{ACAD_REACTORS
330
1000019C
102
}
330
1000019C
100
AcDbXrecord
1000
KKdT
  0
XRECORD
  5
1000019E
102
{ACAD_REACTORS
330
1000019C
102
}
330
1000019C
100
AcDbXrecord
1000
JKK
  0
XRECORD
  5
100001A0
102
{ACAD_REACTORS
330
1000019C
102
}
330
1000019C
100
AcDbXrecord
1000
JKD
  0
XRECORD
  5
100001A3
102
{ACAD_REACTORS
330
100001A2
102
}
330
100001A2
100
AcDbXrecord
1000
KKlT
  0
XRECORD
  5
100001A4
102
{ACAD_REACTORS
330
100001A2
102
}
330
100001A2
100
AcDbXrecord
1000
JKD
  0
XRECORD
  5
100001A9
102
{ACAD_REACTORS
330
100001A6
102
}
330
100001A6
100
AcDbXrecord
 40
26.9
  0
XRECORD
  5
100001A7
102
{ACAD_REACTORS
330
100001A6
102
}
330
100001A6
100
AcDbXrecord
1000
KKVS
  0
XRECORD
  5
100001A8
102
{ACAD_REACTORS
330
100001A6
102
}
330
100001A6
100
AcDbXrecord
1000
JKK
  0
XRECORD
  5
100001AA
102
{ACAD_REACTORS
330
100001A6
102
}
330
100001A6
100
AcDbXrecord
1000
JKD
  0
XRECORD
  5
100001AD
102
{ACAD_REACTORS
330
100001AC
102
}
330
100001AC
100
AcDbXrecord
1000
KKNS
  0
XRECORD
  5
100001AE
102
{ACAD_REACTORS
330
100001AC
102
}
330
100001AC
100
AcDbXrecord
1000
JKD
  0
XRECORD
  5
100001B3
102
{ACAD_REACTORS
330
100001B0
102
}
330
100001B0
100
AcDbXrecord
 40
32.3
  0
XRECORD
  5
100001B1
102
{ACAD_REACTORS
330
100001B0
102
}
330
100001B0
100
AcDbXrecord
1000
KKdS
  0
XRECORD
  5
100001B2
102
{ACAD_REACTORS
330
100001B0
102
}
330
100001B0
100
AcDbXrecord
1000
JKK
  0
XRECORD
  5
100001B4
102
{ACAD_REACTORS
330
100001B0
102
}
330
100001B0
100
AcDbXrecord
1000
JKD
  0
XRECORD
  5
100001B7
102
{ACAD_REACTORS
330
100001B6
102
}
330
100001B6
100
AcDbXrecord
1000
KKlS
  0
XRECORD
  5
100001B8
102
{ACAD_REACTORS
330
100001B6
102
}
330
100001B6
100
AcDbXrecord
1000
JKD
  0
XRECORD
  5
100001BD
102
{ACAD_REACTORS
330
100001BA
102
}
330
100001BA
100
AcDbXrecord
 40
26.89999999999997
  0
XRECORD
  5
100001BB
102
{ACAD_REACTORS
330
100001BA
102
}
330
100001BA
100
AcDbXrecord
1000
KKNH
  0
XRECORD
  5
100001BC
102
{ACAD_REACTORS
330
100001BA
102
}
330
100001BA
100
AcDbXrecord
1000
JKK
  0
XRECORD
  5
100001BE
102
{ACAD_REACTORS
330
100001BA
102
}
330
100001BA
100
AcDbXrecord
1000
JKD
  0
XRECORD
  5
100001C1
102
{ACAD_REACTORS
330
100001C0
102
}
330
100001C0
100
AcDbXrecord
1000
KKNJ
  0
XRECORD
  5
100001C2
102
{ACAD_REACTORS
330
100001C0
102
}
330
100001C0
100
AcDbXrecord
1000
JKD
  0
XRECORD
  5
100001C7
102
{ACAD_REACTORS
330
100001C4
102
}
330
100001C4
100
AcDbXrecord
 40
32.3
  0
XRECORD
  5
100001C5
102
{ACAD_REACTORS
330
100001C4
102
}
330
100001C4
100
AcDbXrecord
1000
KK9R
  0
XRECORD
  5
100001C6
102
{ACAD_REACTORS
330
100001C4
102
}
330
100001C4
100
AcDbXrecord
1000
JKK
  0
XRECORD
  5
100001C8
102
{ACAD_REACTORS
330
100001C4
102
}
330
100001C4
100
AcDbXrecord
1000
JKD
  0
XRECORD
  5
100001CB
102
{ACAD_REACTORS
330
100001CA
102
}
330
100001CA
100
AcDbXrecord
1000
KKFS
  0
XRECORD
  5
100001CC
102
{ACAD_REACTORS
330
100001CA
102
}
330
100001CA
100
AcDbXrecord
1000
JKD
  0
XRECORD
  5
100001D1
102
{ACAD_REACTORS
330
100001CE
102
}
330
100001CE
100
AcDbXrecord
 40
49.70000000000003
  0
XRECORD
  5
100001CF
102
{ACAD_REACTORS
330
100001CE
102
}
330
100001CE
100
AcDbXrecord
1000
KKlR
  0
XRECORD
  5
100001D0
102
{ACAD_REACTORS
330
100001CE
102
}
330
100001CE
100
AcDbXrecord
1000
JKK
  0
XRECORD
  5
100001D2
102
{ACAD_REACTORS
330
100001CE
102
}
330
100001CE
100
AcDbXrecord
1000
JKD
  0
XRECORD
  5
100001D5
102
{ACAD_REACTORS
330
100001D4
102
}
330
100001D4
100
AcDbXrecord
1000
KKlQ
  0
XRECORD
  5
100001D6
102
{ACAD_REACTORS
330
100001D4
102
}
330
100001D4
100
AcDbXrecord
1000
JKD
  0
XRECORD
  5
100001DB
102
{ACAD_REACTORS
330
100001D8
102
}
330
100001D8
100
AcDbXrecord
 40
55.09999999999999
  0
XRECORD
  5
100001D9
102
{ACAD_REACTORS
330
100001D8
102
}
330
100001D8
100
AcDbXrecord
1000
KKdR
  0
XRECORD
  5
100001DA
102
{ACAD_REACTORS
330
100001D8
102
}
330
100001D8
100
AcDbXrecord
1000
JKK
  0
XRECORD
  5
100001DC
102
{ACAD_REACTORS
330
100001D8
102
}
330
100001D8
100
AcDbXrecord
1000
JKD
  0
XRECORD
  5
100001DF
102
{ACAD_REACTORS
330
100001DE
102
}
330
100001DE
100
AcDbXrecord
1000
KKtR
  0
XRECORD
  5
100001E0
102
{ACAD_REACTORS
330
100001DE
102
}
330
100001DE
100
AcDbXrecord
1000
JKD
  0
XRECORD
  5
100001E5
102
{ACAD_REACTORS
330
100001E2
102
}
330
100001E2
100
AcDbXrecord
 40
72.50000000000001
  0
XRECORD
  5
100001E3
102
{ACAD_REACTORS
330
100001E2
102
}
330
100001E2
100
AcDbXrecord
1000
KKFR
  0
XRECORD
  5
100001E4
102
{ACAD_REACTORS
330
100001E2
102
}
330
100001E2
100
AcDbXrecord
1000
JKK
  0
XRECORD
  5
100001E6
102
{ACAD_REACTORS
330
100001E2
102
}
330
100001E2
100
AcDbXrecord
1000
JKD
  0
XRECORD
  5
100001E9
102
{ACAD_REACTORS
330
100001E8
102
}
330
100001E8
100
AcDbXrecord
1000
KK1Q
  0
XRECORD
  5
100001EA
102
{ACAD_REACTORS
330
100001E8
102
}
330
100001E8
100
AcDbXrecord
1000
JKD
  0
XRECORD
  5
100001EF
102
{ACAD_REACTORS
330
100001EC
102
}
330
100001EC
100
AcDbXrecord
 40
77.89999999999999
  0
XRECORD
  5
100001ED
102
{ACAD_REACTORS
330
100001EC
102
}
330
100001EC
100
AcDbXrecord
1000
KK9Q
  0
XRECORD
  5
100001EE
102
{ACAD_REACTORS
330
100001EC
102
}
330
100001EC
100
AcDbXrecord
1000
JKK
  0
XRECORD
  5
100001F0
102
{ACAD_REACTORS
330
100001EC
102
}
330
100001EC
100
AcDbXrecord
1000
JKD
  0
XRECORD
  5
100001F3
102
{ACAD_REACTORS
330
100001F2
102
}
330
100001F2
100
AcDbXrecord
1000
KKNR
  0
XRECORD
  5
100001F4
102
{ACAD_REACTORS
330
100001F2
102
}
330
100001F2
100
AcDbXrecord
1000
JKD
  0
XRECORD
  5
100001F7
102
{ACAD_REACTORS
330
100001F6
102
}
330
100001F6
100
AcDbXrecord
1000
KK1P
  0
XRECORD
  5
100001F8
102
{ACAD_REACTORS
330
100001F6
102
}
330
100001F6
100
AcDbXrecord
1000
JKD
  0
XRECORD
  5
100001FD
102
{ACAD_REACTORS
330
100001FA
102
}
330
100001FA
100
AcDbXrecord
 40
83.9
  0
XRECORD
  5
100001FB
102
{ACAD_REACTORS
330
100001FA
102
}
330
100001FA
100
AcDbXrecord
1000
KKFQ
  0
XRECORD
  5
100001FC
102
{ACAD_REACTORS
330
100001FA
102
}
330
100001FA
100
AcDbXrecord
1000
JKK
  0
XRECORD
  5
100001FE
102
{ACAD_REACTORS
330
100001FA
102
}
330
100001FA
100
AcDbXrecord
1000
JKD
  0
XRECORD
  5
10000201
102
{ACAD_REACTORS
330
10000200
102
}
330
10000200
100
AcDbXrecord
1000
KKFL
  0
XRECORD
  5
10000202
102
{ACAD_REACTORS
330
10000200
102
}
330
10000200
100
AcDbXrecord
1000
JKD
  0
XRECORD
  5
10000207
102
{ACAD_REACTORS
330
10000204
102
}
330
10000204
100
AcDbXrecord
 40
89.3
  0
XRECORD
  5
10000205
102
{ACAD_REACTORS
330
10000204
102
}
330
10000204
100
AcDbXrecord
1000
KKNQ
  0
XRECORD
  5
10000206
102
{ACAD_REACTORS
330
10000204
102
}
330
10000204
100
AcDbXrecord
1000
JKK
  0
XRECORD
  5
10000208
102
{ACAD_REACTORS
330
10000204
102
}
330
10000204
100
AcDbXrecord
1000
JKD
  0
XRECORD
  5
1000020D
102
{ACAD_REACTORS
330
1000020A
102
}
330
1000020A
100
AcDbXrecord
 40
89.29999999999998
  0
XRECORD
  5
1000020B
102
{ACAD_REACTORS
330
1000020A
102
}
330
1000020A
100
AcDbXrecord
1000
KKNM
  0
XRECORD
  5
1000020C
102
{ACAD_REACTORS
330
1000020A
102
}
330
1000020A
100
AcDbXrecord
1000
JKK
  0
XRECORD
  5
1000020E
102
{ACAD_REACTORS
330
1000020A
102
}
330
1000020A
100
AcDbXrecord
1000
JKD
  0
XRECORD
  5
10000211
102
{ACAD_REACTORS
330
10000210
102
}
330
10000210
100
AcDbXrecord
1000
KKVM
  0
XRECORD
  5
10000212
102
{ACAD_REACTORS
330
10000210
102
}
330
10000210
100
AcDbXrecord
1000
JKD
  0
XRECORD
  5
10000217
102
{ACAD_REACTORS
330
10000214
102
}
330
10000214
100
AcDbXrecord
 40
83.9
  0
XRECORD
  5
10000215
102
{ACAD_REACTORS
330
10000214
102
}
330
10000214
100
AcDbXrecord
1000
KK9L
  0
XRECORD
  5
10000216
102
{ACAD_REACTORS
330
10000214
102
}
330
10000214
100
AcDbXrecord
1000
JKK
  0
XRECORD
  5
10000218
102
{ACAD_REACTORS
330
10000214
102
}
330
10000214
100
AcDbXrecord
1000
JKD
  0
XRECORD
  5
1000021B
102
{ACAD_REACTORS
330
1000021A
102
}
330
1000021A
100
AcDbXrecord
1000
KK9P
  0
XRECORD
  5
1000021C
102
{ACAD_REACTORS
330
1000021A
102
}
330
1000021A
100
AcDbXrecord
1000
JKD
  0
XRECORD
  5
1000021F
102
{ACAD_REACTORS
330
1000021E
102
}
330
1000021E
100
AcDbXrecord
1000
KKdP
  0
XRECORD
  5
10000220
102
{ACAD_REACTORS
330
1000021E
102
}
330
1000021E
100
AcDbXrecord
1000
JKD
  0
XRECORD
  5
10000225
102
{ACAD_REACTORS
330
10000222
102
}
330
10000222
100
AcDbXrecord
 40
61.10000000000002
  0
XRECORD
  5
10000223
102
{ACAD_REACTORS
330
10000222
102
}
330
10000222
100
AcDbXrecord
1000
KKlP
  0
XRECORD
  5
10000224
102
{ACAD_REACTORS
330
10000222
102
}
330
10000222
100
AcDbXrecord
1000
JKK
  0
XRECORD
  5
10000226
102
{ACAD_REACTORS
330
10000222
102
}
330
10000222
100
AcDbXrecord
1000
JKD
  0
XRECORD
  5
10000229
102
{ACAD_REACTORS
330
10000228
102
}
330
10000228
100
AcDbXrecord
1000
KKtK
  0
XRECORD
  5
1000022A
102
{ACAD_REACTORS
330
10000228
102
}
330
10000228
100
AcDbXrecord
1000
JKD
  0
XRECORD
  5
1000022F
102
{ACAD_REACTORS
330
1000022C
102
}
330
1000022C
100
AcDbXrecord
 40
66.5
  0
XRECORD
  5
1000022D
102
{ACAD_REACTORS
330
1000022C
102
}
330
1000022C
100
AcDbXrecord
1000
KKtP
  0
XRECORD
  5
1000022E
102
{ACAD_REACTORS
330
1000022C
102
}
330
1000022C
100
AcDbXrecord
1000
JKK
  0
XRECORD
  5
10000230
102
{ACAD_REACTORS
330
1000022C
102
}
330
1000022C
100
AcDbXrecord
1000
JKD
  0
XRECORD
  5
10000235
102
{ACAD_REACTORS
330
10000232
102
}
330
10000232
100
AcDbXrecord
 40
66.5
  0
XRECORD
  5
10000233
102
{ACAD_REACTORS
330
10000232
102
}
330
10000232
100
AcDbXrecord
1000
KKlL
  0
XRECORD
  5
10000234
102
{ACAD_REACTORS
330
10000232
102
}
330
10000232
100
AcDbXrecord
1000
JKK
  0
XRECORD
  5
10000236
102
{ACAD_REACTORS
330
10000232
102
}
330
10000232
100
AcDbXrecord
1000
JKD
  0
XRECORD
  5
10000239
102
{ACAD_REACTORS
330
10000238
102
}
330
10000238
100
AcDbXrecord
1000
KK1L
  0
XRECORD
  5
1000023A
102
{ACAD_REACTORS
330
10000238
102
}
330
10000238
100
AcDbXrecord
1000
JKD
  0
XRECORD
  5
1000023F
102
{ACAD_REACTORS
330
1000023C
102
}
330
1000023C
100
AcDbXrecord
 40
61.1
  0
XRECORD
  5
1000023D
102
{ACAD_REACTORS
330
1000023C
102
}
330
1000023C
100
AcDbXrecord
1000
KKtL
  0
XRECORD
  5
1000023E
102
{ACAD_REACTORS
330
1000023C
102
}
330
1000023C
100
AcDbXrecord
1000
JKK
  0
XRECORD
  5
10000240
102
{ACAD_REACTORS
330
1000023C
102
}
330
1000023C
100
AcDbXrecord
1000
JKD
  0
XRECORD
  5
10000243
102
{ACAD_REACTORS
330
10000242
102
}
330
10000242
100
AcDbXrecord
1000
KKVP
  0
XRECORD
  5
10000244
102
{ACAD_REACTORS
330
10000242
102
}
330
10000242
100
AcDbXrecord
1000
JKD
  0
XRECORD
  5
10000247
102
{ACAD_REACTORS
330
10000246
102
}
330
10000246
100
AcDbXrecord
1000
KKNN
  0
XRECORD
  5
10000248
102
{ACAD_REACTORS
330
10000246
102
}
330
10000246
100
AcDbXrecord
1000
JKD
  0
XRECORD
  5
1000024D
102
{ACAD_REACTORS
330
1000024A
102
}
330
1000024A
100
AcDbXrecord
 40
38.3
  0
XRECORD
  5
1000024B
102
{ACAD_REACTORS
330
1000024A
102
}
330
1000024A
100
AcDbXrecord
1000
KKFP
  0
XRECORD
  5
1000024C
102
{ACAD_REACTORS
330
1000024A
102
}
330
1000024A
100
AcDbXrecord
1000
JKK
  0
XRECORD
  5
1000024E
102
{ACAD_REACTORS
330
1000024A
102
}
330
1000024A
100
AcDbXrecord
1000
JKD
  0
XRECORD
  5
10000251
102
{ACAD_REACTORS
330
10000250
102
}
330
10000250
100
AcDbXrecord
1000
KKFK
  0
XRECORD
  5
10000252
102
{ACAD_REACTORS
330
10000250
102
}
330
10000250
100
AcDbXrecord
1000
JKD
  0
XRECORD
  5
10000257
102
{ACAD_REACTORS
330
10000254
102
}
330
10000254
100
AcDbXrecord
 40
43.69999999999999
  0
XRECORD
  5
10000255
102
{ACAD_REACTORS
330
10000254
102
}
330
10000254
100
AcDbXrecord
1000
KKNP
  0
XRECORD
  5
10000256
102
{ACAD_REACTORS
330
10000254
102
}
330
10000254
100
AcDbXrecord
1000
JKK
  0
XRECORD
  5
10000258
102
{ACAD_REACTORS
330
10000254
102
}
330
10000254
100
AcDbXrecord
1000
JKD
  0
XRECORD
  5
1000025B
102
{ACAD_REACTORS
330
1000025A
102
}
330
1000025A
100
AcDbXrecord
1000
KKNL
  0
XRECORD
  5
1000025C
102
{ACAD_REACTORS
330
1000025A
102
}
330
1000025A
100
AcDbXrecord
1000
JKD
  0
XRECORD
  5
10000261
102
{ACAD_REACTORS
330
1000025E
102
}
330
1000025E
100
AcDbXrecord
 40
43.7
  0
XRECORD
  5
1000025F
102
{ACAD_REACTORS
330
1000025E
102
}
330
1000025E
100
AcDbXrecord
1000
KKlN
  0
XRECORD
  5
10000260
102
{ACAD_REACTORS
330
1000025E
102
}
330
1000025E
100
AcDbXrecord
1000
JKK
  0
XRECORD
  5
10000262
102
{ACAD_REACTORS
330
1000025E
102
}
330
1000025E
100
AcDbXrecord
1000
JKD
  0
XRECORD
  5
10000265
102
{ACAD_REACTORS
330
10000264
102
}
330
10000264
100
AcDbXrecord
1000
KK1N
  0
XRECORD
  5
10000266
102
{ACAD_REACTORS
330
10000264
102
}
330
10000264
100
AcDbXrecord
1000
JKD
  0
XRECORD
  5
1000026B
102
{ACAD_REACTORS
330
10000268
102
}
330
10000268
100
AcDbXrecord
 40
38.3
  0
XRECORD
  5
10000269
102
{ACAD_REACTORS
330
10000268
102
}
330
10000268
100
AcDbXrecord
1000
KKdN
  0
XRECORD
  5
1000026A
102
{ACAD_REACTORS
330
10000268
102
}
330
10000268
100
AcDbXrecord
1000
JKK
  0
XRECORD
  5
1000026C
102
{ACAD_REACTORS
330
10000268
102
}
330
10000268
100
AcDbXrecord
1000
JKD
  0
XRECORD
  5
1000026F
102
{ACAD_REACTORS
330
1000026E
102
}
330
1000026E
100
AcDbXrecord
1000
KKlJ
  0
XRECORD
  5
10000270
102
{ACAD_REACTORS
330
1000026E
102
}
330
1000026E
100
AcDbXrecord
1000
JKD
  0
XRECORD
  5
10000275
102
{ACAD_REACTORS
330
10000272
102
}
330
10000272
100
AcDbXrecord
 40
15.5
  0
XRECORD
  5
10000273
102
{ACAD_REACTORS
330
10000272
102
}
330
10000272
100
AcDbXrecord
1000
KK9M
  0
XRECORD
  5
10000274
102
{ACAD_REACTORS
330
10000272
102
}
330
10000272
100
AcDbXrecord
1000
JKK
  0
XRECORD
  5
10000276
102
{ACAD_REACTORS
330
10000272
102
}
330
10000272
100
AcDbXrecord
1000
JKD
  0
XRECORD
  5
10000279
102
{ACAD_REACTORS
330
10000278
102
}
330
10000278
100
AcDbXrecord
1000
KKdJ
  0
XRECORD
  5
1000027A
102
{ACAD_REACTORS
330
10000278
102
}
330
10000278
100
AcDbXrecord
1000
JKD
  0
XRECORD
  5
1000027F
102
{ACAD_REACTORS
330
1000027C
102
}
330
1000027C
100
AcDbXrecord
 40
20.90000000000001
  0
XRECORD
  5
1000027D
102
{ACAD_REACTORS
330
1000027C
102
}
330
1000027C
100
AcDbXrecord
1000
KKFN
  0
XRECORD
  5
1000027E
102
{ACAD_REACTORS
330
1000027C
102
}
330
1000027C
100
AcDbXrecord
1000
JKK
  0
XRECORD
  5
10000280
102
{ACAD_REACTORS
330
1000027C
102
}
330
1000027C
100
AcDbXrecord
1000
JKD
  0
XRECORD
  5
10000283
102
{ACAD_REACTORS
330
10000282
102
}
330
10000282
100
AcDbXrecord
1000
KKdK
  0
XRECORD
  5
10000284
102
{ACAD_REACTORS
330
10000282
102
}
330
10000282
100
AcDbXrecord
1000
JKD
  0
XRECORD
  5
10000289
102
{ACAD_REACTORS
330
10000286
102
}
330
10000286
100
AcDbXrecord
 40
15.49999999999999
  0
XRECORD
  5
10000287
102
{ACAD_REACTORS
330
10000286
102
}
330
10000286
100
AcDbXrecord
1000
KKFH
  0
XRECORD
  5
10000288
102
{ACAD_REACTORS
330
10000286
102
}
330
10000286
100
AcDbXrecord
1000
JKK
  0
XRECORD
  5
1000028A
102
{ACAD_REACTORS
330
10000286
102
}
330
10000286
100
AcDbXrecord
1000
JKD
  0
XRECORD
  5
1000028D
102
{ACAD_REACTORS
330
1000028C
102
}
330
1000028C
100
AcDbXrecord
1000
KKtJ
  0
XRECORD
  5
1000028E
102
{ACAD_REACTORS
330
1000028C
102
}
330
1000028C
100
AcDbXrecord
1000
JKD
  0
XRECORD
  5
10000293
102
{ACAD_REACTORS
330
10000290
102
}
330
10000290
100
AcDbXrecord
 40
20.90000000000001
  0
XRECORD
  5
10000291
102
{ACAD_REACTORS
330
10000290
102
}
330
10000290
100
AcDbXrecord
1000
KKNK
  0
XRECORD
  5
10000292
102
{ACAD_REACTORS
330
10000290
102
}
330
10000290
100
AcDbXrecord
1000
JKK
  0
XRECORD
  5
10000294
102
{ACAD_REACTORS
330
10000290
102
}
330
10000290
100
AcDbXrecord
1000
JKD
  0
MATERIAL
  5
45
102
{ACAD_REACTORS
330
43
102
}
102
{ACAD_XDICTIONARY
360
100002CA
102
}
330
43
100
AcDbMaterial
  1
BYBLOCK
  0
MATERIAL
  5
44
102
{ACAD_REACTORS
330
43
102
}
102
{ACAD_XDICTIONARY
360
100002C8
102
}
330
43
100
AcDbMaterial
  1
BYLAYER
  0
MATERIAL
  5
46
102
{ACAD_REACTORS
330
43
102
}
102
{ACAD_XDICTIONARY
360
100002CC
102
}
330
43
100
AcDbMaterial
  1
GLOBAL
  0
ACAD_PROXY_OBJECT
  5
5C
102
{ACAD_REACTORS
330
5B
102
}
330
5B
100
AcDbProxyObject
 90
      499
 91
      505
 93
      610
310
40901902A4063FBFFFFFE0000000000000020400000000000020404214DD185B99185C990000000000000104090141901A00000000000004100000000000000041025764000000000000039000
340
14
340
0
340
11
340
0
 94
        0
1001
ACAD_MLEADERVER
1070
     2
  0
MLINESTYLE
  5
18
102
{ACAD_REACTORS
330
17
102
}
330
17
100
AcDbMlineStyle
  2
Standard
 70
     0
  3

 62
   256
 51
90.0
 52
90.0
 71
     2
 49
0.5
 62
   256
  6
BYLAYER
 49
-0.5
 62
   256
  6
BYLAYER
  0
ACAD_PROXY_OBJECT
  5
10000023
102
{ACAD_REACTORS
330
47
102
}
330
47
100
AcDbProxyObject
 90
      499
 91
      503
 93
      121
310
9053130303A310000000000001650100
  0
ACAD_PROXY_OBJECT
  5
1000001D
102
{ACAD_REACTORS
330
47
102
}
330
47
100
AcDbProxyObject
 90
      499
 91
      503
 93
      113
310
90431303A310000000000000910100
  0
ACAD_PROXY_OBJECT
  5
1000001E
102
{ACAD_REACTORS
330
47
102
}
330
47
100
AcDbProxyObject
 90
      499
 91
      503
 93
      113
310
90431323A310000000000000A10100
  0
ACAD_PROXY_OBJECT
  5
1000001F
102
{ACAD_REACTORS
330
47
102
}
330
47
100
AcDbProxyObject
 90
      499
 91
      503
 93
      113
310
90431363A310000000000000C10100
  0
ACAD_PROXY_OBJECT
  5
10000006
102
{ACAD_REACTORS
330
47
102
}
330
47
100
AcDbProxyObject
 90
      499
 91
      503
 93
       41
310
903313A31500
  0
ACAD_PROXY_OBJECT
  5
1000000D
102
{ACAD_REACTORS
330
47
102
}
330
47
100
AcDbProxyObject
 90
      499
 91
      503
 93
      113
310
904313A31304000000000000244000
  0
ACAD_PROXY_OBJECT
  5
10000016
102
{ACAD_REACTORS
330
47
102
}
330
47
100
AcDbProxyObject
 90
      499
 91
      503
 93
      121
310
905313A3130304000000000000594000
  0
ACAD_PROXY_OBJECT
  5
1000000E
102
{ACAD_REACTORS
330
47
102
}
330
47
100
AcDbProxyObject
 90
      499
 91
      503
 93
      113
310
904313A31324000000000000284000
  0
ACAD_PROXY_OBJECT
  5
1000000F
102
{ACAD_REACTORS
330
47
102
}
330
47
100
AcDbProxyObject
 90
      499
 91
      503
 93
      113
310
904313A31364000000000000304000
  0
ACAD_PROXY_OBJECT
  5
10000007
102
{ACAD_REACTORS
330
47
102
}
330
47
100
AcDbProxyObject
 90
      499
 91
      503
 93
      105
310
903313A324000000000000004000
  0
ACAD_PROXY_OBJECT
  5
10000010
102
{ACAD_REACTORS
330
47
102
}
330
47
100
AcDbProxyObject
 90
      499
 91
      503
 93
      113
310
904313A32304000000000000344000
  0
ACAD_PROXY_OBJECT
  5
10000011
102
{ACAD_REACTORS
330
47
102
}
330
47
100
AcDbProxyObject
 90
      499
 91
      503
 93
      113
310
904313A32354000000000000394000
  0
ACAD_PROXY_OBJECT
  5
10000008
102
{ACAD_REACTORS
330
47
102
}
330
47
100
AcDbProxyObject
 90
      499
 91
      503
 93
      105
310
903313A334000000000000084000
  0
ACAD_PROXY_OBJECT
  5
10000012
102
{ACAD_REACTORS
330
47
102
}
330
47
100
AcDbProxyObject
 90
      499
 91
      503
 93
      113
310
904313A33324000000000000404000
  0
ACAD_PROXY_OBJECT
  5
10000009
102
{ACAD_REACTORS
330
47
102
}
330
47
100
AcDbProxyObject
 90
      499
 91
      503
 93
      105
310
903313A344000000000000104000
  0
ACAD_PROXY_OBJECT
  5
10000013
102
{ACAD_REACTORS
330
47
102
}
330
47
100
AcDbProxyObject
 90
      499
 91
      503
 93
      113
310
904313A34304000000000000444000
  0
ACAD_PROXY_OBJECT
  5
1000000A
102
{ACAD_REACTORS
330
47
102
}
330
47
100
AcDbProxyObject
 90
      499
 91
      503
 93
      105
310
903313A354000000000000144000
  0
ACAD_PROXY_OBJECT
  5
10000014
102
{ACAD_REACTORS
330
47
102
}
330
47
100
AcDbProxyObject
 90
      499
 91
      503
 93
      113
310
904313A35304000000000000494000
  0
ACAD_PROXY_OBJECT
  5
1000000B
102
{ACAD_REACTORS
330
47
102
}
330
47
100
AcDbProxyObject
 90
      499
 91
      503
 93
      105
310
903313A364000000000000184000
  0
ACAD_PROXY_OBJECT
  5
1000000C
102
{ACAD_REACTORS
330
47
102
}
330
47
100
AcDbProxyObject
 90
      499
 91
      503
 93
      105
310
903313A384000000000000204000
  0
ACAD_PROXY_OBJECT
  5
10000015
102
{ACAD_REACTORS
330
47
102
}
330
47
100
AcDbProxyObject
 90
      499
 91
      503
 93
      113
310
904313A38304000000000000544000
  0
ACAD_PROXY_OBJECT
  5
10000020
102
{ACAD_REACTORS
330
47
102
}
330
47
100
AcDbProxyObject
 90
      499
 91
      503
 93
      113
310
90432303A310000000000000D10100
  0
ACAD_PROXY_OBJECT
  5
10000017
102
{ACAD_REACTORS
330
47
102
}
330
47
100
AcDbProxyObject
 90
      499
 91
      503
 93
      105
310
903323A310000000000000010100
  0
ACAD_PROXY_OBJECT
  5
10000021
102
{ACAD_REACTORS
330
47
102
}
330
47
100
AcDbProxyObject
 90
      499
 91
      503
 93
      113
310
90433323A310000000000001010100
  0
ACAD_PROXY_OBJECT
  5
10000018
102
{ACAD_REACTORS
330
47
102
}
330
47
100
AcDbProxyObject
 90
      499
 91
      503
 93
      105
310
903333A310000000000000210100
  0
ACAD_PROXY_OBJECT
  5
10000019
102
{ACAD_REACTORS
330
47
102
}
330
47
100
AcDbProxyObject
 90
      499
 91
      503
 93
      105
310
903343A310000000000000410100
  0
ACAD_PROXY_OBJECT
  5
10000022
102
{ACAD_REACTORS
330
47
102
}
330
47
100
AcDbProxyObject
 90
      499
 91
      503
 93
      113
310
90435303A310000000000001250100
  0
ACAD_PROXY_OBJECT
  5
1000001A
102
{ACAD_REACTORS
330
47
102
}
330
47
100
AcDbProxyObject
 90
      499
 91
      503
 93
      105
310
903353A310000000000000510100
  0
ACAD_PROXY_OBJECT
  5
1000001B
102
{ACAD_REACTORS
330
47
102
}
330
47
100
AcDbProxyObject
 90
      499
 91
      503
 93
      105
310
903363A310000000000000610100
  0
ACAD_PROXY_OBJECT
  5
1000001C
102
{ACAD_REACTORS
330
47
102
}
330
47
100
AcDbProxyObject
 90
      499
 91
      503
 93
      105
310
903383A310000000000000810100
  0
ACAD_PROXY_OBJECT
  5
2F
102
{ACAD_REACTORS
330
2A
102
}
330
2A
100
AcDbProxyObject
 90
      499
 91
      501
 93
      436
310
42CC9915DA5C99599C985B595049028333333333333E33F0000000000000F90107901411070040501600405405064090741402480A0340
1001
ACAD
1000
AcDbSavedByObjectVersion
1070
     0
  0
ACAD_PROXY_OBJECT
  5
32
102
{ACAD_REACTORS
330
2A
102
}
330
2A
100
AcDbProxyObject
 90
      499
 91
      501
 93
      388
310
4150985CDA58D07406404333333333333E33F0000000000000F90107A41107004050150841D405064090741402480A0350
1001
ACAD
1000
AcDbSavedByObjectVersion
1070
     0
  0
ACAD_PROXY_OBJECT
  5
36
102
{ACAD_REACTORS
330
2A
102
}
330
2A
100
AcDbProxyObject
 90
      499
 91
      501
 93
      428
310
42109C9A59DA1D195B90C409028333333333333E33F0000000000000F9010790141107004050150841D405064090741402480A029950
1001
ACAD
1000
AcDbSavedByObjectVersion
1070
     0
  0
ACAD_PROXY_OBJECT
  5
3A
102
{ACAD_REACTORS
330
2A
102
}
330
2A
100
AcDbProxyObject
 90
      499
 91
      501
 93
      452
310
42D0DBDB1BDC90DA185B99D95104090240C333333333333E33F0000000000000F90108901411070040501508421405064090741402480A0350
1001
ACAD
1000
AcDbSavedByObjectVersion
1070
     0
  0
ACAD_PROXY_OBJECT
  5
34
102
{ACAD_REACTORS
330
2A
102
}
330
2A
100
AcDbProxyObject
 90
      499
 91
      501
 93
      500
310
4290DBDB98D95C1D1D585B10940D028333333333333E33F0000000000000F90107902409070040501000000000018199010841D405064090740C02480A0340
1001
ACAD
1000
AcDbSavedByObjectVersion
1070
     0
  0
ACAD_PROXY_OBJECT
  5
35
102
{ACAD_REACTORS
330
2A
102
}
330
2A
100
AcDbProxyObject
 90
      499
 91
      501
 93
      412
310
40D11A5B50B409028333333333333E33F0000000000000F9010790141107004050150841D405064090741402480A02677FFFFFD0
1001
ACAD
1000
AcDbSavedByObjectVersion
1070
     0
  0
ACAD_PROXY_OBJECT
  5
3D
102
{ACAD_REACTORS
330
2A
102
}
330
2A
100
AcDbProxyObject
 90
      499
 91
      501
 93
      452
310
43115919D950DBDB1BDC93D999916409028333333333333E33F0000000000000F9010790141107004050150841D405064090741402480A0350
1001
ACAD
1000
AcDbSavedByObjectVersion
1070
     0
  0
ACAD_PROXY_OBJECT
  5
39
102
{ACAD_REACTORS
330
2A
102
}
330
2A
100
AcDbProxyObject
 90
      499
 91
      501
 93
      444
310
42D19858D95C185D1D195C9B90F409028333333333333E33F0000000000000F9010790141107004050150841D405064090741402480A0350
1001
ACAD
1000
AcDbSavedByObjectVersion
1070
     0
  0
ACAD_PROXY_OBJECT
  5
2B
102
{ACAD_REACTORS
330
2A
102
}
330
2A
100
AcDbProxyObject
 90
      499
 91
      501
 93
      380
310
41119B185D240901404333333333333E33F0000000000000F9010740A907004050150841D405064090741402480A1B50
1001
ACAD
1000
AcDbSavedByObjectVersion
1070
     0
  0
ACAD_PROXY_OBJECT
  5
2C
102
{ACAD_REACTORS
330
2A
102
}
330
2A
100
AcDbProxyObject
 90
      499
 91
      501
 93
      468
310
43519B185D15DA5D1A115919D95CD0140901404333333333333E33F0000000000000F90107409019070040501600405405064090741402480A1B50
1001
ACAD
1000
AcDbSavedByObjectVersion
1070
     0
  0
ACAD_PROXY_OBJECT
  5
2D
102
{ACAD_REACTORS
330
2A
102
}
330
2A
100
AcDbProxyObject
 90
      499
 91
      501
 93
      404
310
41D1DBDD5C985D5910240902404333333333333E33F0000000000000F9010740A9070040501641D405064090741402480A1B50
1001
ACAD
1000
AcDbSavedByObjectVersion
1070
     0
  0
ACAD_PROXY_OBJECT
  5
2E
102
{ACAD_REACTORS
330
2A
102
}
330
2A
100
AcDbProxyObject
 90
      499
 91
      501
 93
      492
310
4411DBDD5C985D5915DA5D1A115919D95CD0340902404333333333333E33F0000000000000F90107409019070040501600405405064090741402480A1B50
1001
ACAD
1000
AcDbSavedByObjectVersion
1070
     0
  0
ACAD_PROXY_OBJECT
  5
31
102
{ACAD_REACTORS
330
2A
102
}
330
2A
100
AcDbProxyObject
 90
      499
 91
      501
 93
      476
310
41921A5919195B90640502408333333333333E33F0000000000000F901079024090700405020000000000001110200405405064090740C02480A0340
1001
ACAD
1000
AcDbSavedByObjectVersion
1070
     0
  0
ACAD_PROXY_OBJECT
  5
3B
102
{ACAD_REACTORS
330
2A
102
}
330
2A
100
AcDbProxyObject
 90
      499
 91
      501
 93
      428
310
42529A5D1D195C93D999914409028333333333333E33F0000000000000F9010790141107004050150A41D405064090741402480A0350
1001
ACAD
1000
AcDbSavedByObjectVersion
1070
     0
  0
ACAD_PROXY_OBJECT
  5
38
102
{ACAD_REACTORS
330
2A
102
}
330
2A
100
AcDbProxyObject
 90
      499
 91
      501
 93
      444
310
42D31A5B995C185D1D195C9B90E409028333333333333E33F0000000000000F9010790141107004050750841D405064090741402483A0350
1001
ACAD
1000
AcDbSavedByObjectVersion
1070
     0
  0
ACAD_PROXY_OBJECT
  5
3C
102
{ACAD_REACTORS
330
2A
102
}
330
2A
100
AcDbProxyObject
 90
      499
 91
      501
 93
      444
310
42D3DD995C9A185B99D3D999915409028333333333333E33F0000000000000F9010790141107004050150941D405064090741402480A0350
1001
ACAD
1000
AcDbSavedByObjectVersion
1070
     0
  0
ACAD_PROXY_OBJECT
  5
33
102
{ACAD_REACTORS
330
2A
102
}
330
2A
100
AcDbProxyObject
 90
      499
 91
      501
 93
      428
310
425499585B1A5CDD1A58D08409038333333333333E33F0000000000000F9010740A907004050150800405405064090740C02480A1B40
1001
ACAD
1000
AcDbSavedByObjectVersion
1070
     0
  0
ACAD_PROXY_OBJECT
  5
42
102
{ACAD_REACTORS
330
2A
102
}
330
2A
100
AcDbProxyObject
 90
      499
 91
      501
 93
      420
310
4194DA1859195911B40902404333333333333E33F0000000000000F9010740A41107004050150800405405064090840C02480A0B40
1001
ACAD
1000
AcDbSavedByObjectVersion
1070
     0
  0
ACAD_PROXY_OBJECT
  5
41
102
{ACAD_REACTORS
330
2A
102
}
330
2A
100
AcDbProxyObject
 90
      499
 91
      501
 93
      516
310
4454DA18591959081DDA5D1A08195919D95CD1A40902404333333333333E33F0000000000000F901074090142907004050250800405405064090740C02480A0B40
1001
ACAD
1000
AcDbSavedByObjectVersion
1070
     0
  0
ACAD_PROXY_OBJECT
  5
3E
102
{ACAD_REACTORS
330
2A
102
}
330
2A
100
AcDbProxyObject
 90
      499
 91
      501
 93
      532
310
4394DA1859195CC81BD98811DC985E5174090240C333333333333E33F0000000000000F901079024090741D01000000000000111010841D405064090740C02480A0340
1001
ACAD
1000
AcDbSavedByObjectVersion
1070
     0
  0
ACAD_PROXY_OBJECT
  5
3F
102
{ACAD_REACTORS
330
2A
102
}
330
2A
100
AcDbProxyObject
 90
      499
 91
      501
 93
      476
310
41D4DAD95D18DA1E51840502408333333333333E33F0000000000000F901079024090741D01000000000000111010B41D405064090741802480A0340
1001
ACAD
1000
AcDbSavedByObjectVersion
1070
     0
  0
ACAD_PROXY_OBJECT
  5
37
102
{ACAD_REACTORS
330
2A
102
}
330
2A
100
AcDbProxyObject
 90
      499
 91
      501
 93
      412
310
41D51A1A58DAD95B90D409028333333333333E33F0000000000000F9010790141107004050150C41D405064090741402480A0350
1001
ACAD
1000
AcDbSavedByObjectVersion
1070
     0
  0
ACAD_PROXY_OBJECT
  5
30
102
{ACAD_REACTORS
330
2A
102
}
330
2A
100
AcDbProxyObject
 90
      499
 91
      501
 93
      420
310
4255DA5C99599C985B595059028333333333333E33F0000000000000F90107901411070040501600405405064090740C02480A0340
1001
ACAD
1000
AcDbSavedByObjectVersion
1070
     0
  0
ACAD_PROXY_OBJECT
  5
40
102
{ACAD_REACTORS
330
2A
102
}
330
2A
100
AcDbProxyObject
 90
      499
 91
      501
 93
      404
310
41560B54985E51940902404000000000000E03F0000000000000F9010740501907004050150841D405064090740C02480A1B40
1001
ACAD
1000
AcDbSavedByObjectVersion
1070
     0
  0
XRECORD
  5
100002A1
102
{ACAD_REACTORS
330
10000297
102
}
330
10000297
100
AcDbXrecord
340
0
  0
XRECORD
  5
100002A0
102
{ACAD_REACTORS
330
10000297
102
}
330
10000297
100
AcDbXrecord
 90
        0
  0
XRECORD
  5
100002B7
102
{ACAD_REACTORS
330
10000297
102
}
330
10000297
100
AcDbXrecord
1000
DSTYLE
1002
{
1070
   340
340
11
1002
}
  0
XRECORD
  5
100002A2
102
{ACAD_REACTORS
330
10000297
102
}
330
10000297
100
AcDbXrecord
  1
{7377b2e3-b675-7764-b537-707337753576}
  0
XRECORD
  5
1000029A
102
{ACAD_REACTORS
330
10000297
102
}
330
10000297
100
AcDbXrecord
  1

  0
XRECORD
  5
1000029F
102
{ACAD_REACTORS
330
10000297
102
}
330
10000297
100
AcDbXrecord
 90
        4
  0
XRECORD
  5
1000029C
102
{ACAD_REACTORS
330
10000297
102
}
330
10000297
100
AcDbXrecord
340
1A
  0
XRECORD
  5
1000029E
102
{ACAD_REACTORS
330
10000297
102
}
330
10000297
100
AcDbXrecord
 90
    10781
  0
XRECORD
  5
1000029D
102
{ACAD_REACTORS
330
10000297
102
}
330
10000297
100
AcDbXrecord
340
19
  0
XRECORD
  5
100002A4
102
{ACAD_REACTORS
330
10000297
102
}
330
10000297
100
AcDbXrecord
 40
0.0
  0
XRECORD
  5
100002A7
102
{ACAD_REACTORS
330
10000297
102
}
330
10000297
100
AcDbXrecord
340
0
  0
XRECORD
  5
100002AD
102
{ACAD_REACTORS
330
10000297
102
}
330
10000297
100
AcDbXrecord
 10
0.0
 20
0.0
 30
0.0
  0
XRECORD
  5
100002A9
102
{ACAD_REACTORS
330
10000297
102
}
330
10000297
100
AcDbXrecord
 10
0.0
 20
0.0
 30
0.0
  0
XRECORD
  5
100002AC
102
{ACAD_REACTORS
330
10000297
102
}
330
10000297
100
AcDbXrecord
 10
0.0
 20
0.0
 30
0.0
  0
XRECORD
  5
100002AA
102
{ACAD_REACTORS
330
10000297
102
}
330
10000297
100
AcDbXrecord
 10
0.0
 20
0.0
 30
0.0
  0
XRECORD
  5
100002AB
102
{ACAD_REACTORS
330
10000297
102
}
330
10000297
100
AcDbXrecord
 10
0.0
 20
0.0
 30
0.0
  0
XRECORD
  5
100002A8
102
{ACAD_REACTORS
330
10000297
102
}
330
10000297
100
AcDbXrecord
 10
0.0
 20
0.0
 30
0.0
  0
XRECORD
  5
100002A5
102
{ACAD_REACTORS
330
10000297
102
}
330
10000297
100
AcDbXrecord
340
0
  0
XRECORD
  5
100002A6
102
{ACAD_REACTORS
330
10000297
102
}
330
10000297
100
AcDbXrecord
 70
     0
  0
XRECORD
  5
1000029B
102
{ACAD_REACTORS
330
10000297
102
}
330
10000297
100
AcDbXrecord
  1

  0
XRECORD
  5
10000298
102
{ACAD_REACTORS
330
10000297
102
}
330
10000297
100
AcDbXrecord
 90
        1
  0
XRECORD
  5
10000299
102
{ACAD_REACTORS
330
10000297
102
}
330
10000297
100
AcDbXrecord
 90
       70
  0
XRECORD
  5
100002B0
102
{ACAD_REACTORS
330
10000297
102
}
330
10000297
100
AcDbXrecord
340
0
  0
XRECORD
  5
100002B6
102
{ACAD_REACTORS
330
10000297
102
}
330
10000297
100
AcDbXrecord
 10
0.0
 20
0.0
 30
0.0
  0
XRECORD
  5
100002B2
102
{ACAD_REACTORS
330
10000297
102
}
330
10000297
100
AcDbXrecord
 10
0.0
 20
0.0
 30
0.0
  0
XRECORD
  5
100002B5
102
{ACAD_REACTORS
330
10000297
102
}
330
10000297
100
AcDbXrecord
 10
0.0
 20
0.0
 30
0.0
  0
XRECORD
  5
100002B3
102
{ACAD_REACTORS
330
10000297
102
}
330
10000297
100
AcDbXrecord
 10
0.0
 20
0.0
 30
0.0
  0
XRECORD
  5
100002B4
102
{ACAD_REACTORS
330
10000297
102
}
330
10000297
100
AcDbXrecord
 10
0.0
 20
0.0
 30
0.0
  0
XRECORD
  5
100002B1
102
{ACAD_REACTORS
330
10000297
102
}
330
10000297
100
AcDbXrecord
 10
0.0
 20
0.0
 30
0.0
  0
XRECORD
  5
100002AE
102
{ACAD_REACTORS
330
10000297
102
}
330
10000297
100
AcDbXrecord
340
0
  0
XRECORD
  5
100002AF
102
{ACAD_REACTORS
330
10000297
102
}
330
10000297
100
AcDbXrecord
 70
     0
  0
XRECORD
  5
100002A3
102
{ACAD_REACTORS
330
10000297
102
}
330
10000297
100
AcDbXrecord
  1
{FAEB1C32-E019-11D5-929B-00C0DF256EC4}
  0
DICTIONARYVAR
  5
100002C6
102
{ACAD_REACTORS
330
100002B8
102
}
330
100002B8
100
DictionaryVariables
280
     0
  1
1:1
  0
DICTIONARYVAR
  5
100002BF
102
{ACAD_REACTORS
330
100002B8
102
}
330
100002B8
100
DictionaryVariables
280
     0
  1
3.500000
  0
DICTIONARYVAR
  5
100002C0
102
{ACAD_REACTORS
330
100002B8
102
}
330
100002B8
100
DictionaryVariables
280
     0
  1
acadiso.lin
  0
DICTIONARYVAR
  5
100002BA
102
{ACAD_REACTORS
330
100002B8
102
}
330
100002B8
100
DictionaryVariables
280
     0
  1
Standard
  0
DICTIONARYVAR
  5
100002B9
102
{ACAD_REACTORS
330
100002B8
102
}
330
100002B8
100
DictionaryVariables
280
     0
  1
Standard
  0
DICTIONARYVAR
  5
100002C1
102
{ACAD_REACTORS
330
100002B8
102
}
330
100002B8
100
DictionaryVariables
280
     0
  1
2
  0
DICTIONARYVAR
  5
100002C2
102
{ACAD_REACTORS
330
100002B8
102
}
330
100002B8
100
DictionaryVariables
280
     0
  1
1
  0
DICTIONARYVAR
  5
100002C7
102
{ACAD_REACTORS
330
100002B8
102
}
330
100002B8
100
DictionaryVariables
280
     0
  1
1
  0
DICTIONARYVAR
  5
100002BC
102
{ACAD_REACTORS
330
100002B8
102
}
330
100002B8
100
DictionaryVariables
280
     0
  1
80.000000
  0
DICTIONARYVAR
  5
100002BB
102
{ACAD_REACTORS
330
100002B8
102
}
330
100002B8
100
DictionaryVariables
280
     0
  1
5.000000
  0
XRECORD
  5
10000003
102
{ACAD_REACTORS
330
10000001
102
}
330
10000001
100
AcDbXrecord
 70
     4
  0
XRECORD
  5
10000002
102
{ACAD_REACTORS
330
10000001
102
}
330
10000001
100
AcDbXrecord
1040
89.0
  0
ACAD_PROXY_OBJECT
  5
10000005
102
{ACAD_REACTORS
330
10000001
102
}
330
10000001
100
AcDbProxyObject
 90
      499
 91
      509
 93
       34
310
40C8804040
  0
DICTIONARY
  5
100002CA
330
45
100
AcDbDictionary
280
     1
  3
ACAD_XREC_ROUNDTRIP
360
100002CB
  0
DICTIONARY
  5
100002C8
330
44
100
AcDbDictionary
280
     1
  3
ACAD_XREC_ROUNDTRIP
360
100002C9
  0
DICTIONARY
  5
100002CC
330
46
100
AcDbDictionary
280
     1
  3
ACAD_XREC_ROUNDTRIP
360
100002CD
  0
XRECORD
  5
100002CB
102
{ACAD_REACTORS
330
100002CA
102
}
330
100002CA
100
AcDbXrecord
102
MATERIAL
148
0.0
149
0.0
149
0.0
 93
        0
 94
      127
282
     0
 72
     1
 77
     1
171
     1
175
     1
179
     1
273
     0
  0
XRECORD
  5
100002C9
102
{ACAD_REACTORS
330
100002C8
102
}
330
100002C8
100
AcDbXrecord
102
MATERIAL
148
0.0
149
0.0
149
0.0
 93
        0
 94
      127
282
     0
 72
     1
 77
     1
171
     1
175
     1
179
     1
273
     0
  0
XRECORD
  5
100002CD
102
{ACAD_REACTORS
330
100002CC
102
}
330
100002CC
100
AcDbXrecord
102
MATERIAL
148
0.0
149
0.0
149
0.0
 93
        0
 94
      127
282
     0
 72
     1
 77
     1
171
     1
175
     1
179
     1
273
     0
  0
ENDSEC
  0
EOF
